	GO:0006412	GO:0042775	GO:0042254	GO:0006364	GO:0016072	GO:0030182	GO:0007005	GO:0007411	GO:0006457	GO:0051604	GO:0098609	GO:0048193	GO:0033108	GO:0009888	GO:0120039	GO:0015031	GO:0140053	GO:0000902	GO:0042255	GO:0016226	GO:0048513	GO:0017004	GO:0061061	GO:0016477	GO:0042692	GO:0022618	GO:0009201	GO:0070585	GO:0000226	GO:0034329	GO:0034330	GO:0071826	GO:0048284	GO:1902600	GO:0030163	GO:0045116	GO:0030198	GO:0030239	GO:0007017	GO:0071526	GO:0006839	GO:0006936	GO:0030036	GO:0043632	GO:1903320	GO:0031589	GO:0051438	GO:0000387	GO:0032259	GO:0030029	GO:0043087	GO:0006906	GO:0000422	GO:0001708	GO:0042552	GO:0046395	GO:0006082	GO:0019395	GO:0090407	GO:0050804	GO:0097435	GO:0043414	GO:0070588	GO:0044282	GO:0061025	GO:0007034	GO:0072521	GO:0048646	GO:0002822	GO:0006790	GO:0071025	GO:0006805	GO:0009410	GO:0120035	GO:0016050	GO:0097553	GO:0000413	GO:0000278	GO:0170036	GO:0050793	GO:0046503	GO:0051493	GO:0043603	GO:0018158	GO:0051402	GO:0006749	GO:0045103	GO:0045104	GO:0051051	GO:0051247	GO:0001755	GO:0048864	GO:0055074	GO:0007030	GO:0040007	GO:0035249	GO:0007417	GO:0022402	GO:0030855	GO:0006874	GO:1901137	GO:0006937	GO:0045197	GO:0070509	GO:0048640	GO:0030155	GO:0006406	GO:0003007	GO:0009952	GO:0051084	GO:0051056	GO:0048878	GO:0048589	GO:0045595	GO:0000054	GO:0033750	GO:0009395	GO:0006979	GO:0040011	GO:0010212	GO:0033627	GO:0009615	GO:0006913	GO:0050905	GO:0045926	GO:0050684	GO:0019752	GO:0048667	GO:0009891	GO:0010557	GO:0099536	GO:0006399	GO:0006888	GO:0098742	GO:0006816	GO:0007169	GO:0002684	GO:0006643	GO:2000026	GO:0006376	GO:1902414	GO:0046883	GO:0060070	GO:0002478	GO:0002696	GO:0006955	GO:0002503	GO:0002381	GO:0006486	GO:0043413	GO:0070085	GO:0009083	GO:0010629	GO:0050877	GO:0006091	GO:0009141	GO:0036465	GO:0099054	GO:0002449	GO:0050870	GO:1903039	GO:0050801	GO:0098657	GO:0010558	GO:0044283	GO:0098659	GO:0006576	GO:0009308	GO:0099072	GO:0009914	GO:0009890	GO:0007610	GO:0050778	GO:0046034	GO:0098739	GO:0002377	GO:0009896	GO:0002791	GO:0015701	GO:0008286	GO:1903540	GO:0045165	GO:0060632	GO:0030334	GO:0046777	GO:0099565	GO:0141193	GO:0061640	GO:0032411	GO:0032414	GO:0051453	GO:0050767	GO:0031647	GO:0035967	GO:0010766	GO:0010608	GO:0042886	GO:0098962	GO:0035966	GO:0035329	GO:0031396	GO:0046479	GO:0007218	GO:0008637	GO:0034982	GO:0051048	GO:0048791	GO:0002062	GO:0006066	GO:0040013
GO:0006412	1	0.104	0.056	0.253	0.242	0.059	0.056	0.043	0.116	0.448	0.085	0.082	0.041	0.036	0.044	0.023	0.267	0.035	0.042	0.143	0.033	0.04	0.036	0.069	0.062	0.046	0.271	0.045	0.078	0.052	0.069	0.056	0.056	0.043	0.334	0.367	0.054	0.037	0.116	0.06	0.028	0.028	0.078	0.257	0.336	0.085	0.023	0.211	0.116	0.116	0.023	0.065	0.116	0.079	0.064	0.145	0.253	0.174	0.293	0.048	0.069	0.321	0.04	0.084	0.056	0.104	0.322	0.044	0.02	0.206	0.251	0.175	0.036	0.049	0.056	0.038	0.367	0.088	0	0.044	0.175	0.049	0.357	0.431	0.064	0.393	0.116	0.078	0.038	0.293	0.037	0.06	0.014	0.054	0.065	0.038	0.026	0.11	0.061	0.033	0.238	0.02	0.056	0.015	0.027	0.077	0.178	0.024	0.027	0.069	0.044	0.028	0.045	0.072	0.037	0.062	0.161	0.036	0.065	0.028	0.085	0.033	0.052	0.028	0.041	0.25	0.173	0.044	0.134	0.271	0.073	0.242	0.058	0.067	0.017	0.051	0.041	0.238	0.029	0.205	0.028	0.046	0.045	0.027	0.055	0.045	0.035	0.169	0.562	0.186	0.116	0.209	0.223	0.036	0.206	0.216	0.057	0.042	0.028	0.032	0.044	0.023	0.028	0.271	0.154	0.044	0.282	0.242	0.036	0.026	0.134	0.065	0.027	0.116	0.082	0.229	0.073	0.017	0.015	0.033	0.037	0.081	0.055	0.048	0.37	0.044	0	0.065	0.027	0.038	0.033	0.038	0.036	0.055	0.022	0.214	0.023	0.033	0.033	0.06	0.307	0.177	0.06	0.05	0.514	0.028	0.036	0.054	0.135	0.041
GO:0042775	0.104	1	0.085	0.095	0.117	0.082	0.085	0.053	0.19	0.09	0.132	0.124	0.056	0.061	0.059	0.033	0.093	0.058	0.057	0.201	0.051	0.056	0.061	0.102	0.09	0.063	0.139	0.064	0.115	0.074	0.106	0.085	0.085	0.06	0.079	0.113	0.078	0.044	0.19	0.086	0.047	0.047	0.115	0.16	0.106	0.132	0.038	0.079	0.199	0.19	0.038	0.088	0.155	0.116	0.094	0.142	0.276	0.146	0.242	0.063	0.106	0.217	0.054	0.137	0.085	0.159	0.175	0.071	0.03	0.32	0.1	0.247	0.061	0.068	0.085	0.047	0.113	0.139	0	0.071	0.148	0.068	0.236	0.133	0.094	0.18	0.19	0.115	0.057	0.064	0.046	0.086	0.022	0.078	0.115	0.054	0.04	0.174	0.087	0.042	0.101	0.031	0.085	0.025	0.039	0.112	0.063	0.036	0.043	0.106	0.059	0.047	0.075	0.101	0.044	0.09	0.21	0.061	0.115	0.047	0.132	0.052	0.075	0.047	0.064	0.093	0.186	0.058	0.109	0.068	0.111	0.117	0.08	0.102	0.028	0.073	0.064	0.22	0.044	0.08	0.047	0.056	0.061	0.044	0.072	0.075	0.045	0.062	0.103	0.125	0.199	0.131	0.08	0.061	0.471	0.228	0.079	0.054	0.047	0.038	0.058	0.038	0.047	0.068	0.137	0.059	0.173	0.109	0.061	0.04	0.109	0.115	0.039	0.365	0.124	0.095	0.109	0.023	0.025	0.041	0.048	0.122	0.074	0.064	0.266	0.057	0	0.097	0.04	0.046	0.044	0.047	0.061	0.075	0.031	0.079	0.038	0.039	0.053	0.086	0.093	0.087	0.086	0.07	0.138	0.042	0.043	0.073	0.13	0.064
GO:0042254	0.056	0.085	1	0.465	0.077	0.12	0.255	0.099	0.311	0.051	0.208	0.19	0.247	0.093	0.157	0.043	0.057	0.086	0.623	0.295	0.073	0.277	0.093	0.153	0.137	0.434	0.049	0.103	0.252	0.351	0.319	0.255	0.255	0.093	0.042	0.075	0.228	0.154	0.311	0.128	0.071	0.071	0.252	0.098	0.061	0.208	0.057	0.259	0.128	0.311	0.057	0.176	0.152	0.173	0.144	0.083	0.169	0.086	0.111	0.089	0.319	0.128	0.08	0.083	0.255	0.24	0.101	0.104	0.04	0.208	0.057	0.145	0.093	0.174	0.255	0.063	0.075	0.227	0	0.104	0.088	0.174	0.151	0.083	0.144	0.105	0.311	0.252	0.076	0.032	0.064	0.128	0.031	0.228	0.187	0.091	0.056	0.274	0.131	0.062	0.059	0.043	0.139	0.037	0.051	0.166	0.048	0.048	0.063	0.173	0.084	0.071	0.113	0.143	0.331	0.137	0.07	0.093	0.187	0.071	0.208	0.074	0.116	0.071	0.089	0.053	0.12	0.083	0.061	0.035	0.173	0.077	0.116	0.164	0.041	0.112	0.089	0.137	0.059	0.273	0.071	0.072	0.093	0.064	0.097	0.113	0.176	0.043	0.056	0.073	0.128	0.075	0.043	0.093	0.208	0.077	0.113	0.231	0.071	0.05	0.082	0.057	0.071	0.035	0.083	0.084	0.108	0.066	0.093	0.056	0.061	0.187	0.051	0.128	0.19	0.076	0.061	0.029	0.037	0.056	0.069	0.186	0.104	0.09	0.069	0.078	0	0.151	0.051	0.06	0.069	0.063	0.093	0.107	0.04	0.046	0.057	0.052	0.077	0.128	0.055	0.05	0.128	0.183	0.08	0.055	0.057	0.103	0.077	0.089
GO:0006364	0.253	0.095	0.465	1	0.651	0.066	0.119	0.062	0.148	0.319	0.103	0.098	0.126	0.045	0.083	0.025	0.272	0.043	0.319	0.235	0.039	0.128	0.045	0.081	0.072	0.239	0.197	0.049	0.132	0.177	0.151	0.119	0.119	0.046	0.214	0.15	0.111	0.099	0.148	0.069	0.034	0.034	0.132	0.186	0.148	0.103	0.027	0.43	0.143	0.148	0.027	0.105	0.139	0.093	0.074	0.135	0.276	0.156	0.18	0.052	0.151	0.253	0.042	0.097	0.119	0.128	0.435	0.054	0.022	0.232	0.35	0.187	0.045	0.091	0.119	0.039	0.15	0.108	0	0.054	0.158	0.091	0.288	0.196	0.074	0.23	0.148	0.132	0.045	0.185	0.038	0.069	0.014	0.111	0.086	0.04	0.03	0.138	0.07	0.033	0.125	0.023	0.065	0.016	0.031	0.09	0.161	0.027	0.032	0.082	0.048	0.034	0.057	0.083	0.21	0.072	0.143	0.045	0.086	0.034	0.103	0.039	0.058	0.034	0.05	0.401	0.17	0.047	0.08	0.124	0.087	0.514	0.065	0.08	0.018	0.057	0.05	0.237	0.034	0.412	0.034	0.048	0.048	0.032	0.06	0.057	0.094	0.147	0.161	0.194	0.143	0.153	0.215	0.045	0.232	0.3	0.064	0.135	0.034	0.031	0.047	0.027	0.034	0.124	0.097	0.048	0.235	0.185	0.045	0.03	0.08	0.086	0.031	0.143	0.098	0.222	0.08	0.017	0.016	0.033	0.038	0.097	0.06	0.052	0.157	0.047	0	0.076	0.031	0.039	0.033	0.039	0.045	0.061	0.024	0.202	0.027	0.033	0.04	0.069	0.127	0.116	0.069	0.094	0.262	0.032	0.036	0.06	0.15	0.05
GO:0016072	0.242	0.117	0.077	0.651	1	0.076	0.077	0.047	0.201	0.325	0.132	0.122	0.046	0.06	0.05	0.029	0.247	0.056	0.047	0.186	0.049	0.044	0.06	0.097	0.085	0.054	0.265	0.054	0.113	0.066	0.102	0.077	0.077	0.05	0.28	0.206	0.07	0.037	0.201	0.08	0.044	0.044	0.113	0.239	0.186	0.132	0.033	0.317	0.207	0.201	0.033	0.084	0.136	0.114	0.088	0.167	0.367	0.199	0.232	0.056	0.102	0.326	0.044	0.133	0.077	0.164	0.573	0.072	0.025	0.32	0.472	0.238	0.06	0.059	0.077	0.039	0.206	0.141	0	0.072	0.202	0.059	0.404	0.26	0.088	0.298	0.201	0.113	0.056	0.23	0.038	0.08	0.016	0.07	0.125	0.042	0.036	0.182	0.081	0.032	0.17	0.027	0.077	0.018	0.036	0.11	0.123	0.032	0.04	0.102	0.051	0.044	0.077	0.097	0.037	0.085	0.175	0.06	0.125	0.044	0.132	0.05	0.066	0.044	0.064	0.414	0.226	0.05	0.103	0.152	0.108	0.78	0.074	0.098	0.021	0.064	0.064	0.321	0.041	0.301	0.044	0.051	0.052	0.04	0.066	0.077	0.035	0.125	0.194	0.264	0.207	0.19	0.182	0.06	0.32	0.412	0.072	0.046	0.044	0.03	0.05	0.033	0.044	0.152	0.133	0.051	0.319	0.263	0.06	0.036	0.103	0.125	0.036	0.207	0.122	0.205	0.103	0.019	0.018	0.032	0.039	0.121	0.067	0.056	0.206	0.05	0	0.092	0.037	0.039	0.032	0.04	0.06	0.069	0.027	0.178	0.033	0.032	0.051	0.08	0.159	0.142	0.08	0.062	0.277	0.039	0.036	0.066	0.205	0.064
GO:0030182	0.059	0.082	0.12	0.066	0.076	1	0.12	0.436	0.235	0.046	0.169	0.158	0.083	0.29	0.244	0.041	0.049	0.248	0.083	0.11	0.462	0.086	0.29	0.133	0.507	0.087	0.053	0.095	0.147	0.105	0.144	0.12	0.12	0.088	0.04	0.074	0.11	0.218	0.235	0.115	0.059	0.116	0.147	0.092	0.063	0.169	0.049	0.057	0.097	0.235	0.049	0.111	0.095	0.484	0.399	0.081	0.145	0.083	0.102	0.086	0.144	0.116	0.079	0.068	0.12	0.196	0.095	0.279	0.038	0.169	0.06	0.129	0.074	0.095	0.12	0.064	0.074	0.18	0	0.203	0.085	0.095	0.13	0.08	0.125	0.098	0.235	0.147	0.066	0.032	0.306	0.462	0.031	0.11	0.133	0.086	0.511	0.215	0.475	0.064	0.052	0.075	0.12	0.035	0.113	0.143	0.052	0.271	0.267	0.144	0.082	0.059	0.215	0.417	0.059	0.121	0.071	0.074	0.133	0.059	0.169	0.063	0.105	0.116	0.075	0.057	0.108	0.696	0.054	0.034	0.146	0.076	0.106	0.138	0.038	0.102	0.075	0.121	0.32	0.06	0.059	0.072	0.088	0.054	0.093	0.089	0.067	0.041	0.058	0.062	0.097	0.075	0.04	0.151	0.169	0.076	0.104	0.306	0.059	0.053	0.08	0.049	0.059	0.034	0.068	0.082	0.1	0.056	0.074	0.05	0.054	0.133	0.047	0.097	0.158	0.064	0.054	0.029	0.035	0.059	0.07	0.534	0.098	0.087	0.07	0.111	0	0.13	0.047	0.061	0.07	0.588	0.074	0.1	0.038	0.042	0.049	0.077	0.064	0.115	0.058	0.053	0.115	0.099	0.079	0.05	0.06	0.499	0.064	0.075
GO:0007005	0.056	0.085	0.255	0.119	0.077	0.12	1	0.142	0.311	0.051	0.208	0.19	0.616	0.093	0.256	0.043	0.057	0.086	0.411	0.295	0.073	0.277	0.093	0.153	0.137	0.261	0.049	0.103	0.531	0.351	0.527	0.422	0.66	0.093	0.042	0.075	0.377	0.239	0.311	0.128	0.071	0.071	0.531	0.098	0.061	0.208	0.057	0.157	0.128	0.311	0.057	0.372	0.481	0.173	0.144	0.083	0.169	0.086	0.111	0.089	0.527	0.128	0.08	0.083	0.422	0.24	0.101	0.104	0.04	0.208	0.057	0.145	0.093	0.277	0.66	0.063	0.075	0.227	0	0.104	0.088	0.424	0.151	0.083	0.144	0.105	0.311	0.531	0.076	0.032	0.064	0.128	0.031	0.59	0.187	0.091	0.056	0.274	0.131	0.062	0.059	0.043	0.139	0.037	0.051	0.166	0.048	0.048	0.063	0.173	0.084	0.071	0.113	0.143	0.094	0.137	0.07	0.093	0.187	0.071	0.208	0.074	0.116	0.071	0.089	0.053	0.12	0.083	0.061	0.035	0.173	0.077	0.116	0.164	0.041	0.112	0.089	0.137	0.059	0.166	0.071	0.072	0.093	0.064	0.097	0.113	0.176	0.043	0.056	0.073	0.128	0.075	0.043	0.093	0.208	0.077	0.113	0.231	0.071	0.05	0.082	0.057	0.071	0.035	0.083	0.084	0.108	0.066	0.093	0.056	0.061	0.187	0.051	0.128	0.19	0.076	0.061	0.029	0.037	0.056	0.069	0.186	0.104	0.09	0.069	0.078	0	0.151	0.051	0.06	0.069	0.063	0.093	0.107	0.04	0.046	0.057	0.052	0.077	0.128	0.055	0.05	0.128	0.669	0.08	0.055	0.057	0.103	0.077	0.089
GO:0007411	0.043	0.053	0.099	0.062	0.047	0.436	0.142	1	0.131	0.029	0.099	0.095	0.1	0.148	0.485	0.027	0.029	0.275	0.101	0.118	0.241	0.092	0.148	0.192	0.243	0.108	0.037	0.057	0.14	0.131	0.181	0.142	0.142	0.055	0.027	0.046	0.135	0.232	0.131	0.102	0.034	0.06	0.14	0.059	0.044	0.099	0.029	0.073	0.054	0.131	0.029	0.117	0.097	0.228	0.184	0.054	0.09	0.055	0.065	0.058	0.181	0.075	0.051	0.04	0.142	0.118	0.064	0.209	0.053	0.099	0.042	0.152	0.17	0.205	0.142	0.046	0.046	0.102	0	0.105	0.056	0.108	0.078	0.052	0.076	0.065	0.131	0.14	0.043	0.023	0.23	0.281	0.019	0.135	0.072	0.051	0.258	0.125	0.229	0.043	0.031	0.042	0.069	0.02	0.064	0.089	0.039	0.177	0.13	0.083	0.081	0.034	0.109	0.208	0.058	0.074	0.05	0.095	0.167	0.075	0.099	0.108	0.064	0.06	0.046	0.04	0.065	0.584	0.035	0.024	0.086	0.047	0.069	0.081	0.022	0.089	0.046	0.075	0.182	0.076	0.034	0.054	0.078	0.032	0.064	0.117	0.071	0.047	0.043	0.038	0.054	0.051	0.027	0.079	0.099	0.051	0.068	0.218	0.034	0.039	0.054	0.029	0.034	0.024	0.04	0.055	0.062	0.033	0.042	0.031	0.035	0.072	0.071	0.054	0.095	0.039	0.035	0.02	0.02	0.081	0.047	0.249	0.12	0.136	0.045	0.093	0	0.078	0.032	0.046	0.044	0.332	0.042	0.138	0.026	0.026	0.029	0.07	0.142	0.102	0.04	0.038	0.102	0.11	0.053	0.033	0.044	0.251	0.039	0.106
GO:0006457	0.116	0.19	0.311	0.148	0.201	0.235	0.311	0.131	1	0.1	0.388	0.349	0.2	0.176	0.199	0.084	0.128	0.16	0.203	0.239	0.133	0.235	0.176	0.294	0.273	0.195	0.124	0.246	0.311	0.253	0.357	0.311	0.311	0.221	0.082	0.203	0.274	0.112	0.543	0.254	0.147	0.147	0.311	0.21	0.139	0.388	0.128	0.123	0.224	0.543	0.128	0.211	0.194	0.316	0.29	0.176	0.306	0.183	0.231	0.181	0.357	0.241	0.187	0.154	0.311	0.403	0.195	0.176	0.086	0.388	0.129	0.259	0.176	0.219	0.311	0.13	0.203	0.428	0	0.176	0.187	0.219	0.306	0.193	0.288	0.203	0.543	0.311	0.123	0.061	0.14	0.254	0.083	0.274	0.306	0.245	0.112	0.469	0.259	0.153	0.119	0.093	0.311	0.102	0.089	0.3	0.104	0.094	0.128	0.657	0.178	0.147	0.193	0.255	0.112	0.273	0.148	0.176	0.306	0.147	0.388	0.136	0.254	0.147	0.148	0.126	0.264	0.176	0.108	0.067	0.338	0.201	0.227	0.334	0.107	0.244	0.148	0.274	0.105	0.13	0.147	0.129	0.21	0.129	0.178	0.193	0.154	0.084	0.115	0.133	0.224	0.158	0.083	0.176	0.388	0.171	0.221	0.16	0.147	0.107	0.174	0.128	0.147	0.067	0.154	0.178	0.235	0.134	0.176	0.112	0.108	0.306	0.089	0.224	0.349	0.14	0.108	0.061	0.102	0.127	0.158	0.342	0.202	0.184	0.172	0.157	0	0.306	0.09	0.118	0.186	0.132	0.176	0.208	0.076	0.1	0.128	0.113	0.141	0.254	0.135	0.117	0.254	0.231	0.17	0.097	0.119	0.199	0.141	0.148
GO:0051604	0.448	0.09	0.051	0.319	0.325	0.046	0.051	0.029	0.1	1	0.071	0.067	0.035	0.076	0.038	0.041	0.502	0.071	0.035	0.112	0.063	0.036	0.076	0.062	0.051	0.037	0.173	0.04	0.062	0.044	0.061	0.051	0.051	0.037	0.582	0.448	0.046	0.027	0.1	0.048	0.061	0.061	0.062	0.228	0.35	0.071	0.051	0.255	0.242	0.1	0.051	0.046	0.088	0.062	0.053	0.14	0.257	0.197	0.196	0.039	0.061	0.287	0.033	0.169	0.051	0.082	0.334	0.086	0.038	0.173	0.234	0.132	0.076	0.04	0.051	0.027	0.448	0.076	0	0.086	0.2	0.04	0.229	0.483	0.053	0.302	0.1	0.062	0.067	0.472	0.03	0.048	0.031	0.046	0.137	0.038	0.051	0.091	0.049	0.027	0.22	0.041	0.051	0.036	0.047	0.06	0.23	0.045	0.055	0.061	0.034	0.061	0.091	0.054	0.027	0.051	0.175	0.076	0.137	0.061	0.071	0.064	0.044	0.061	0.076	0.303	0.186	0.034	0.133	0.204	0.069	0.325	0.045	0.058	0.039	0.043	0.076	0.285	0.054	0.252	0.061	0.033	0.04	0.056	0.043	0.091	0.033	0.278	0.342	0.335	0.242	0.256	0.361	0.076	0.173	0.246	0.044	0.032	0.061	0.024	0.034	0.051	0.061	0.204	0.169	0.034	0.318	0.479	0.076	0.051	0.133	0.137	0.047	0.242	0.067	0.415	0.133	0.03	0.036	0.025	0.033	0.066	0.041	0.04	0.419	0.035	0	0.055	0.048	0.028	0.029	0.027	0.076	0.042	0.038	0.376	0.051	0.025	0.066	0.048	0.329	0.232	0.048	0.041	0.679	0.05	0.025	0.04	0.254	0.076
GO:0098609	0.085	0.132	0.208	0.103	0.132	0.169	0.208	0.099	0.388	0.071	1	0.251	0.136	0.123	0.137	0.062	0.086	0.113	0.138	0.172	0.097	0.153	0.123	0.21	0.193	0.137	0.085	0.164	0.227	0.173	0.244	0.208	0.208	0.149	0.06	0.132	0.186	0.083	0.388	0.181	0.101	0.101	0.227	0.147	0.098	0.669	0.086	0.087	0.16	0.388	0.086	0.16	0.142	0.23	0.204	0.125	0.224	0.13	0.163	0.131	0.244	0.176	0.128	0.11	0.208	0.3	0.143	0.13	0.06	0.276	0.091	0.193	0.123	0.152	0.208	0.095	0.132	0.3	0	0.13	0.132	0.152	0.214	0.132	0.203	0.148	0.388	0.227	0.095	0.046	0.1	0.181	0.054	0.186	0.221	0.157	0.08	0.342	0.185	0.104	0.083	0.065	0.208	0.064	0.067	0.534	0.075	0.068	0.089	0.244	0.127	0.101	0.141	0.19	0.083	0.193	0.106	0.123	0.221	0.101	0.669	0.098	0.174	0.101	0.112	0.088	0.18	0.125	0.081	0.049	0.238	0.132	0.164	0.837	0.069	0.168	0.112	0.194	0.078	0.092	0.101	0.099	0.144	0.09	0.134	0.141	0.106	0.062	0.084	0.097	0.16	0.113	0.061	0.123	0.276	0.12	0.16	0.115	0.101	0.273	0.449	0.086	0.101	0.049	0.11	0.127	0.163	0.093	0.123	0.08	0.081	0.221	0.067	0.16	0.251	0.101	0.081	0.044	0.064	0.09	0.11	0.247	0.148	0.132	0.116	0.115	0	0.214	0.068	0.088	0.122	0.096	0.123	0.151	0.056	0.069	0.086	0.082	0.102	0.181	0.093	0.082	0.181	0.16	0.121	0.073	0.087	0.145	0.102	0.112
GO:0048193	0.082	0.124	0.19	0.098	0.122	0.158	0.19	0.095	0.349	0.067	0.251	1	0.127	0.112	0.128	0.271	0.078	0.103	0.129	0.16	0.089	0.141	0.112	0.269	0.179	0.129	0.081	0.206	0.211	0.16	0.222	0.19	0.19	0.316	0.057	0.122	0.171	0.08	0.349	0.169	0.5	0.091	0.211	0.137	0.093	0.251	0.078	0.083	0.144	0.349	0.078	0.473	0.134	0.213	0.188	0.118	0.207	0.122	0.152	0.123	0.222	0.165	0.275	0.1	0.19	0.632	0.135	0.119	0.056	0.251	0.087	0.18	0.112	0.142	0.19	0.22	0.122	0.271	0	0.119	0.124	0.142	0.196	0.123	0.187	0.14	0.349	0.211	0.368	0.044	0.128	0.169	0.05	0.171	0.197	0.144	0.074	0.311	0.172	0.099	0.077	0.06	0.19	0.271	0.064	0.204	0.172	0.064	0.082	0.222	0.12	0.091	0.128	0.178	0.204	0.253	0.101	0.112	0.197	0.091	0.251	0.091	0.407	0.091	0.104	0.084	0.166	0.118	0.075	0.047	0.218	0.122	0.71	0.211	0.3	0.156	0.104	0.179	0.073	0.088	0.183	0.21	0.135	0.082	0.127	0.128	0.101	0.058	0.081	0.089	0.144	0.108	0.057	0.112	0.251	0.113	0.536	0.109	0.091	0.075	0.117	0.078	0.5	0.047	0.1	0.295	0.151	0.085	0.112	0.403	0.075	0.197	0.064	0.144	0.529	0.093	0.075	0.196	0.271	0.086	0.213	0.227	0.196	0.171	0.109	0.109	0	0.196	0.267	0.202	0.113	0.092	0.112	0.143	0.219	0.064	0.406	0.078	0.094	0.169	0.088	0.078	0.169	0.149	0.115	0.282	0.281	0.137	0.094	0.104
GO:0033108	0.041	0.056	0.247	0.126	0.046	0.083	0.616	0.1	0.2	0.035	0.136	0.127	1	0.06	0.168	0.031	0.035	0.056	0.403	0.332	0.05	0.642	0.06	0.104	0.092	0.59	0.032	0.064	0.344	0.417	0.332	0.388	0.407	0.059	0.03	0.045	0.239	0.256	0.2	0.087	0.045	0.045	0.344	0.065	0.042	0.136	0.035	0.368	0.083	0.2	0.035	0.26	0.32	0.119	0.095	0.058	0.117	0.059	0.075	0.063	0.332	0.09	0.053	0.055	0.26	0.166	0.072	0.071	0.027	0.136	0.04	0.104	0.06	0.181	0.407	0.045	0.045	0.145	0	0.071	0.06	0.276	0.099	0.054	0.095	0.074	0.2	0.344	0.056	0.024	0.045	0.087	0.018	0.374	0.119	0.053	0.038	0.183	0.088	0.04	0.039	0.028	0.085	0.021	0.037	0.115	0.035	0.033	0.041	0.109	0.058	0.045	0.075	0.102	0.102	0.092	0.05	0.06	0.119	0.045	0.136	0.05	0.075	0.045	0.063	0.036	0.077	0.057	0.043	0.026	0.114	0.046	0.08	0.105	0.024	0.073	0.063	0.092	0.042	0.385	0.045	0.056	0.061	0.041	0.072	0.075	0.405	0.031	0.041	0.05	0.083	0.053	0.03	0.06	0.136	0.052	0.079	0.299	0.045	0.036	0.057	0.035	0.045	0.026	0.055	0.058	0.071	0.042	0.06	0.038	0.043	0.119	0.037	0.083	0.127	0.051	0.043	0.021	0.021	0.039	0.046	0.126	0.074	0.063	0.044	0.056	0	0.099	0.038	0.045	0.042	0.046	0.06	0.076	0.028	0.03	0.035	0.038	0.052	0.087	0.037	0.034	0.087	0.429	0.056	0.04	0.042	0.073	0.052	0.063
GO:0009888	0.036	0.061	0.093	0.045	0.06	0.29	0.093	0.148	0.176	0.076	0.123	0.112	0.06	1	0.272	0.065	0.093	0.514	0.06	0.075	0.465	0.068	0.605	0.102	0.381	0.06	0.038	0.073	0.1	0.077	0.11	0.093	0.093	0.065	0.063	0.058	0.083	0.155	0.176	0.08	0.11	0.11	0.1	0.064	0.042	0.123	0.093	0.037	0.176	0.176	0.093	0.069	0.061	0.247	0.319	0.054	0.099	0.056	0.077	0.061	0.11	0.084	0.056	0.119	0.093	0.133	0.062	0.543	0.064	0.123	0.039	0.084	0.135	0.067	0.093	0.04	0.058	0.135	0	0.342	0.057	0.067	0.095	0.058	0.09	0.064	0.176	0.1	0.101	0.048	0.292	0.356	0.058	0.083	0.246	0.072	0.381	0.154	0.55	0.045	0.09	0.069	0.093	0.07	0.172	0.097	0.034	0.304	0.36	0.11	0.055	0.11	0.373	0.201	0.038	0.085	0.046	0.135	0.246	0.11	0.123	0.106	0.077	0.11	0.12	0.04	0.08	0.242	0.085	0.052	0.116	0.06	0.071	0.103	0.075	0.074	0.12	0.085	0.345	0.039	0.11	0.046	0.067	0.097	0.063	0.154	0.053	0.065	0.041	0.104	0.176	0.049	0.064	0.135	0.123	0.055	0.07	0.204	0.11	0.035	0.054	0.093	0.11	0.052	0.119	0.055	0.072	0.101	0.135	0.085	0.085	0.246	0.071	0.176	0.112	0.109	0.085	0.046	0.07	0.038	0.053	0.266	0.064	0.062	0.05	0.053	0	0.095	0.072	0.04	0.053	0.183	0.135	0.066	0.059	0.073	0.093	0.037	0.11	0.08	0.04	0.037	0.08	0.071	0.052	0.077	0.037	0.411	0.11	0.12
GO:0120039	0.044	0.059	0.157	0.083	0.05	0.244	0.256	0.485	0.199	0.038	0.137	0.128	0.168	0.272	1	0.034	0.04	0.529	0.169	0.194	0.228	0.166	0.272	0.105	0.302	0.175	0.035	0.067	0.238	0.224	0.326	0.256	0.256	0.062	0.034	0.048	0.236	0.297	0.199	0.089	0.049	0.049	0.238	0.068	0.045	0.137	0.04	0.11	0.086	0.199	0.04	0.181	0.153	0.292	0.179	0.06	0.118	0.062	0.078	0.065	0.326	0.092	0.056	0.059	0.256	0.166	0.074	0.38	0.031	0.137	0.042	0.105	0.064	0.272	0.256	0.048	0.048	0.146	0	0.18	0.063	0.18	0.101	0.057	0.097	0.076	0.199	0.238	0.059	0.027	0.144	0.288	0.023	0.236	0.121	0.057	0.176	0.182	0.278	0.043	0.043	0.032	0.088	0.026	0.098	0.116	0.037	0.218	0.144	0.111	0.061	0.049	0.191	0.234	0.071	0.094	0.053	0.064	0.121	0.049	0.137	0.054	0.078	0.049	0.066	0.039	0.079	0.327	0.046	0.029	0.115	0.05	0.083	0.107	0.029	0.076	0.066	0.094	0.175	0.115	0.049	0.057	0.064	0.046	0.074	0.078	0.115	0.034	0.043	0.053	0.086	0.056	0.034	0.064	0.137	0.055	0.081	0.229	0.049	0.038	0.06	0.04	0.049	0.029	0.059	0.061	0.074	0.047	0.064	0.042	0.046	0.121	0.04	0.086	0.128	0.055	0.046	0.024	0.026	0.042	0.049	0.308	0.076	0.066	0.047	0.059	0	0.101	0.041	0.047	0.045	0.155	0.064	0.078	0.032	0.034	0.04	0.04	0.055	0.089	0.039	0.037	0.089	0.187	0.059	0.043	0.044	0.23	0.055	0.066
GO:0015031	0.023	0.033	0.043	0.025	0.029	0.041	0.043	0.027	0.084	0.041	0.062	0.271	0.031	0.065	0.034	1	0.043	0.062	0.031	0.041	0.055	0.032	0.065	0.119	0.045	0.033	0.021	0.223	0.054	0.039	0.052	0.043	0.043	0.208	0.037	0.027	0.04	0.025	0.084	0.043	0.335	0.052	0.054	0.034	0.024	0.062	0.043	0.022	0.084	0.084	0.043	0.197	0.036	0.055	0.046	0.031	0.054	0.031	0.042	0.036	0.052	0.048	0.188	0.06	0.043	0.328	0.036	0.074	0.034	0.062	0.023	0.048	0.065	0.035	0.043	0.157	0.027	0.065	0	0.074	0.032	0.035	0.048	0.03	0.046	0.037	0.084	0.054	0.273	0.03	0.061	0.043	0.027	0.04	0.115	0.033	0.045	0.078	0.043	0.024	0.046	0.036	0.043	0.23	0.043	0.053	0.453	0.04	0.048	0.052	0.031	0.052	0.078	0.048	0.481	0.296	0.027	0.065	0.115	0.052	0.062	0.056	0.218	0.052	0.067	0.023	0.04	0.031	0.049	0.032	0.059	0.029	0.226	0.05	0.261	0.038	0.067	0.045	0.048	0.023	0.346	0.128	0.035	0.048	0.039	0.078	0.03	0.037	0.026	0.055	0.084	0.028	0.037	0.065	0.062	0.031	0.251	0.029	0.052	0.022	0.03	0.043	0.335	0.032	0.06	0.205	0.037	0.049	0.065	0.287	0.049	0.115	0.043	0.084	0.271	0.057	0.049	0.457	0.403	0.023	0.326	0.057	0.09	0.08	0.026	0.032	0	0.048	0.203	0.157	0.026	0.025	0.065	0.038	0.219	0.038	0.542	0.023	0.057	0.043	0.022	0.022	0.043	0.037	0.03	0.212	0.13	0.036	0.057	0.067
GO:0140053	0.267	0.093	0.057	0.272	0.247	0.049	0.057	0.029	0.128	0.502	0.086	0.078	0.035	0.093	0.04	0.043	1	0.086	0.036	0.121	0.073	0.038	0.093	0.072	0.056	0.038	0.096	0.042	0.071	0.048	0.071	0.057	0.057	0.038	0.276	0.216	0.051	0.026	0.128	0.053	0.071	0.071	0.071	0.267	0.159	0.086	0.057	0.209	0.311	0.128	0.057	0.049	0.09	0.071	0.059	0.153	0.31	0.147	0.229	0.041	0.071	0.34	0.033	0.201	0.057	0.099	0.185	0.104	0.04	0.208	0.159	0.145	0.093	0.042	0.057	0.026	0.216	0.093	0	0.104	0.15	0.042	0.151	0.23	0.059	0.177	0.128	0.071	0.076	0.21	0.029	0.053	0.031	0.051	0.187	0.04	0.056	0.113	0.054	0.026	0.264	0.043	0.057	0.037	0.051	0.068	0.252	0.048	0.063	0.071	0.035	0.071	0.113	0.059	0.026	0.056	0.13	0.093	0.187	0.071	0.086	0.074	0.048	0.071	0.089	0.247	0.221	0.034	0.147	0.227	0.081	0.247	0.048	0.067	0.041	0.046	0.089	0.232	0.059	0.206	0.071	0.034	0.042	0.064	0.045	0.113	0.033	0.325	0.164	0.415	0.311	0.138	0.426	0.093	0.208	0.155	0.046	0.031	0.071	0.022	0.034	0.057	0.071	0.227	0.201	0.035	0.186	0.294	0.093	0.056	0.147	0.187	0.051	0.311	0.078	0.525	0.147	0.029	0.037	0.023	0.033	0.077	0.043	0.042	0.195	0.036	0	0.062	0.051	0.027	0.029	0.026	0.093	0.044	0.04	0.465	0.057	0.024	0.077	0.053	0.149	0.098	0.053	0.044	0.323	0.055	0.024	0.042	0.311	0.089
GO:0000902	0.035	0.058	0.086	0.043	0.056	0.248	0.086	0.275	0.16	0.071	0.113	0.103	0.056	0.514	0.529	0.062	0.086	1	0.057	0.071	0.403	0.063	0.514	0.095	0.327	0.057	0.036	0.067	0.094	0.071	0.101	0.086	0.086	0.061	0.06	0.054	0.077	0.203	0.16	0.075	0.101	0.101	0.094	0.06	0.04	0.113	0.086	0.036	0.16	0.16	0.086	0.066	0.058	0.23	0.266	0.052	0.092	0.053	0.072	0.058	0.101	0.08	0.053	0.11	0.086	0.123	0.059	0.688	0.06	0.113	0.038	0.079	0.123	0.063	0.086	0.039	0.054	0.123	0	0.316	0.054	0.063	0.088	0.054	0.083	0.061	0.16	0.094	0.095	0.046	0.162	0.306	0.054	0.077	0.221	0.067	0.327	0.141	0.293	0.043	0.083	0.065	0.086	0.064	0.163	0.091	0.033	0.401	0.301	0.101	0.052	0.101	0.342	0.19	0.037	0.08	0.044	0.123	0.221	0.101	0.113	0.098	0.072	0.101	0.112	0.038	0.074	0.464	0.081	0.049	0.107	0.056	0.067	0.095	0.069	0.069	0.112	0.08	0.302	0.038	0.101	0.045	0.063	0.09	0.06	0.141	0.05	0.062	0.04	0.097	0.16	0.047	0.061	0.123	0.113	0.052	0.066	0.175	0.101	0.034	0.051	0.086	0.101	0.049	0.11	0.052	0.067	0.093	0.123	0.08	0.081	0.221	0.067	0.16	0.103	0.101	0.081	0.044	0.064	0.037	0.05	0.247	0.061	0.059	0.048	0.051	0	0.088	0.068	0.039	0.05	0.16	0.123	0.062	0.056	0.069	0.086	0.036	0.102	0.075	0.038	0.035	0.075	0.066	0.05	0.073	0.036	0.231	0.102	0.112
GO:0042255	0.042	0.057	0.623	0.319	0.047	0.083	0.411	0.101	0.203	0.035	0.138	0.129	0.403	0.06	0.169	0.031	0.036	0.057	1	0.359	0.05	0.329	0.06	0.105	0.093	0.435	0.033	0.064	0.348	0.449	0.336	0.263	0.411	0.06	0.03	0.045	0.242	0.35	0.203	0.088	0.046	0.046	0.348	0.066	0.042	0.138	0.036	0.271	0.084	0.203	0.036	0.262	0.224	0.12	0.096	0.058	0.118	0.06	0.076	0.063	0.336	0.091	0.053	0.055	0.263	0.168	0.073	0.072	0.027	0.138	0.04	0.104	0.06	0.182	0.411	0.046	0.045	0.147	0	0.072	0.061	0.278	0.1	0.054	0.096	0.075	0.203	0.348	0.056	0.024	0.045	0.088	0.019	0.378	0.121	0.053	0.038	0.185	0.089	0.041	0.04	0.029	0.086	0.021	0.038	0.116	0.035	0.034	0.042	0.111	0.059	0.046	0.076	0.103	0.242	0.093	0.051	0.06	0.121	0.046	0.138	0.051	0.076	0.046	0.064	0.037	0.078	0.058	0.044	0.026	0.115	0.047	0.081	0.106	0.024	0.074	0.064	0.093	0.043	0.284	0.046	0.056	0.061	0.042	0.072	0.076	0.216	0.031	0.041	0.05	0.084	0.053	0.031	0.06	0.138	0.053	0.08	0.321	0.046	0.036	0.057	0.036	0.046	0.026	0.055	0.058	0.072	0.043	0.06	0.038	0.044	0.121	0.038	0.084	0.129	0.052	0.044	0.021	0.021	0.039	0.047	0.127	0.075	0.064	0.044	0.057	0	0.1	0.038	0.045	0.042	0.046	0.06	0.076	0.029	0.03	0.036	0.038	0.052	0.088	0.037	0.034	0.088	0.29	0.056	0.04	0.042	0.074	0.052	0.064
GO:0016226	0.143	0.201	0.295	0.235	0.186	0.11	0.295	0.118	0.239	0.112	0.172	0.16	0.332	0.075	0.194	0.041	0.121	0.071	0.359	1	0.063	0.356	0.075	0.135	0.122	0.349	0.13	0.096	0.271	0.473	0.367	0.295	0.295	0.089	0.098	0.183	0.271	0.231	0.239	0.116	0.06	0.06	0.271	0.226	0.154	0.172	0.05	0.287	0.239	0.239	0.05	0.204	0.293	0.15	0.127	0.199	0.356	0.204	0.251	0.087	0.367	0.285	0.08	0.167	0.295	0.198	0.234	0.085	0.038	0.623	0.146	0.317	0.075	0.208	0.295	0.065	0.183	0.182	0	0.085	0.207	0.208	0.32	0.197	0.127	0.36	0.239	0.271	0.067	0.078	0.066	0.116	0.031	0.271	0.136	0.087	0.05	0.218	0.118	0.065	0.127	0.04	0.121	0.035	0.047	0.145	0.085	0.045	0.055	0.146	0.083	0.06	0.09	0.129	0.124	0.122	0.173	0.075	0.136	0.06	0.172	0.064	0.106	0.06	0.076	0.138	0.265	0.082	0.132	0.083	0.148	0.186	0.107	0.14	0.039	0.103	0.076	0.297	0.053	0.298	0.06	0.072	0.089	0.055	0.093	0.09	0.237	0.081	0.142	0.152	0.239	0.183	0.099	0.075	0.417	0.187	0.105	0.34	0.06	0.053	0.081	0.05	0.06	0.083	0.167	0.082	0.245	0.137	0.075	0.05	0.132	0.136	0.047	0.239	0.16	0.121	0.132	0.029	0.035	0.059	0.07	0.158	0.099	0.088	0.171	0.078	0	0.132	0.048	0.062	0.071	0.065	0.075	0.101	0.038	0.103	0.05	0.056	0.065	0.116	0.143	0.13	0.116	0.217	0.194	0.05	0.06	0.098	0.158	0.076
GO:0048513	0.033	0.051	0.073	0.039	0.049	0.462	0.073	0.241	0.133	0.063	0.097	0.089	0.05	0.465	0.228	0.055	0.073	0.403	0.05	0.063	1	0.055	0.465	0.083	0.311	0.051	0.033	0.058	0.082	0.062	0.085	0.073	0.073	0.054	0.054	0.047	0.066	0.14	0.133	0.066	0.085	0.186	0.082	0.054	0.037	0.097	0.073	0.033	0.133	0.133	0.073	0.06	0.053	0.201	0.515	0.047	0.081	0.048	0.064	0.053	0.085	0.071	0.047	0.094	0.073	0.107	0.053	0.432	0.054	0.097	0.035	0.071	0.104	0.056	0.073	0.036	0.047	0.104	0	0.272	0.049	0.056	0.076	0.048	0.073	0.055	0.133	0.082	0.085	0.042	0.398	0.294	0.047	0.066	0.181	0.057	0.678	0.12	0.282	0.039	0.073	0.122	0.073	0.055	0.148	0.08	0.031	0.648	0.488	0.085	0.047	0.085	0.291	0.17	0.035	0.07	0.04	0.104	0.181	0.085	0.097	0.086	0.063	0.186	0.098	0.035	0.064	0.372	0.072	0.045	0.092	0.049	0.06	0.081	0.059	0.061	0.098	0.07	0.497	0.035	0.085	0.042	0.056	0.077	0.055	0.12	0.045	0.055	0.037	0.084	0.133	0.043	0.055	0.23	0.097	0.047	0.059	0.37	0.085	0.032	0.046	0.073	0.085	0.045	0.094	0.047	0.059	0.08	0.104	0.07	0.072	0.181	0.061	0.133	0.089	0.087	0.072	0.04	0.055	0.034	0.046	0.214	0.055	0.053	0.043	0.102	0	0.076	0.062	0.036	0.044	0.338	0.104	0.056	0.051	0.06	0.073	0.071	0.088	0.066	0.035	0.033	0.066	0.058	0.045	0.065	0.033	0.578	0.088	0.098
GO:0017004	0.04	0.056	0.277	0.128	0.044	0.086	0.277	0.092	0.235	0.036	0.153	0.141	0.642	0.068	0.166	0.032	0.038	0.063	0.329	0.356	0.055	1	0.068	0.112	0.098	0.651	0.029	0.064	0.252	0.461	0.366	0.434	0.277	0.059	0.031	0.042	0.251	0.203	0.235	0.092	0.05	0.05	0.252	0.066	0.04	0.153	0.038	0.388	0.097	0.235	0.038	0.182	0.15	0.13	0.102	0.057	0.127	0.059	0.078	0.063	0.366	0.095	0.052	0.061	0.277	0.187	0.074	0.081	0.027	0.153	0.038	0.11	0.068	0.181	0.277	0.044	0.042	0.165	0	0.081	0.06	0.181	0.107	0.053	0.102	0.076	0.235	0.252	0.06	0.024	0.043	0.092	0.017	0.251	0.144	0.052	0.04	0.21	0.094	0.038	0.042	0.029	0.091	0.02	0.039	0.125	0.033	0.035	0.044	0.121	0.058	0.05	0.087	0.109	0.102	0.098	0.049	0.068	0.144	0.05	0.153	0.055	0.078	0.05	0.07	0.034	0.08	0.057	0.046	0.026	0.125	0.044	0.084	0.114	0.024	0.075	0.07	0.098	0.045	0.408	0.05	0.055	0.061	0.045	0.073	0.087	0.435	0.032	0.039	0.055	0.097	0.052	0.031	0.068	0.153	0.051	0.082	0.314	0.05	0.034	0.057	0.038	0.05	0.026	0.061	0.058	0.073	0.046	0.068	0.04	0.046	0.144	0.039	0.097	0.141	0.057	0.046	0.02	0.02	0.037	0.045	0.139	0.076	0.064	0.042	0.056	0	0.107	0.04	0.043	0.039	0.044	0.068	0.078	0.029	0.031	0.038	0.036	0.057	0.092	0.034	0.032	0.092	0.19	0.056	0.042	0.041	0.075	0.057	0.07
GO:0061061	0.036	0.061	0.093	0.045	0.06	0.29	0.093	0.148	0.176	0.076	0.123	0.112	0.06	0.605	0.272	0.065	0.093	0.514	0.06	0.075	0.465	0.068	1	0.102	0.63	0.06	0.038	0.073	0.1	0.077	0.11	0.093	0.093	0.065	0.063	0.058	0.083	0.236	0.176	0.08	0.11	0.11	0.1	0.064	0.042	0.123	0.093	0.037	0.176	0.176	0.093	0.069	0.061	0.247	0.319	0.054	0.099	0.056	0.077	0.061	0.11	0.084	0.056	0.119	0.093	0.133	0.062	0.543	0.064	0.123	0.039	0.084	0.135	0.067	0.093	0.04	0.058	0.135	0	0.342	0.057	0.067	0.095	0.058	0.09	0.064	0.176	0.1	0.101	0.048	0.188	0.356	0.058	0.083	0.246	0.072	0.381	0.154	0.342	0.045	0.09	0.069	0.093	0.07	0.172	0.097	0.034	0.304	0.36	0.11	0.055	0.11	0.373	0.201	0.038	0.085	0.046	0.135	0.246	0.11	0.123	0.106	0.077	0.11	0.12	0.04	0.08	0.242	0.085	0.052	0.116	0.06	0.071	0.103	0.075	0.074	0.12	0.085	0.345	0.039	0.11	0.046	0.067	0.097	0.063	0.154	0.053	0.065	0.041	0.104	0.176	0.049	0.064	0.135	0.123	0.055	0.07	0.204	0.11	0.035	0.054	0.093	0.11	0.052	0.119	0.055	0.072	0.101	0.135	0.085	0.085	0.246	0.071	0.176	0.112	0.109	0.085	0.046	0.07	0.038	0.053	0.266	0.064	0.062	0.05	0.053	0	0.095	0.072	0.04	0.053	0.183	0.135	0.066	0.059	0.073	0.093	0.037	0.11	0.08	0.04	0.037	0.08	0.071	0.052	0.077	0.037	0.266	0.11	0.12
GO:0016477	0.069	0.102	0.153	0.081	0.097	0.133	0.153	0.192	0.294	0.062	0.21	0.269	0.104	0.102	0.105	0.119	0.072	0.095	0.105	0.135	0.083	0.112	0.102	1	0.149	0.107	0.066	0.185	0.179	0.131	0.182	0.153	0.153	0.161	0.054	0.096	0.14	0.069	0.294	0.141	0.182	0.084	0.179	0.114	0.077	0.21	0.072	0.069	0.13	0.294	0.072	0.181	0.114	0.181	0.156	0.099	0.176	0.102	0.126	0.104	0.182	0.14	0.141	0.092	0.153	0.323	0.114	0.11	0.053	0.21	0.072	0.155	0.102	0.117	0.153	0.117	0.096	0.226	0	0.11	0.104	0.117	0.163	0.101	0.155	0.118	0.294	0.179	0.153	0.042	0.486	0.141	0.047	0.14	0.177	0.113	0.069	0.265	0.143	0.08	0.071	0.056	0.153	0.112	0.06	0.174	0.092	0.06	0.075	0.182	0.1	0.084	0.118	0.153	0.109	0.23	0.085	0.102	0.429	0.084	0.21	0.084	0.202	0.084	0.097	0.069	0.136	0.099	0.071	0.045	0.181	0.097	0.199	0.173	0.121	0.128	0.097	0.149	0.069	0.073	0.182	0.114	0.11	0.076	0.109	0.118	0.082	0.055	0.069	0.083	0.13	0.09	0.054	0.102	0.21	0.094	0.195	0.091	0.084	0.063	0.098	0.072	0.182	0.045	0.092	0.146	0.124	0.078	0.102	0.149	0.071	0.177	0.06	0.13	0.269	0.086	0.071	0.085	0.112	0.071	0.137	0.192	0.273	0.644	0.088	0.092	0	0.163	0.113	0.104	0.09	0.077	0.102	0.121	0.094	0.059	0.153	0.066	0.087	0.141	0.072	0.065	0.141	0.123	0.096	0.119	0.108	0.116	0.087	0.235
GO:0042692	0.062	0.09	0.137	0.072	0.085	0.507	0.137	0.243	0.273	0.051	0.193	0.179	0.092	0.381	0.302	0.045	0.056	0.327	0.093	0.122	0.311	0.098	0.63	0.149	1	0.096	0.057	0.107	0.164	0.117	0.165	0.137	0.137	0.099	0.044	0.083	0.125	0.384	0.273	0.128	0.068	0.068	0.164	0.102	0.068	0.193	0.056	0.062	0.112	0.273	0.056	0.121	0.103	0.543	0.278	0.089	0.162	0.091	0.114	0.094	0.165	0.128	0.087	0.077	0.137	0.221	0.104	0.358	0.042	0.193	0.064	0.143	0.085	0.105	0.137	0.069	0.083	0.207	0	0.231	0.093	0.105	0.147	0.089	0.141	0.108	0.273	0.164	0.073	0.034	0.295	0.55	0.034	0.125	0.157	0.098	0.249	0.246	0.566	0.07	0.058	0.044	0.137	0.04	0.123	0.16	0.055	0.203	0.22	0.165	0.09	0.068	0.246	0.461	0.062	0.135	0.077	0.085	0.157	0.068	0.193	0.071	0.118	0.068	0.084	0.061	0.121	0.382	0.059	0.037	0.165	0.085	0.117	0.157	0.043	0.114	0.084	0.136	0.238	0.065	0.068	0.076	0.098	0.062	0.1	0.101	0.073	0.045	0.062	0.07	0.112	0.081	0.044	0.085	0.193	0.083	0.115	0.184	0.068	0.056	0.088	0.056	0.068	0.037	0.077	0.089	0.111	0.063	0.085	0.056	0.059	0.157	0.051	0.112	0.179	0.072	0.059	0.031	0.04	0.063	0.076	0.603	0.107	0.095	0.077	0.083	0	0.147	0.052	0.065	0.078	0.311	0.085	0.11	0.041	0.047	0.056	0.059	0.073	0.128	0.063	0.057	0.128	0.11	0.086	0.054	0.064	0.459	0.073	0.084
GO:0022618	0.046	0.063	0.434	0.239	0.054	0.087	0.261	0.108	0.195	0.037	0.137	0.129	0.59	0.06	0.175	0.033	0.038	0.057	0.435	0.349	0.051	0.651	0.06	0.107	0.096	1	0.039	0.071	0.243	0.43	0.327	0.584	0.261	0.066	0.032	0.053	0.242	0.218	0.195	0.092	0.046	0.046	0.243	0.071	0.048	0.137	0.038	0.645	0.08	0.195	0.038	0.187	0.161	0.121	0.1	0.063	0.119	0.065	0.08	0.068	0.327	0.094	0.059	0.055	0.261	0.164	0.077	0.07	0.029	0.137	0.046	0.107	0.06	0.187	0.261	0.051	0.053	0.145	0	0.07	0.066	0.187	0.103	0.061	0.099	0.079	0.195	0.243	0.056	0.026	0.051	0.092	0.022	0.242	0.113	0.061	0.04	0.18	0.093	0.047	0.041	0.031	0.091	0.025	0.039	0.117	0.04	0.035	0.043	0.113	0.064	0.046	0.074	0.106	0.187	0.096	0.056	0.06	0.113	0.046	0.137	0.051	0.081	0.046	0.063	0.043	0.083	0.063	0.044	0.028	0.117	0.054	0.085	0.109	0.027	0.079	0.063	0.096	0.043	0.675	0.046	0.06	0.067	0.043	0.076	0.074	0.427	0.033	0.046	0.051	0.08	0.059	0.032	0.06	0.137	0.058	0.084	0.316	0.046	0.041	0.063	0.038	0.046	0.028	0.055	0.064	0.077	0.044	0.06	0.04	0.044	0.113	0.039	0.08	0.129	0.052	0.044	0.023	0.025	0.045	0.053	0.128	0.079	0.069	0.051	0.062	0	0.103	0.039	0.049	0.05	0.051	0.06	0.08	0.03	0.032	0.038	0.043	0.053	0.092	0.043	0.04	0.092	0.195	0.062	0.041	0.047	0.078	0.053	0.063
GO:0009201	0.271	0.139	0.049	0.197	0.265	0.053	0.049	0.037	0.124	0.173	0.085	0.081	0.032	0.038	0.035	0.021	0.096	0.036	0.033	0.13	0.033	0.029	0.038	0.066	0.057	0.039	1	0.036	0.076	0.044	0.065	0.049	0.049	0.034	0.156	0.112	0.046	0.03	0.124	0.055	0.028	0.028	0.076	0.127	0.116	0.085	0.021	0.156	0.127	0.124	0.021	0.062	0.1	0.077	0.059	0.154	0.315	0.163	0.49	0.041	0.065	0.179	0.031	0.158	0.049	0.108	0.418	0.047	0.018	0.205	0.241	0.168	0.038	0.041	0.049	0.03	0.112	0.088	0	0.047	0.146	0.041	0.266	0.149	0.059	0.216	0.124	0.076	0.039	0.138	0.029	0.055	0.011	0.046	0.075	0.027	0.025	0.116	0.056	0.023	0.239	0.018	0.049	0.012	0.027	0.075	0.065	0.023	0.026	0.065	0.037	0.028	0.049	0.069	0.03	0.057	0.246	0.038	0.075	0.028	0.085	0.033	0.044	0.028	0.043	0.21	0.191	0.037	0.133	0.153	0.07	0.265	0.052	0.063	0.014	0.044	0.043	0.217	0.029	0.148	0.028	0.04	0.036	0.026	0.05	0.049	0.026	0.059	0.199	0.12	0.127	0.172	0.084	0.038	0.205	0.67	0.051	0.035	0.028	0.024	0.036	0.021	0.028	0.153	0.231	0.037	0.218	0.17	0.038	0.025	0.133	0.075	0.027	0.127	0.081	0.089	0.072	0.014	0.012	0.025	0.028	0.08	0.049	0.041	0.186	0.038	0	0.06	0.027	0.031	0.022	0.031	0.038	0.05	0.02	0.077	0.021	0.025	0.034	0.055	0.098	0.11	0.055	0.042	0.167	0.028	0.029	0.048	0.205	0.043
GO:0070585	0.045	0.064	0.103	0.049	0.054	0.095	0.103	0.057	0.246	0.04	0.164	0.206	0.064	0.073	0.067	0.223	0.042	0.067	0.064	0.096	0.058	0.064	0.073	0.185	0.107	0.071	0.036	1	0.138	0.087	0.132	0.103	0.103	0.099	0.034	0.052	0.093	0.046	0.246	0.101	0.132	0.054	0.138	0.075	0.047	0.164	0.042	0.042	0.101	0.246	0.042	0.136	0.081	0.139	0.112	0.065	0.136	0.067	0.087	0.071	0.132	0.103	0.087	0.065	0.103	0.264	0.081	0.085	0.031	0.164	0.044	0.119	0.073	0.078	0.103	0.121	0.052	0.176	0	0.085	0.068	0.078	0.117	0.062	0.112	0.084	0.246	0.138	0.117	0.026	0.077	0.101	0.021	0.093	0.148	0.063	0.044	0.22	0.103	0.045	0.046	0.033	0.103	0.061	0.042	0.134	0.218	0.038	0.049	0.132	0.066	0.054	0.091	0.117	0.266	0.478	0.056	0.073	0.148	0.054	0.164	0.059	0.213	0.054	0.074	0.04	0.09	0.065	0.049	0.028	0.135	0.054	0.224	0.125	0.07	0.085	0.074	0.107	0.048	0.044	0.401	0.081	0.07	0.049	0.08	0.091	0.049	0.035	0.045	0.058	0.101	0.059	0.034	0.073	0.164	0.059	0.219	0.06	0.054	0.039	0.064	0.042	0.132	0.028	0.065	0.097	0.083	0.051	0.073	0.107	0.049	0.148	0.042	0.101	0.206	0.061	0.049	0.056	0.061	0.043	0.362	0.149	0.133	0.11	0.05	0.063	0	0.117	0.08	0.07	0.048	0.05	0.073	0.086	0.062	0.035	0.103	0.041	0.061	0.101	0.041	0.038	0.101	0.081	0.063	0.085	0.112	0.082	0.061	0.074
GO:0000226	0.078	0.115	0.252	0.132	0.113	0.147	0.531	0.14	0.311	0.062	0.227	0.211	0.344	0.1	0.238	0.054	0.071	0.094	0.348	0.271	0.082	0.252	0.1	0.179	0.164	0.243	0.076	0.138	1	0.315	0.451	0.367	0.531	0.127	0.053	0.112	0.334	0.279	0.573	0.156	0.082	0.082	0.605	0.127	0.088	0.227	0.071	0.155	0.128	0.311	0.071	0.326	0.288	0.196	0.172	0.111	0.191	0.114	0.141	0.116	0.451	0.153	0.112	0.091	0.367	0.252	0.126	0.108	0.052	0.227	0.083	0.168	0.1	0.255	0.531	0.086	0.112	0.244	0	0.108	0.116	0.508	0.179	0.115	0.171	0.131	0.311	0.605	0.083	0.042	0.09	0.156	0.046	0.484	0.174	0.13	0.068	0.281	0.158	0.092	0.071	0.056	0.171	0.053	0.06	0.188	0.07	0.059	0.074	0.2	0.112	0.082	0.116	0.166	0.105	0.164	0.096	0.1	0.174	0.082	0.227	0.083	0.148	0.082	0.095	0.08	0.152	0.111	0.07	0.045	0.198	0.113	0.143	0.191	0.057	0.143	0.095	0.165	0.068	0.162	0.082	0.091	0.125	0.075	0.12	0.116	0.17	0.054	0.077	0.082	0.128	0.102	0.054	0.1	0.227	0.106	0.14	0.219	0.082	0.072	0.11	0.071	0.082	0.045	0.091	0.112	0.139	0.077	0.1	0.068	0.07	0.174	0.06	0.128	0.211	0.085	0.07	0.039	0.053	0.081	0.098	0.207	0.24	0.117	0.101	0.103	0	0.179	0.061	0.081	0.105	0.087	0.1	0.133	0.05	0.059	0.071	0.075	0.085	0.156	0.083	0.075	0.156	0.376	0.108	0.064	0.08	0.128	0.085	0.095
GO:0034329	0.052	0.074	0.351	0.177	0.066	0.105	0.351	0.131	0.253	0.044	0.173	0.16	0.417	0.077	0.224	0.039	0.048	0.071	0.449	0.473	0.062	0.461	0.077	0.131	0.117	0.43	0.044	0.087	0.315	1	0.683	0.351	0.351	0.08	0.038	0.064	0.319	0.272	0.253	0.111	0.059	0.059	0.315	0.085	0.055	0.173	0.048	0.271	0.104	0.253	0.048	0.23	0.201	0.149	0.123	0.074	0.145	0.076	0.097	0.08	0.437	0.112	0.071	0.069	0.351	0.203	0.09	0.088	0.035	0.173	0.052	0.127	0.077	0.241	0.351	0.057	0.064	0.186	0	0.088	0.078	0.241	0.128	0.072	0.122	0.093	0.253	0.315	0.067	0.029	0.058	0.111	0.026	0.319	0.149	0.077	0.048	0.228	0.113	0.055	0.05	0.037	0.115	0.031	0.045	0.143	0.045	0.042	0.053	0.144	0.075	0.059	0.094	0.126	0.137	0.117	0.064	0.077	0.149	0.059	0.173	0.063	0.099	0.059	0.077	0.049	0.102	0.074	0.053	0.032	0.146	0.066	0.102	0.137	0.034	0.096	0.077	0.118	0.052	0.285	0.059	0.067	0.081	0.054	0.088	0.094	0.299	0.039	0.052	0.062	0.104	0.068	0.038	0.077	0.173	0.069	0.099	0.62	0.059	0.046	0.073	0.048	0.059	0.032	0.069	0.075	0.094	0.055	0.077	0.048	0.053	0.149	0.045	0.104	0.16	0.065	0.053	0.026	0.031	0.051	0.062	0.158	0.093	0.081	0.061	0.071	0	0.128	0.046	0.055	0.06	0.058	0.077	0.095	0.035	0.039	0.048	0.048	0.065	0.111	0.05	0.045	0.111	0.252	0.072	0.048	0.053	0.091	0.065	0.077
GO:0034330	0.069	0.106	0.319	0.151	0.102	0.144	0.527	0.181	0.357	0.061	0.244	0.222	0.332	0.11	0.326	0.052	0.071	0.101	0.336	0.367	0.085	0.366	0.11	0.182	0.165	0.327	0.065	0.132	0.451	0.683	1	0.527	0.527	0.119	0.051	0.101	0.47	0.199	0.357	0.154	0.087	0.087	0.451	0.121	0.077	0.244	0.071	0.202	0.147	0.357	0.071	0.313	0.284	0.203	0.174	0.103	0.197	0.106	0.136	0.108	0.639	0.152	0.103	0.097	0.527	0.273	0.121	0.119	0.05	0.244	0.073	0.169	0.11	0.35	0.527	0.077	0.101	0.267	0	0.119	0.108	0.35	0.183	0.106	0.173	0.125	0.357	0.451	0.086	0.038	0.08	0.154	0.042	0.47	0.21	0.122	0.068	0.313	0.157	0.081	0.071	0.053	0.173	0.05	0.059	0.193	0.06	0.058	0.076	0.21	0.104	0.087	0.129	0.166	0.116	0.165	0.087	0.11	0.21	0.087	0.244	0.087	0.144	0.087	0.101	0.069	0.149	0.102	0.071	0.042	0.207	0.102	0.139	0.198	0.055	0.139	0.101	0.165	0.068	0.213	0.087	0.084	0.117	0.077	0.114	0.129	0.232	0.052	0.068	0.085	0.147	0.093	0.051	0.11	0.244	0.097	0.135	0.412	0.087	0.062	0.101	0.071	0.087	0.042	0.097	0.104	0.134	0.08	0.11	0.068	0.071	0.21	0.059	0.147	0.222	0.089	0.071	0.036	0.05	0.071	0.088	0.218	0.125	0.11	0.09	0.095	0	0.183	0.06	0.072	0.093	0.078	0.11	0.128	0.047	0.057	0.071	0.065	0.09	0.154	0.072	0.064	0.154	0.369	0.099	0.063	0.071	0.123	0.09	0.101
GO:0071826	0.056	0.085	0.255	0.119	0.077	0.12	0.422	0.142	0.311	0.051	0.208	0.19	0.388	0.093	0.256	0.043	0.057	0.086	0.263	0.295	0.073	0.434	0.093	0.153	0.137	0.584	0.049	0.103	0.367	0.351	0.527	1	0.422	0.093	0.042	0.075	0.377	0.163	0.311	0.128	0.071	0.071	0.367	0.098	0.061	0.208	0.057	0.356	0.128	0.311	0.057	0.257	0.225	0.173	0.144	0.083	0.169	0.086	0.111	0.089	0.527	0.128	0.08	0.083	0.422	0.24	0.101	0.104	0.04	0.208	0.057	0.145	0.093	0.277	0.422	0.063	0.075	0.227	0	0.104	0.088	0.277	0.151	0.083	0.144	0.105	0.311	0.367	0.076	0.032	0.064	0.128	0.031	0.377	0.187	0.091	0.056	0.274	0.131	0.062	0.059	0.043	0.139	0.037	0.051	0.166	0.048	0.048	0.063	0.173	0.084	0.071	0.113	0.143	0.094	0.137	0.07	0.093	0.187	0.071	0.208	0.074	0.116	0.071	0.089	0.053	0.12	0.083	0.061	0.035	0.173	0.077	0.116	0.164	0.041	0.112	0.089	0.137	0.059	0.376	0.071	0.072	0.093	0.064	0.097	0.113	0.269	0.043	0.056	0.073	0.128	0.075	0.043	0.093	0.208	0.077	0.113	0.231	0.071	0.05	0.082	0.057	0.071	0.035	0.083	0.084	0.108	0.066	0.093	0.056	0.061	0.187	0.051	0.128	0.19	0.076	0.061	0.029	0.037	0.056	0.069	0.186	0.104	0.09	0.069	0.078	0	0.151	0.051	0.06	0.069	0.063	0.093	0.107	0.04	0.046	0.057	0.052	0.077	0.128	0.055	0.05	0.128	0.292	0.08	0.055	0.057	0.103	0.077	0.089
GO:0048284	0.056	0.085	0.255	0.119	0.077	0.12	0.66	0.142	0.311	0.051	0.208	0.19	0.407	0.093	0.256	0.043	0.057	0.086	0.411	0.295	0.073	0.277	0.093	0.153	0.137	0.261	0.049	0.103	0.531	0.351	0.527	0.422	1	0.093	0.042	0.075	0.377	0.239	0.311	0.128	0.071	0.071	0.531	0.098	0.061	0.208	0.057	0.157	0.128	0.311	0.057	0.516	0.331	0.173	0.144	0.083	0.169	0.086	0.111	0.089	0.527	0.128	0.08	0.083	0.422	0.24	0.101	0.104	0.04	0.208	0.057	0.145	0.093	0.277	0.66	0.063	0.075	0.227	0	0.104	0.088	0.424	0.151	0.083	0.144	0.105	0.311	0.531	0.076	0.032	0.064	0.128	0.031	0.59	0.187	0.091	0.056	0.274	0.131	0.062	0.059	0.043	0.139	0.037	0.051	0.166	0.048	0.048	0.063	0.173	0.084	0.071	0.113	0.143	0.094	0.137	0.07	0.093	0.187	0.071	0.208	0.074	0.116	0.071	0.089	0.053	0.12	0.083	0.061	0.035	0.173	0.077	0.116	0.164	0.041	0.112	0.089	0.137	0.059	0.166	0.071	0.072	0.093	0.064	0.097	0.113	0.176	0.043	0.056	0.073	0.128	0.075	0.043	0.093	0.208	0.077	0.113	0.231	0.071	0.05	0.082	0.057	0.071	0.035	0.083	0.084	0.108	0.066	0.093	0.056	0.061	0.187	0.051	0.128	0.19	0.076	0.061	0.029	0.037	0.056	0.069	0.186	0.104	0.09	0.069	0.078	0	0.151	0.051	0.06	0.069	0.063	0.093	0.107	0.04	0.046	0.057	0.052	0.077	0.128	0.055	0.05	0.128	0.447	0.08	0.055	0.057	0.103	0.077	0.089
GO:1902600	0.043	0.06	0.093	0.046	0.05	0.088	0.093	0.055	0.221	0.037	0.149	0.316	0.059	0.065	0.062	0.208	0.038	0.061	0.06	0.089	0.054	0.059	0.065	0.161	0.099	0.066	0.034	0.099	0.127	0.08	0.119	0.093	0.093	1	0.032	0.048	0.085	0.045	0.221	0.093	0.311	0.049	0.127	0.07	0.044	0.149	0.038	0.04	0.091	0.221	0.038	0.215	0.076	0.128	0.103	0.061	0.125	0.063	0.08	0.066	0.119	0.096	0.687	0.06	0.093	0.411	0.076	0.077	0.029	0.149	0.042	0.11	0.065	0.072	0.093	0.452	0.048	0.159	0	0.077	0.064	0.072	0.107	0.057	0.103	0.079	0.221	0.127	0.245	0.025	0.066	0.093	0.02	0.085	0.132	0.057	0.041	0.2	0.095	0.043	0.042	0.03	0.093	0.27	0.039	0.124	0.108	0.036	0.045	0.119	0.062	0.049	0.082	0.109	0.137	0.147	0.053	0.065	0.132	0.049	0.149	0.055	0.219	0.049	0.068	0.038	0.083	0.061	0.046	0.027	0.124	0.05	0.238	0.114	0.328	0.078	0.068	0.099	0.045	0.042	0.108	0.124	0.065	0.045	0.076	0.082	0.046	0.033	0.043	0.054	0.091	0.056	0.032	0.065	0.149	0.055	0.268	0.056	0.049	0.038	0.06	0.038	0.311	0.027	0.06	0.674	0.076	0.046	0.065	0.257	0.046	0.132	0.039	0.091	0.432	0.056	0.046	0.149	0.181	0.041	0.116	0.136	0.117	0.096	0.047	0.059	0	0.107	0.165	0.236	0.045	0.048	0.065	0.08	0.256	0.032	0.232	0.039	0.056	0.093	0.039	0.036	0.093	0.075	0.059	0.174	0.119	0.077	0.056	0.068
GO:0030163	0.334	0.079	0.042	0.214	0.28	0.04	0.042	0.027	0.082	0.582	0.06	0.057	0.03	0.063	0.034	0.037	0.276	0.06	0.03	0.098	0.054	0.031	0.063	0.054	0.044	0.032	0.156	0.034	0.053	0.038	0.051	0.042	0.042	0.032	1	0.386	0.04	0.025	0.082	0.042	0.051	0.051	0.053	0.423	0.315	0.06	0.042	0.174	0.2	0.082	0.042	0.041	0.128	0.054	0.045	0.247	0.222	0.174	0.171	0.035	0.051	0.251	0.029	0.248	0.042	0.07	0.296	0.073	0.034	0.146	0.359	0.115	0.063	0.035	0.042	0.024	0.386	0.063	0	0.073	0.293	0.035	0.195	0.422	0.045	0.267	0.082	0.053	0.059	0.428	0.027	0.042	0.027	0.04	0.112	0.032	0.044	0.076	0.042	0.024	0.188	0.035	0.042	0.03	0.042	0.052	0.139	0.039	0.047	0.051	0.03	0.051	0.076	0.047	0.025	0.044	0.266	0.063	0.112	0.051	0.06	0.055	0.038	0.051	0.066	0.208	0.159	0.03	0.116	0.184	0.058	0.28	0.039	0.049	0.033	0.037	0.066	0.245	0.047	0.172	0.051	0.031	0.035	0.047	0.039	0.076	0.029	0.166	0.314	0.287	0.2	0.439	0.214	0.063	0.146	0.218	0.038	0.028	0.051	0.022	0.03	0.042	0.051	0.184	0.143	0.03	0.274	0.405	0.063	0.044	0.116	0.112	0.042	0.2	0.057	0.24	0.202	0.027	0.03	0.022	0.03	0.056	0.036	0.035	0.368	0.032	0	0.047	0.043	0.026	0.026	0.025	0.063	0.037	0.034	0.217	0.042	0.023	0.056	0.042	0.295	0.367	0.042	0.036	0.421	0.045	0.023	0.036	0.216	0.066
GO:0045116	0.367	0.113	0.075	0.15	0.206	0.074	0.075	0.046	0.203	0.448	0.132	0.122	0.045	0.058	0.048	0.027	0.216	0.054	0.045	0.183	0.047	0.042	0.058	0.096	0.083	0.053	0.112	0.052	0.112	0.064	0.101	0.075	0.075	0.048	0.386	1	0.068	0.036	0.203	0.079	0.042	0.042	0.112	0.283	0.527	0.132	0.031	0.112	0.203	0.203	0.031	0.083	0.133	0.113	0.087	0.156	0.358	0.184	0.221	0.054	0.101	0.479	0.042	0.128	0.075	0.164	0.33	0.071	0.023	0.319	0.203	0.236	0.058	0.058	0.075	0.038	0.499	0.141	0	0.071	0.187	0.058	0.292	0.676	0.087	0.295	0.203	0.112	0.054	0.313	0.036	0.079	0.013	0.068	0.125	0.039	0.034	0.183	0.08	0.03	0.155	0.024	0.075	0.015	0.035	0.109	0.109	0.03	0.038	0.101	0.049	0.042	0.075	0.096	0.036	0.083	0.162	0.058	0.125	0.042	0.132	0.048	0.065	0.042	0.062	0.152	0.213	0.049	0.099	0.134	0.107	0.206	0.072	0.097	0.019	0.063	0.062	0.305	0.04	0.105	0.042	0.05	0.05	0.038	0.065	0.075	0.034	0.102	0.462	0.34	0.203	0.227	0.16	0.058	0.319	0.197	0.071	0.045	0.042	0.029	0.048	0.031	0.042	0.134	0.128	0.049	0.283	0.352	0.058	0.034	0.099	0.125	0.035	0.203	0.122	0.176	0.099	0.017	0.015	0.031	0.037	0.12	0.066	0.055	0.517	0.048	0	0.091	0.035	0.038	0.03	0.038	0.058	0.068	0.025	0.151	0.031	0.03	0.049	0.079	0.539	0.16	0.079	0.06	0.485	0.037	0.035	0.065	0.191	0.062
GO:0030198	0.054	0.078	0.228	0.111	0.07	0.11	0.377	0.135	0.274	0.046	0.186	0.171	0.239	0.083	0.236	0.04	0.051	0.077	0.242	0.271	0.066	0.251	0.083	0.14	0.125	0.242	0.046	0.093	0.334	0.319	0.47	0.377	0.377	0.085	0.04	0.068	1	0.156	0.274	0.118	0.064	0.064	0.334	0.09	0.057	0.186	0.051	0.149	0.113	0.274	0.051	0.241	0.211	0.158	0.131	0.078	0.154	0.08	0.102	0.083	0.47	0.118	0.074	0.074	0.377	0.217	0.094	0.094	0.037	0.186	0.054	0.134	0.083	0.255	0.377	0.059	0.068	0.201	0	0.094	0.082	0.255	0.137	0.076	0.13	0.098	0.274	0.334	0.07	0.031	0.06	0.117	0.028	0.341	0.163	0.082	0.051	0.245	0.12	0.058	0.054	0.039	0.124	0.033	0.047	0.151	0.046	0.044	0.057	0.155	0.078	0.064	0.101	0.132	0.09	0.125	0.066	0.083	0.163	0.064	0.186	0.067	0.105	0.064	0.082	0.05	0.109	0.077	0.056	0.033	0.156	0.07	0.107	0.147	0.037	0.102	0.082	0.125	0.054	0.157	0.064	0.069	0.085	0.057	0.091	0.101	0.164	0.04	0.053	0.066	0.113	0.071	0.04	0.083	0.186	0.072	0.105	0.217	0.064	0.048	0.077	0.051	0.064	0.033	0.074	0.078	0.099	0.059	0.083	0.051	0.056	0.163	0.047	0.113	0.171	0.069	0.056	0.027	0.033	0.053	0.064	0.169	0.097	0.084	0.064	0.074	0	0.137	0.048	0.057	0.064	0.06	0.083	0.099	0.037	0.042	0.051	0.05	0.069	0.118	0.052	0.047	0.118	0.267	0.075	0.051	0.055	0.096	0.069	0.082
GO:0030239	0.037	0.044	0.154	0.099	0.037	0.218	0.239	0.232	0.112	0.027	0.083	0.08	0.256	0.155	0.297	0.025	0.026	0.203	0.35	0.231	0.14	0.203	0.236	0.069	0.384	0.218	0.03	0.046	0.279	0.272	0.199	0.163	0.239	0.045	0.025	0.036	0.156	1	0.112	0.061	0.031	0.031	0.428	0.049	0.036	0.083	0.026	0.155	0.049	0.202	0.026	0.184	0.159	0.232	0.116	0.045	0.077	0.046	0.054	0.049	0.309	0.064	0.042	0.037	0.163	0.102	0.054	0.313	0.022	0.083	0.035	0.072	0.038	0.129	0.239	0.039	0.036	0.086	0	0.11	0.047	0.243	0.065	0.042	0.064	0.055	0.112	0.279	0.04	0.021	0.166	0.291	0.017	0.229	0.065	0.04	0.111	0.107	0.237	0.035	0.029	0.023	0.057	0.019	0.071	0.076	0.032	0.141	0.091	0.069	0.046	0.031	0.114	0.212	0.088	0.062	0.042	0.038	0.065	0.031	0.083	0.035	0.053	0.031	0.043	0.033	0.054	0.247	0.032	0.022	0.073	0.037	0.058	0.067	0.02	0.052	0.043	0.063	0.116	0.16	0.031	0.047	0.046	0.03	0.055	0.047	0.155	0.025	0.036	0.035	0.049	0.043	0.025	0.038	0.083	0.042	0.057	0.271	0.031	0.033	0.045	0.026	0.031	0.022	0.037	0.046	0.051	0.03	0.038	0.028	0.032	0.065	0.029	0.049	0.08	0.035	0.032	0.019	0.019	0.035	0.039	0.251	0.055	0.049	0.037	0.045	0	0.065	0.03	0.039	0.035	0.19	0.038	0.056	0.024	0.024	0.026	0.034	0.035	0.061	0.033	0.031	0.061	0.189	0.045	0.03	0.037	0.211	0.035	0.043
GO:0007017	0.116	0.19	0.311	0.148	0.201	0.235	0.311	0.131	0.543	0.1	0.388	0.349	0.2	0.176	0.199	0.084	0.128	0.16	0.203	0.239	0.133	0.235	0.176	0.294	0.273	0.195	0.124	0.246	0.573	0.253	0.357	0.311	0.311	0.221	0.082	0.203	0.274	0.112	1	0.254	0.147	0.147	0.311	0.21	0.139	0.388	0.128	0.123	0.224	0.543	0.128	0.211	0.194	0.316	0.29	0.176	0.306	0.183	0.231	0.181	0.357	0.241	0.187	0.154	0.311	0.403	0.195	0.176	0.086	0.388	0.129	0.259	0.176	0.219	0.311	0.13	0.203	0.428	0	0.176	0.187	0.219	0.306	0.193	0.288	0.203	0.543	0.311	0.123	0.061	0.14	0.254	0.083	0.274	0.306	0.245	0.112	0.469	0.259	0.153	0.119	0.093	0.311	0.102	0.089	0.3	0.104	0.094	0.128	0.357	0.178	0.147	0.193	0.255	0.112	0.273	0.148	0.176	0.306	0.147	0.388	0.136	0.254	0.147	0.148	0.126	0.264	0.176	0.108	0.067	0.338	0.201	0.227	0.334	0.107	0.244	0.148	0.274	0.105	0.13	0.147	0.129	0.21	0.129	0.178	0.193	0.154	0.084	0.115	0.133	0.224	0.158	0.083	0.176	0.388	0.171	0.221	0.16	0.147	0.107	0.174	0.128	0.147	0.067	0.154	0.178	0.235	0.134	0.176	0.112	0.108	0.306	0.089	0.224	0.349	0.14	0.108	0.061	0.102	0.127	0.158	0.342	0.373	0.184	0.172	0.157	0	0.306	0.09	0.118	0.186	0.132	0.176	0.208	0.076	0.1	0.128	0.113	0.141	0.254	0.135	0.117	0.254	0.231	0.17	0.097	0.119	0.199	0.141	0.148
GO:0071526	0.06	0.086	0.128	0.069	0.08	0.115	0.128	0.102	0.254	0.048	0.181	0.169	0.087	0.08	0.089	0.043	0.053	0.075	0.088	0.116	0.066	0.092	0.08	0.141	0.128	0.092	0.055	0.101	0.156	0.111	0.154	0.128	0.128	0.093	0.042	0.079	0.118	0.061	0.254	1	0.063	0.063	0.156	0.097	0.162	0.181	0.106	0.059	0.105	0.254	0.106	0.116	0.099	0.157	0.134	0.085	0.154	0.087	0.108	0.348	0.154	0.122	0.083	0.073	0.128	0.208	0.1	0.089	0.166	0.181	0.062	0.248	0.179	0.251	0.128	0.079	0.079	0.193	0	0.285	0.089	0.251	0.139	0.085	0.133	0.103	0.254	0.156	0.187	0.089	0.068	0.122	0.06	0.118	0.145	0.205	0.053	0.231	0.124	0.086	0.055	0.127	0.128	0.037	0.132	0.396	0.053	0.046	0.058	0.154	0.472	0.131	0.095	0.351	0.061	0.128	0.074	0.179	0.145	0.141	0.181	0.122	0.111	0.063	0.214	0.145	0.114	0.085	0.153	0.096	0.36	0.08	0.112	0.147	0.041	0.705	0.214	0.128	0.173	0.062	0.063	0.293	0.592	0.058	0.224	0.217	0.07	0.075	0.06	0.066	0.105	0.078	0.114	0.08	0.181	0.08	0.11	0.079	0.063	0.126	0.192	0.106	0.063	0.096	0.073	0.086	0.106	0.06	0.169	0.109	0.153	0.145	0.193	0.105	0.169	0.068	0.153	0.091	0.037	0.397	0.073	0.166	0.263	0.235	0.073	0.509	0	0.139	0.142	0.151	0.095	0.169	0.169	0.232	0.106	0.133	0.053	0.324	0.154	0.645	0.148	0.055	0.645	0.104	0.083	0.14	0.146	0.101	0.068	0.214
GO:0006839	0.028	0.047	0.071	0.034	0.044	0.059	0.071	0.034	0.147	0.061	0.101	0.5	0.045	0.11	0.049	0.335	0.071	0.101	0.046	0.06	0.085	0.05	0.11	0.182	0.068	0.046	0.028	0.132	0.082	0.059	0.087	0.071	0.071	0.311	0.051	0.042	0.064	0.031	0.147	0.063	1	0.087	0.082	0.05	0.032	0.101	0.071	0.028	0.147	0.147	0.071	0.313	0.049	0.083	0.072	0.042	0.081	0.044	0.061	0.049	0.087	0.07	0.267	0.097	0.071	0.584	0.05	0.119	0.05	0.101	0.03	0.069	0.11	0.052	0.071	0.205	0.042	0.11	0	0.119	0.045	0.052	0.075	0.043	0.071	0.052	0.147	0.082	0.446	0.038	0.08	0.063	0.042	0.064	0.21	0.053	0.068	0.129	0.065	0.033	0.071	0.053	0.071	0.368	0.059	0.08	0.162	0.058	0.076	0.087	0.043	0.087	0.129	0.068	0.191	0.165	0.036	0.11	0.21	0.087	0.101	0.087	0.402	0.087	0.101	0.03	0.061	0.042	0.071	0.042	0.095	0.044	0.38	0.082	0.403	0.057	0.101	0.068	0.068	0.03	0.21	0.19	0.052	0.077	0.052	0.129	0.041	0.052	0.033	0.085	0.147	0.038	0.051	0.11	0.101	0.043	0.412	0.039	0.087	0.028	0.042	0.071	0.639	0.042	0.097	0.282	0.055	0.08	0.11	0.501	0.071	0.21	0.059	0.147	0.5	0.089	0.071	0.242	0.368	0.029	0.184	0.09	0.125	0.11	0.037	0.043	0	0.075	0.326	0.188	0.038	0.032	0.11	0.053	0.272	0.057	0.527	0.029	0.09	0.063	0.03	0.028	0.063	0.055	0.041	0.347	0.197	0.051	0.09	0.101
GO:0006936	0.028	0.047	0.071	0.034	0.044	0.116	0.071	0.06	0.147	0.061	0.101	0.091	0.045	0.11	0.049	0.052	0.071	0.101	0.046	0.06	0.186	0.05	0.11	0.084	0.068	0.046	0.028	0.054	0.082	0.059	0.087	0.071	0.071	0.049	0.051	0.042	0.064	0.031	0.147	0.063	0.087	1	0.082	0.05	0.032	0.101	0.071	0.028	0.147	0.147	0.071	0.057	0.049	0.083	0.14	0.042	0.081	0.044	0.061	0.049	0.087	0.07	0.042	0.097	0.071	0.112	0.05	0.119	0.05	0.101	0.03	0.069	0.11	0.052	0.071	0.032	0.042	0.11	0	0.119	0.045	0.052	0.075	0.043	0.071	0.052	0.147	0.082	0.086	0.038	0.071	0.063	0.042	0.064	0.21	0.053	0.165	0.129	0.065	0.033	0.071	0.616	0.071	0.05	0.059	0.08	0.027	0.119	0.185	0.087	0.043	0.087	0.129	0.068	0.031	0.068	0.036	0.11	0.21	0.087	0.101	0.087	0.059	0.387	0.101	0.03	0.061	0.084	0.071	0.042	0.095	0.044	0.057	0.082	0.055	0.057	0.101	0.068	0.166	0.03	0.087	0.039	0.052	0.077	0.052	0.129	0.041	0.052	0.033	0.085	0.147	0.038	0.051	0.491	0.101	0.043	0.056	0.087	0.087	0.028	0.042	0.071	0.087	0.042	0.097	0.043	0.055	0.08	0.11	0.068	0.071	0.21	0.059	0.147	0.091	0.089	0.071	0.036	0.05	0.029	0.041	0.09	0.051	0.05	0.037	0.192	0	0.075	0.06	0.033	0.038	0.078	0.11	0.053	0.047	0.057	0.071	0.13	0.09	0.063	0.03	0.028	0.063	0.055	0.041	0.063	0.029	0.104	0.09	0.101
GO:0030036	0.078	0.115	0.252	0.132	0.113	0.147	0.531	0.14	0.311	0.062	0.227	0.211	0.344	0.1	0.238	0.054	0.071	0.094	0.348	0.271	0.082	0.252	0.1	0.179	0.164	0.243	0.076	0.138	0.605	0.315	0.451	0.367	0.531	0.127	0.053	0.112	0.334	0.428	0.311	0.156	0.082	0.082	1	0.127	0.088	0.227	0.071	0.155	0.128	0.573	0.071	0.326	0.288	0.196	0.172	0.111	0.191	0.114	0.141	0.116	0.451	0.153	0.112	0.091	0.367	0.252	0.126	0.108	0.052	0.227	0.083	0.168	0.1	0.255	0.531	0.086	0.112	0.244	0	0.108	0.116	0.508	0.179	0.115	0.171	0.131	0.311	0.605	0.083	0.042	0.09	0.156	0.046	0.484	0.174	0.13	0.068	0.281	0.158	0.092	0.071	0.056	0.171	0.053	0.06	0.188	0.07	0.059	0.074	0.2	0.112	0.082	0.116	0.166	0.105	0.164	0.096	0.1	0.174	0.082	0.227	0.083	0.148	0.082	0.095	0.08	0.152	0.111	0.07	0.045	0.198	0.113	0.143	0.191	0.057	0.143	0.095	0.165	0.068	0.162	0.082	0.091	0.125	0.075	0.12	0.116	0.17	0.054	0.077	0.082	0.128	0.102	0.054	0.1	0.227	0.106	0.14	0.219	0.082	0.072	0.11	0.071	0.082	0.045	0.091	0.112	0.139	0.077	0.1	0.068	0.07	0.174	0.06	0.128	0.211	0.085	0.07	0.039	0.053	0.081	0.098	0.207	0.13	0.117	0.101	0.103	0	0.179	0.061	0.081	0.105	0.087	0.1	0.133	0.05	0.059	0.071	0.075	0.085	0.156	0.083	0.075	0.156	0.376	0.108	0.064	0.08	0.128	0.085	0.095
GO:0043632	0.257	0.16	0.098	0.186	0.239	0.092	0.098	0.059	0.21	0.228	0.147	0.137	0.065	0.064	0.068	0.034	0.267	0.06	0.066	0.226	0.054	0.066	0.064	0.114	0.102	0.071	0.127	0.075	0.127	0.085	0.121	0.098	0.098	0.07	0.423	0.283	0.09	0.049	0.21	0.097	0.05	0.05	0.127	1	0.237	0.147	0.04	0.15	0.21	0.21	0.04	0.097	0.309	0.129	0.106	0.412	0.401	0.206	0.276	0.071	0.121	0.477	0.062	0.264	0.098	0.175	0.255	0.075	0.031	0.357	0.515	0.273	0.064	0.077	0.098	0.053	0.283	0.156	0	0.075	0.408	0.077	0.266	0.322	0.106	0.25	0.21	0.127	0.059	0.159	0.053	0.097	0.023	0.09	0.122	0.065	0.042	0.192	0.098	0.049	0.183	0.033	0.098	0.026	0.041	0.124	0.148	0.037	0.046	0.121	0.067	0.05	0.079	0.111	0.049	0.102	0.36	0.064	0.122	0.05	0.147	0.054	0.086	0.05	0.067	0.175	0.276	0.066	0.114	0.17	0.124	0.239	0.09	0.116	0.029	0.083	0.067	0.308	0.046	0.148	0.05	0.062	0.071	0.046	0.079	0.079	0.052	0.148	0.232	0.28	0.21	0.38	0.2	0.064	0.357	0.197	0.088	0.062	0.05	0.043	0.066	0.04	0.05	0.17	0.143	0.067	0.246	0.198	0.064	0.042	0.114	0.122	0.041	0.21	0.137	0.227	0.209	0.024	0.026	0.047	0.055	0.136	0.083	0.072	0.272	0.064	0	0.11	0.041	0.051	0.053	0.053	0.064	0.084	0.032	0.201	0.04	0.045	0.056	0.097	0.216	0.261	0.097	0.08	0.327	0.043	0.049	0.082	0.215	0.067
GO:1903320	0.336	0.106	0.061	0.148	0.186	0.063	0.061	0.044	0.139	0.35	0.098	0.093	0.042	0.042	0.045	0.024	0.159	0.04	0.042	0.154	0.037	0.04	0.042	0.077	0.068	0.048	0.116	0.047	0.088	0.055	0.077	0.061	0.061	0.044	0.315	0.527	0.057	0.036	0.139	0.162	0.032	0.032	0.088	0.237	1	0.098	0.057	0.119	0.139	0.139	0.057	0.071	0.121	0.088	0.07	0.14	0.275	0.163	0.183	0.143	0.077	0.382	0.04	0.096	0.061	0.121	0.277	0.051	0.07	0.237	0.193	0.193	0.042	0.145	0.061	0.045	0.434	0.102	0	0.176	0.165	0.145	0.23	0.564	0.07	0.25	0.139	0.088	0.122	0.518	0.036	0.066	0.029	0.057	0.081	0.038	0.028	0.13	0.066	0.043	0.119	0.074	0.061	0.015	0.085	0.244	0.103	0.026	0.03	0.077	0.123	0.073	0.054	0.224	0.036	0.068	0.149	0.042	0.081	0.032	0.098	0.037	0.055	0.032	0.134	0.354	0.174	0.045	0.195	0.232	0.082	0.186	0.062	0.075	0.017	0.136	0.134	0.242	0.111	0.114	0.032	0.136	0.112	0.03	0.144	0.054	0.034	0.09	0.428	0.254	0.139	0.203	0.266	0.042	0.237	0.179	0.061	0.043	0.032	0.078	0.113	0.057	0.032	0.232	0.096	0.046	0.235	0.257	0.097	0.064	0.195	0.081	0.085	0.139	0.093	0.136	0.195	0.057	0.015	0.082	0.037	0.092	0.164	0.145	0.453	0.108	0	0.072	0.093	0.099	0.043	0.107	0.097	0.059	0.066	0.277	0.025	0.095	0.038	0.162	0.868	0.156	0.162	0.053	0.415	0.089	0.05	0.057	0.142	0.134
GO:0031589	0.085	0.132	0.208	0.103	0.132	0.169	0.208	0.099	0.388	0.071	0.669	0.251	0.136	0.123	0.137	0.062	0.086	0.113	0.138	0.172	0.097	0.153	0.123	0.21	0.193	0.137	0.085	0.164	0.227	0.173	0.244	0.208	0.208	0.149	0.06	0.132	0.186	0.083	0.388	0.181	0.101	0.101	0.227	0.147	0.098	1	0.086	0.087	0.16	0.388	0.086	0.16	0.142	0.23	0.204	0.125	0.224	0.13	0.163	0.131	0.244	0.176	0.128	0.11	0.208	0.3	0.143	0.13	0.06	0.276	0.091	0.193	0.123	0.152	0.208	0.095	0.132	0.3	0	0.13	0.132	0.152	0.214	0.132	0.203	0.148	0.388	0.227	0.095	0.046	0.1	0.181	0.054	0.186	0.221	0.157	0.08	0.342	0.185	0.104	0.083	0.065	0.208	0.064	0.067	0.534	0.075	0.068	0.089	0.244	0.127	0.101	0.141	0.19	0.083	0.193	0.106	0.123	0.221	0.101	0.669	0.098	0.174	0.101	0.112	0.088	0.18	0.125	0.081	0.049	0.238	0.132	0.164	0.56	0.069	0.168	0.112	0.194	0.078	0.092	0.101	0.099	0.144	0.09	0.134	0.141	0.106	0.062	0.084	0.097	0.16	0.113	0.061	0.123	0.276	0.12	0.16	0.115	0.101	0.184	0.3	0.086	0.101	0.049	0.11	0.127	0.163	0.093	0.123	0.08	0.081	0.221	0.067	0.16	0.251	0.101	0.081	0.044	0.064	0.09	0.11	0.247	0.148	0.132	0.116	0.115	0	0.214	0.068	0.088	0.122	0.096	0.123	0.151	0.056	0.069	0.086	0.082	0.102	0.181	0.093	0.082	0.181	0.16	0.121	0.073	0.087	0.145	0.102	0.112
GO:0051438	0.023	0.038	0.057	0.027	0.033	0.049	0.057	0.029	0.128	0.051	0.086	0.078	0.035	0.093	0.04	0.043	0.057	0.086	0.036	0.05	0.073	0.038	0.093	0.072	0.056	0.038	0.021	0.042	0.071	0.048	0.071	0.057	0.057	0.038	0.042	0.031	0.051	0.026	0.128	0.106	0.071	0.071	0.071	0.04	0.057	0.086	1	0.022	0.128	0.128	0.422	0.049	0.041	0.071	0.059	0.034	0.069	0.035	0.051	0.089	0.071	0.06	0.033	0.083	0.057	0.099	0.041	0.104	0.089	0.086	0.024	0.06	0.093	0.092	0.057	0.045	0.031	0.093	0	0.22	0.036	0.092	0.062	0.034	0.059	0.043	0.128	0.071	0.143	0.064	0.029	0.053	0.075	0.051	0.187	0.04	0.056	0.113	0.054	0.056	0.059	0.095	0.057	0.037	0.098	0.146	0.022	0.048	0.063	0.071	0.077	0.173	0.113	0.126	0.026	0.056	0.029	0.093	0.187	0.071	0.086	0.074	0.048	0.071	0.169	0.053	0.049	0.034	0.117	0.07	0.081	0.033	0.048	0.067	0.041	0.095	0.169	0.056	0.126	0.024	0.071	0.072	0.082	0.064	0.088	0.113	0.033	0.043	0.028	0.073	0.128	0.031	0.086	0.093	0.086	0.035	0.046	0.031	0.071	0.046	0.07	0.139	0.071	0.07	0.083	0.035	0.045	0.066	0.227	0.137	0.117	0.187	0.098	0.128	0.078	0.076	0.117	0.064	0.037	0.049	0.033	0.077	0.093	0.09	0.028	0.067	0	0.062	0.194	0.106	0.064	0.058	0.227	0.044	0.079	0.101	0.057	0.106	0.077	0.106	0.052	0.022	0.106	0.044	0.033	0.106	0.052	0.042	0.077	0.169
GO:0000387	0.211	0.079	0.259	0.43	0.317	0.057	0.157	0.073	0.123	0.255	0.087	0.083	0.368	0.037	0.11	0.022	0.209	0.036	0.271	0.287	0.033	0.388	0.037	0.069	0.062	0.645	0.156	0.042	0.155	0.271	0.202	0.356	0.157	0.04	0.174	0.112	0.149	0.155	0.123	0.059	0.028	0.028	0.155	0.15	0.119	0.087	0.022	1	0.116	0.123	0.022	0.127	0.148	0.08	0.063	0.113	0.229	0.128	0.148	0.045	0.202	0.208	0.037	0.079	0.157	0.109	0.367	0.046	0.019	0.191	0.281	0.159	0.037	0.118	0.157	0.035	0.112	0.091	0	0.046	0.13	0.118	0.236	0.155	0.063	0.191	0.123	0.155	0.039	0.155	0.034	0.059	0.012	0.149	0.071	0.034	0.025	0.116	0.06	0.029	0.101	0.019	0.054	0.013	0.027	0.078	0.135	0.023	0.027	0.069	0.042	0.028	0.048	0.072	0.129	0.062	0.119	0.037	0.071	0.028	0.087	0.033	0.05	0.028	0.043	0.42	0.137	0.042	0.067	0.102	0.074	0.317	0.056	0.067	0.015	0.049	0.043	0.193	0.03	0.857	0.028	0.044	0.042	0.027	0.053	0.048	0.267	0.113	0.135	0.155	0.116	0.129	0.173	0.037	0.191	0.242	0.056	0.215	0.028	0.028	0.041	0.022	0.028	0.102	0.079	0.042	0.191	0.148	0.037	0.025	0.067	0.071	0.027	0.116	0.083	0.17	0.067	0.015	0.013	0.03	0.034	0.083	0.053	0.046	0.121	0.042	0	0.065	0.027	0.035	0.029	0.035	0.037	0.054	0.021	0.155	0.022	0.029	0.034	0.059	0.099	0.096	0.059	0.121	0.211	0.028	0.033	0.053	0.121	0.043
GO:0032259	0.116	0.199	0.128	0.143	0.207	0.097	0.128	0.054	0.224	0.242	0.16	0.144	0.083	0.176	0.086	0.084	0.311	0.16	0.084	0.239	0.133	0.097	0.176	0.13	0.112	0.08	0.127	0.101	0.128	0.104	0.147	0.128	0.128	0.091	0.2	0.203	0.113	0.049	0.224	0.105	0.147	0.147	0.128	0.21	0.139	0.16	0.128	0.116	1	0.224	0.128	0.087	0.182	0.13	0.119	0.176	0.306	0.183	0.245	0.079	0.147	0.478	0.077	0.373	0.128	0.166	0.195	0.176	0.086	0.388	0.129	0.259	0.176	0.09	0.128	0.054	0.203	0.176	0	0.176	0.187	0.09	0.306	0.193	0.119	0.203	0.224	0.128	0.123	0.149	0.061	0.105	0.083	0.113	0.306	0.103	0.112	0.193	0.107	0.063	0.288	0.093	0.128	0.102	0.089	0.123	0.109	0.094	0.128	0.147	0.073	0.147	0.193	0.105	0.049	0.112	0.148	0.176	0.306	0.147	0.16	0.136	0.104	0.147	0.148	0.13	0.264	0.072	0.263	0.162	0.15	0.207	0.093	0.138	0.107	0.101	0.148	0.274	0.105	0.121	0.147	0.057	0.091	0.129	0.079	0.193	0.07	0.179	0.128	0.323	0.543	0.158	0.202	0.176	0.388	0.179	0.091	0.066	0.147	0.046	0.072	0.128	0.147	0.162	0.373	0.073	0.235	0.325	0.176	0.112	0.263	0.306	0.089	0.543	0.144	0.285	0.263	0.061	0.102	0.052	0.07	0.141	0.083	0.08	0.172	0.069	0	0.126	0.09	0.052	0.076	0.054	0.176	0.086	0.076	0.242	0.128	0.049	0.141	0.105	0.135	0.121	0.105	0.095	0.17	0.097	0.049	0.082	0.342	0.148
GO:0030029	0.116	0.19	0.311	0.148	0.201	0.235	0.311	0.131	0.543	0.1	0.388	0.349	0.2	0.176	0.199	0.084	0.128	0.16	0.203	0.239	0.133	0.235	0.176	0.294	0.273	0.195	0.124	0.246	0.311	0.253	0.357	0.311	0.311	0.221	0.082	0.203	0.274	0.202	0.543	0.254	0.147	0.147	0.573	0.21	0.139	0.388	0.128	0.123	0.224	1	0.128	0.211	0.194	0.316	0.29	0.176	0.306	0.183	0.231	0.181	0.357	0.241	0.187	0.154	0.311	0.403	0.195	0.176	0.086	0.388	0.129	0.259	0.176	0.219	0.311	0.13	0.203	0.428	0	0.176	0.187	0.219	0.306	0.193	0.288	0.203	0.543	0.311	0.123	0.061	0.14	0.254	0.083	0.274	0.306	0.245	0.112	0.469	0.259	0.153	0.119	0.093	0.311	0.102	0.089	0.3	0.104	0.094	0.128	0.357	0.178	0.147	0.193	0.255	0.112	0.273	0.148	0.176	0.306	0.147	0.388	0.136	0.254	0.147	0.148	0.126	0.264	0.176	0.108	0.067	0.338	0.201	0.227	0.334	0.107	0.244	0.148	0.274	0.105	0.13	0.147	0.129	0.21	0.129	0.178	0.193	0.154	0.084	0.115	0.133	0.224	0.158	0.083	0.176	0.388	0.171	0.221	0.16	0.147	0.107	0.174	0.128	0.147	0.067	0.154	0.178	0.235	0.134	0.176	0.112	0.108	0.306	0.089	0.224	0.349	0.14	0.108	0.061	0.102	0.127	0.158	0.342	0.202	0.184	0.172	0.157	0	0.306	0.09	0.118	0.186	0.132	0.176	0.208	0.076	0.1	0.128	0.113	0.141	0.254	0.135	0.117	0.254	0.231	0.17	0.097	0.119	0.199	0.141	0.148
GO:0043087	0.023	0.038	0.057	0.027	0.033	0.049	0.057	0.029	0.128	0.051	0.086	0.078	0.035	0.093	0.04	0.043	0.057	0.086	0.036	0.05	0.073	0.038	0.093	0.072	0.056	0.038	0.021	0.042	0.071	0.048	0.071	0.057	0.057	0.038	0.042	0.031	0.051	0.026	0.128	0.106	0.071	0.071	0.071	0.04	0.057	0.086	0.422	0.022	0.128	0.128	1	0.049	0.041	0.071	0.059	0.034	0.069	0.035	0.051	0.089	0.071	0.06	0.033	0.083	0.057	0.099	0.041	0.104	0.089	0.086	0.024	0.06	0.093	0.092	0.057	0.045	0.031	0.093	0	0.22	0.036	0.092	0.062	0.034	0.059	0.043	0.128	0.071	0.143	0.064	0.029	0.053	0.075	0.051	0.187	0.04	0.056	0.113	0.054	0.056	0.059	0.095	0.057	0.037	0.098	0.146	0.022	0.048	0.063	0.071	0.077	0.173	0.113	0.126	0.026	0.056	0.029	0.093	0.187	0.071	0.086	0.074	0.048	0.071	0.169	0.053	0.049	0.034	0.117	0.07	0.081	0.033	0.048	0.067	0.041	0.095	0.169	0.056	0.126	0.024	0.071	0.072	0.082	0.064	0.088	0.113	0.033	0.043	0.028	0.073	0.128	0.031	0.086	0.093	0.086	0.035	0.046	0.031	0.071	0.046	0.07	0.139	0.071	0.07	0.083	0.035	0.045	0.066	0.227	0.137	0.117	0.187	0.098	0.128	0.078	0.076	0.117	0.064	0.037	0.049	0.033	0.077	0.093	0.09	0.028	0.067	0	0.062	0.194	0.106	0.064	0.058	0.227	0.044	0.079	0.101	0.057	0.106	0.077	0.106	0.052	0.022	0.106	0.044	0.033	0.106	0.052	0.042	0.077	0.169
GO:0006906	0.065	0.088	0.176	0.105	0.084	0.111	0.372	0.117	0.211	0.046	0.16	0.473	0.26	0.069	0.181	0.197	0.049	0.066	0.262	0.204	0.06	0.182	0.069	0.181	0.121	0.187	0.062	0.136	0.326	0.23	0.313	0.257	0.516	0.215	0.041	0.083	0.241	0.184	0.211	0.116	0.313	0.057	0.326	0.097	0.071	0.16	0.049	0.127	0.087	0.211	0.049	1	0.226	0.143	0.125	0.087	0.141	0.089	0.106	0.091	0.313	0.117	0.196	0.065	0.502	0.416	0.099	0.077	0.04	0.16	0.067	0.128	0.069	0.192	0.536	0.172	0.083	0.168	0	0.077	0.09	0.27	0.129	0.087	0.125	0.102	0.211	0.326	0.262	0.034	0.098	0.116	0.034	0.348	0.115	0.093	0.05	0.197	0.118	0.072	0.051	0.042	0.12	0.174	0.047	0.139	0.139	0.045	0.053	0.139	0.088	0.057	0.081	0.127	0.19	0.171	0.077	0.069	0.115	0.057	0.16	0.06	0.273	0.057	0.07	0.065	0.11	0.087	0.053	0.036	0.141	0.084	0.373	0.135	0.192	0.106	0.07	0.121	0.052	0.132	0.115	0.17	0.094	0.054	0.096	0.081	0.134	0.042	0.065	0.06	0.087	0.081	0.042	0.069	0.16	0.083	0.383	0.175	0.057	0.06	0.086	0.049	0.313	0.036	0.065	0.216	0.103	0.055	0.069	0.272	0.053	0.115	0.047	0.087	0.346	0.061	0.053	0.15	0.174	0.066	0.157	0.15	0.143	0.125	0.078	0.083	0	0.129	0.196	0.162	0.079	0.072	0.069	0.103	0.163	0.043	0.257	0.063	0.062	0.116	0.067	0.061	0.116	0.28	0.085	0.205	0.224	0.1	0.062	0.07
GO:0000422	0.116	0.155	0.152	0.139	0.136	0.095	0.481	0.097	0.194	0.088	0.142	0.134	0.32	0.061	0.153	0.036	0.09	0.058	0.224	0.293	0.053	0.15	0.061	0.114	0.103	0.161	0.1	0.081	0.288	0.201	0.284	0.225	0.331	0.076	0.128	0.133	0.211	0.159	0.194	0.099	0.049	0.049	0.288	0.309	0.121	0.142	0.041	0.148	0.182	0.194	0.041	0.226	1	0.127	0.107	0.276	0.28	0.16	0.194	0.076	0.284	0.225	0.069	0.231	0.225	0.166	0.186	0.071	0.033	0.319	0.203	0.253	0.061	0.164	0.331	0.058	0.133	0.149	0	0.071	0.287	0.233	0.244	0.15	0.107	0.191	0.194	0.288	0.057	0.064	0.059	0.099	0.026	0.309	0.109	0.073	0.043	0.18	0.1	0.057	0.097	0.034	0.1	0.029	0.041	0.123	0.072	0.038	0.046	0.12	0.072	0.049	0.074	0.111	0.075	0.103	0.245	0.061	0.109	0.049	0.142	0.053	0.09	0.049	0.064	0.108	0.199	0.072	0.105	0.068	0.123	0.136	0.093	0.116	0.032	0.088	0.064	0.229	0.046	0.151	0.049	0.066	0.076	0.046	0.083	0.074	0.108	0.062	0.116	0.119	0.182	0.257	0.078	0.061	0.319	0.145	0.091	0.151	0.049	0.048	0.071	0.041	0.049	0.068	0.129	0.072	0.187	0.104	0.061	0.043	0.105	0.109	0.041	0.182	0.134	0.092	0.189	0.026	0.029	0.053	0.062	0.133	0.086	0.077	0.128	0.069	0	0.11	0.042	0.056	0.061	0.059	0.061	0.088	0.033	0.078	0.041	0.05	0.055	0.099	0.11	0.18	0.099	0.343	0.152	0.044	0.054	0.085	0.123	0.064
GO:0001708	0.079	0.116	0.173	0.093	0.114	0.484	0.173	0.228	0.316	0.062	0.23	0.213	0.119	0.247	0.292	0.055	0.071	0.23	0.12	0.15	0.201	0.13	0.247	0.181	0.543	0.121	0.077	0.139	0.196	0.149	0.203	0.173	0.173	0.128	0.054	0.113	0.158	0.232	0.316	0.157	0.083	0.083	0.196	0.129	0.088	0.23	0.071	0.08	0.13	0.316	0.071	0.143	0.127	1	0.249	0.112	0.193	0.115	0.142	0.117	0.203	0.155	0.113	0.092	0.173	0.255	0.127	0.266	0.053	0.23	0.083	0.169	0.102	0.133	0.173	0.087	0.113	0.247	0	0.266	0.117	0.133	0.181	0.116	0.173	0.132	0.316	0.196	0.084	0.042	0.271	0.491	0.047	0.158	0.176	0.132	0.166	0.285	0.522	0.093	0.071	0.056	0.173	0.054	0.146	0.19	0.07	0.145	0.16	0.203	0.113	0.083	0.285	0.505	0.078	0.166	0.097	0.102	0.176	0.083	0.23	0.084	0.149	0.083	0.096	0.08	0.154	0.346	0.071	0.045	0.2	0.114	0.144	0.193	0.058	0.145	0.096	0.167	0.167	0.084	0.083	0.092	0.126	0.076	0.121	0.117	0.095	0.055	0.078	0.083	0.13	0.102	0.054	0.102	0.23	0.107	0.141	0.158	0.083	0.072	0.111	0.071	0.083	0.045	0.092	0.113	0.141	0.078	0.102	0.068	0.071	0.176	0.06	0.13	0.213	0.086	0.071	0.04	0.054	0.082	0.098	0.874	0.131	0.118	0.102	0.104	0	0.181	0.061	0.081	0.106	0.282	0.102	0.134	0.05	0.059	0.071	0.075	0.086	0.157	0.084	0.075	0.157	0.139	0.109	0.065	0.08	0.423	0.086	0.096
GO:0042552	0.064	0.094	0.144	0.074	0.088	0.399	0.144	0.184	0.29	0.053	0.204	0.188	0.095	0.319	0.179	0.046	0.059	0.266	0.096	0.127	0.515	0.102	0.319	0.156	0.278	0.1	0.059	0.112	0.172	0.123	0.174	0.144	0.144	0.103	0.045	0.087	0.131	0.116	0.29	0.134	0.072	0.14	0.172	0.106	0.07	0.204	0.059	0.063	0.119	0.29	0.059	0.125	0.107	0.249	1	0.092	0.17	0.095	0.119	0.097	0.174	0.133	0.09	0.081	0.144	0.232	0.108	0.302	0.043	0.204	0.066	0.148	0.09	0.11	0.144	0.071	0.087	0.219	0	0.212	0.096	0.11	0.155	0.093	0.148	0.112	0.29	0.172	0.075	0.035	0.19	0.262	0.036	0.131	0.167	0.103	0.571	0.26	0.249	0.073	0.061	0.087	0.144	0.042	0.107	0.167	0.056	0.288	0.288	0.174	0.093	0.072	0.227	0.209	0.064	0.142	0.079	0.09	0.167	0.072	0.204	0.074	0.123	0.14	0.087	0.063	0.127	0.291	0.062	0.038	0.174	0.088	0.122	0.166	0.046	0.12	0.087	0.142	0.344	0.067	0.072	0.078	0.102	0.065	0.103	0.107	0.075	0.046	0.063	0.073	0.119	0.084	0.046	0.184	0.204	0.086	0.119	0.324	0.072	0.058	0.091	0.059	0.072	0.038	0.081	0.093	0.116	0.067	0.09	0.058	0.062	0.167	0.053	0.119	0.188	0.076	0.062	0.032	0.042	0.065	0.078	0.265	0.111	0.098	0.08	0.123	0	0.155	0.053	0.067	0.081	0.299	0.09	0.114	0.042	0.049	0.059	0.084	0.076	0.134	0.065	0.059	0.134	0.115	0.089	0.056	0.065	0.321	0.076	0.087
GO:0046395	0.145	0.142	0.083	0.135	0.167	0.081	0.083	0.054	0.176	0.14	0.125	0.118	0.058	0.054	0.06	0.031	0.153	0.052	0.058	0.199	0.047	0.057	0.054	0.099	0.089	0.063	0.154	0.065	0.111	0.074	0.103	0.083	0.083	0.061	0.247	0.156	0.078	0.045	0.176	0.085	0.042	0.042	0.111	0.412	0.14	0.125	0.034	0.113	0.176	0.176	0.034	0.087	0.276	0.112	0.092	1	0.584	0.407	0.251	0.064	0.103	0.268	0.055	0.477	0.083	0.151	0.235	0.064	0.027	0.305	0.27	0.241	0.054	0.068	0.083	0.048	0.156	0.132	0	0.064	0.383	0.068	0.23	0.178	0.092	0.231	0.176	0.111	0.052	0.101	0.048	0.085	0.02	0.078	0.101	0.056	0.037	0.164	0.086	0.044	0.168	0.029	0.083	0.022	0.036	0.109	0.099	0.033	0.039	0.103	0.06	0.042	0.067	0.098	0.045	0.089	0.343	0.054	0.101	0.042	0.125	0.047	0.074	0.042	0.058	0.13	0.673	0.059	0.1	0.107	0.107	0.167	0.079	0.099	0.025	0.073	0.058	0.277	0.041	0.113	0.042	0.057	0.062	0.039	0.072	0.067	0.047	0.096	0.138	0.176	0.176	0.633	0.125	0.054	0.305	0.234	0.078	0.056	0.042	0.039	0.059	0.034	0.042	0.107	0.226	0.06	0.224	0.18	0.054	0.037	0.1	0.101	0.036	0.176	0.118	0.141	0.185	0.022	0.022	0.043	0.05	0.117	0.074	0.065	0.152	0.058	0	0.095	0.037	0.047	0.046	0.049	0.054	0.075	0.029	0.124	0.034	0.041	0.048	0.085	0.127	0.254	0.085	0.07	0.182	0.038	0.045	0.073	0.294	0.058
GO:0006082	0.253	0.276	0.169	0.276	0.367	0.145	0.169	0.09	0.306	0.257	0.224	0.207	0.117	0.099	0.118	0.054	0.31	0.092	0.118	0.356	0.081	0.127	0.099	0.176	0.162	0.119	0.315	0.136	0.191	0.145	0.197	0.169	0.169	0.125	0.222	0.358	0.154	0.077	0.306	0.154	0.081	0.081	0.191	0.401	0.275	0.224	0.069	0.229	0.306	0.306	0.069	0.141	0.28	0.193	0.17	0.584	1	0.541	0.463	0.115	0.197	0.472	0.111	0.4	0.169	0.248	0.409	0.107	0.052	0.543	0.263	0.403	0.099	0.13	0.169	0.086	0.358	0.24	0	0.107	0.366	0.13	0.428	0.363	0.169	0.409	0.306	0.191	0.082	0.174	0.089	0.154	0.045	0.154	0.17	0.129	0.067	0.277	0.156	0.091	0.311	0.055	0.169	0.053	0.059	0.186	0.174	0.058	0.073	0.197	0.111	0.081	0.114	0.164	0.077	0.162	0.311	0.099	0.17	0.081	0.224	0.082	0.146	0.081	0.094	0.256	0.795	0.11	0.168	0.187	0.195	0.367	0.141	0.188	0.056	0.141	0.094	0.514	0.067	0.235	0.081	0.091	0.123	0.074	0.119	0.114	0.093	0.189	0.245	0.319	0.306	0.534	0.223	0.099	0.543	0.442	0.138	0.102	0.081	0.071	0.109	0.069	0.081	0.187	0.4	0.111	0.438	0.339	0.099	0.067	0.168	0.17	0.059	0.306	0.207	0.279	0.168	0.039	0.053	0.081	0.097	0.205	0.129	0.116	0.322	0.102	0	0.176	0.06	0.08	0.103	0.086	0.099	0.132	0.049	0.247	0.069	0.074	0.084	0.154	0.263	0.245	0.154	0.136	0.34	0.063	0.079	0.127	0.522	0.094
GO:0019395	0.174	0.146	0.086	0.156	0.199	0.083	0.086	0.055	0.183	0.197	0.13	0.122	0.059	0.056	0.062	0.031	0.147	0.053	0.06	0.204	0.048	0.059	0.056	0.102	0.091	0.065	0.163	0.067	0.114	0.076	0.106	0.086	0.086	0.063	0.174	0.184	0.08	0.046	0.183	0.087	0.044	0.044	0.114	0.206	0.163	0.13	0.035	0.128	0.183	0.183	0.035	0.089	0.16	0.115	0.095	0.407	0.541	1	0.249	0.065	0.106	0.267	0.057	0.21	0.086	0.156	0.233	0.066	0.028	0.315	0.163	0.247	0.056	0.07	0.086	0.049	0.184	0.137	0	0.066	0.357	0.07	0.237	0.214	0.094	0.229	0.183	0.114	0.054	0.141	0.049	0.087	0.021	0.08	0.105	0.058	0.038	0.169	0.088	0.045	0.164	0.029	0.086	0.023	0.037	0.112	0.095	0.034	0.041	0.106	0.061	0.044	0.07	0.101	0.046	0.091	0.31	0.056	0.105	0.044	0.13	0.049	0.077	0.044	0.06	0.152	0.573	0.061	0.103	0.103	0.11	0.199	0.081	0.103	0.026	0.075	0.06	0.516	0.042	0.127	0.044	0.058	0.064	0.041	0.073	0.07	0.048	0.09	0.161	0.172	0.183	0.255	0.12	0.056	0.315	0.251	0.08	0.057	0.044	0.04	0.06	0.035	0.044	0.103	0.21	0.061	0.221	0.175	0.056	0.038	0.103	0.105	0.037	0.183	0.122	0.136	0.103	0.022	0.023	0.043	0.051	0.121	0.076	0.066	0.18	0.059	0	0.098	0.038	0.048	0.048	0.049	0.056	0.077	0.029	0.118	0.035	0.042	0.05	0.087	0.147	0.227	0.087	0.072	0.221	0.039	0.046	0.075	0.271	0.06
GO:0090407	0.293	0.242	0.111	0.18	0.232	0.102	0.111	0.065	0.231	0.196	0.163	0.152	0.075	0.077	0.078	0.042	0.229	0.072	0.076	0.251	0.064	0.078	0.077	0.126	0.114	0.08	0.49	0.087	0.141	0.097	0.136	0.111	0.111	0.08	0.171	0.221	0.102	0.054	0.231	0.108	0.061	0.061	0.141	0.276	0.183	0.163	0.051	0.148	0.245	0.231	0.051	0.106	0.194	0.142	0.119	0.251	0.463	0.249	1	0.08	0.136	0.345	0.071	0.171	0.111	0.191	0.299	0.087	0.039	0.396	0.177	0.299	0.077	0.087	0.111	0.059	0.221	0.173	0	0.087	0.253	0.087	0.299	0.24	0.118	0.295	0.231	0.141	0.068	0.135	0.06	0.108	0.032	0.102	0.14	0.077	0.051	0.211	0.11	0.057	0.503	0.041	0.111	0.036	0.048	0.137	0.128	0.045	0.056	0.136	0.075	0.061	0.092	0.122	0.054	0.114	0.366	0.077	0.14	0.061	0.163	0.065	0.097	0.061	0.077	0.169	0.336	0.074	0.247	0.302	0.139	0.232	0.1	0.13	0.039	0.095	0.077	0.366	0.054	0.15	0.061	0.067	0.081	0.056	0.087	0.092	0.06	0.139	0.278	0.247	0.245	0.231	0.172	0.077	0.396	0.411	0.098	0.069	0.061	0.048	0.074	0.051	0.061	0.302	0.315	0.075	0.3	0.259	0.077	0.051	0.247	0.14	0.048	0.245	0.152	0.207	0.134	0.03	0.036	0.053	0.063	0.15	0.092	0.081	0.274	0.071	0	0.123	0.048	0.057	0.062	0.059	0.077	0.094	0.039	0.182	0.051	0.05	0.067	0.108	0.169	0.164	0.108	0.091	0.236	0.051	0.054	0.09	0.274	0.077
GO:0050804	0.048	0.063	0.089	0.052	0.056	0.086	0.089	0.058	0.181	0.039	0.131	0.123	0.063	0.061	0.065	0.036	0.041	0.058	0.063	0.087	0.053	0.063	0.061	0.104	0.094	0.068	0.041	0.071	0.116	0.08	0.108	0.089	0.089	0.066	0.035	0.054	0.083	0.049	0.181	0.348	0.049	0.049	0.116	0.071	0.143	0.131	0.089	0.045	0.079	0.181	0.089	0.091	0.076	0.117	0.097	0.064	0.115	0.065	0.08	1	0.108	0.092	0.06	0.057	0.089	0.155	0.076	0.07	0.112	0.131	0.047	0.104	0.061	0.211	0.089	0.067	0.054	0.137	0	0.24	0.066	0.211	0.1	0.061	0.097	0.078	0.181	0.116	0.168	0.088	0.052	0.09	0.054	0.083	0.108	0.556	0.042	0.168	0.091	0.07	0.044	0.117	0.089	0.029	0.123	0.325	0.042	0.038	0.045	0.108	0.384	0.108	0.074	0.295	0.049	0.094	0.057	0.061	0.108	0.049	0.131	0.053	0.08	0.049	0.187	0.13	0.081	0.064	0.14	0.093	0.492	0.056	0.084	0.105	0.032	0.308	0.187	0.094	0.156	0.047	0.049	0.416	0.319	0.046	0.196	0.074	0.051	0.036	0.047	0.053	0.079	0.059	0.108	0.061	0.131	0.059	0.083	0.06	0.049	0.115	0.167	0.089	0.049	0.093	0.057	0.064	0.076	0.047	0.137	0.094	0.14	0.108	0.123	0.079	0.123	0.054	0.14	0.089	0.029	0.187	0.054	0.122	0.225	0.202	0.053	0.537	0	0.1	0.132	0.137	0.075	0.151	0.137	0.08	0.102	0.122	0.041	0.656	0.054	0.348	0.13	0.042	0.348	0.076	0.062	0.13	0.323	0.077	0.054	0.187
GO:0097435	0.069	0.106	0.319	0.151	0.102	0.144	0.527	0.181	0.357	0.061	0.244	0.222	0.332	0.11	0.326	0.052	0.071	0.101	0.336	0.367	0.085	0.366	0.11	0.182	0.165	0.327	0.065	0.132	0.451	0.437	0.639	0.527	0.527	0.119	0.051	0.101	0.47	0.309	0.357	0.154	0.087	0.087	0.451	0.121	0.077	0.244	0.071	0.202	0.147	0.357	0.071	0.313	0.284	0.203	0.174	0.103	0.197	0.106	0.136	0.108	1	0.152	0.103	0.097	0.527	0.273	0.121	0.119	0.05	0.244	0.073	0.169	0.11	0.35	0.527	0.077	0.101	0.267	0	0.119	0.108	0.35	0.183	0.106	0.173	0.125	0.357	0.451	0.086	0.038	0.08	0.154	0.042	0.47	0.21	0.122	0.068	0.313	0.157	0.081	0.071	0.053	0.173	0.05	0.059	0.193	0.06	0.058	0.076	0.21	0.104	0.087	0.129	0.166	0.116	0.165	0.087	0.11	0.21	0.087	0.244	0.087	0.144	0.087	0.101	0.069	0.149	0.102	0.071	0.042	0.207	0.102	0.139	0.198	0.055	0.139	0.101	0.165	0.068	0.213	0.087	0.084	0.117	0.077	0.114	0.129	0.232	0.052	0.068	0.085	0.147	0.093	0.051	0.11	0.244	0.097	0.135	0.285	0.087	0.062	0.101	0.071	0.087	0.042	0.097	0.104	0.134	0.08	0.11	0.068	0.071	0.21	0.059	0.147	0.222	0.089	0.071	0.036	0.05	0.071	0.088	0.218	0.125	0.11	0.09	0.095	0	0.183	0.06	0.072	0.093	0.078	0.11	0.128	0.047	0.057	0.071	0.065	0.09	0.154	0.072	0.064	0.154	0.369	0.099	0.063	0.071	0.123	0.09	0.101
GO:0043414	0.321	0.217	0.128	0.253	0.326	0.116	0.128	0.075	0.241	0.287	0.176	0.165	0.09	0.084	0.092	0.048	0.34	0.08	0.091	0.285	0.071	0.095	0.084	0.14	0.128	0.094	0.179	0.103	0.153	0.112	0.152	0.128	0.128	0.096	0.251	0.479	0.118	0.064	0.241	0.122	0.07	0.07	0.153	0.477	0.382	0.176	0.06	0.208	0.478	0.241	0.06	0.117	0.225	0.155	0.133	0.268	0.472	0.267	0.345	0.092	0.152	1	0.086	0.189	0.128	0.201	0.313	0.093	0.046	0.428	0.314	0.329	0.084	0.102	0.128	0.07	0.479	0.187	0	0.093	0.271	0.102	0.335	0.514	0.133	0.311	0.241	0.153	0.073	0.201	0.072	0.122	0.04	0.118	0.143	0.095	0.059	0.221	0.124	0.071	0.235	0.049	0.128	0.046	0.054	0.15	0.189	0.052	0.064	0.152	0.088	0.07	0.098	0.134	0.064	0.128	0.235	0.084	0.143	0.07	0.176	0.072	0.113	0.07	0.083	0.236	0.353	0.088	0.15	0.215	0.153	0.326	0.113	0.146	0.049	0.11	0.083	0.381	0.06	0.209	0.07	0.077	0.096	0.064	0.098	0.098	0.073	0.202	0.364	0.49	0.26	0.247	0.253	0.084	0.428	0.257	0.111	0.082	0.07	0.058	0.087	0.06	0.07	0.215	0.189	0.088	0.318	0.254	0.084	0.059	0.15	0.143	0.054	0.26	0.165	0.294	0.15	0.036	0.046	0.065	0.076	0.163	0.104	0.093	0.448	0.083	0	0.138	0.054	0.066	0.078	0.07	0.084	0.106	0.045	0.265	0.06	0.061	0.074	0.122	0.359	0.18	0.122	0.106	0.411	0.057	0.065	0.103	0.268	0.083
GO:0070588	0.04	0.054	0.08	0.042	0.044	0.079	0.08	0.051	0.187	0.033	0.128	0.275	0.053	0.056	0.056	0.188	0.033	0.053	0.053	0.08	0.047	0.052	0.056	0.141	0.087	0.059	0.031	0.087	0.112	0.071	0.103	0.08	0.08	0.687	0.029	0.042	0.074	0.042	0.187	0.083	0.267	0.042	0.112	0.062	0.04	0.128	0.033	0.037	0.077	0.187	0.033	0.196	0.069	0.113	0.09	0.055	0.111	0.057	0.071	0.06	0.103	0.086	1	0.052	0.08	0.359	0.069	0.067	0.026	0.128	0.038	0.099	0.056	0.064	0.08	0.654	0.042	0.136	0	0.067	0.058	0.064	0.093	0.051	0.09	0.071	0.187	0.112	0.219	0.023	0.061	0.083	0.017	0.074	0.111	0.05	0.036	0.172	0.084	0.039	0.037	0.027	0.08	0.501	0.036	0.109	0.101	0.032	0.039	0.103	0.056	0.042	0.071	0.098	0.128	0.129	0.048	0.056	0.111	0.042	0.128	0.048	0.192	0.042	0.06	0.035	0.073	0.055	0.041	0.025	0.107	0.044	0.213	0.099	0.611	0.069	0.06	0.087	0.04	0.039	0.093	0.116	0.058	0.039	0.069	0.071	0.042	0.029	0.04	0.047	0.077	0.051	0.029	0.056	0.128	0.05	0.24	0.051	0.042	0.035	0.055	0.033	0.267	0.025	0.052	0.61	0.067	0.04	0.056	0.226	0.041	0.111	0.036	0.077	0.377	0.049	0.041	0.136	0.157	0.038	0.106	0.119	0.106	0.087	0.042	0.054	0	0.093	0.15	0.22	0.04	0.044	0.056	0.072	0.233	0.028	0.2	0.037	0.049	0.083	0.035	0.033	0.083	0.067	0.054	0.157	0.111	0.07	0.049	0.06
GO:0044282	0.084	0.137	0.083	0.097	0.133	0.068	0.083	0.04	0.154	0.169	0.11	0.1	0.055	0.119	0.059	0.06	0.201	0.11	0.055	0.167	0.094	0.061	0.119	0.092	0.077	0.055	0.158	0.065	0.091	0.069	0.097	0.083	0.083	0.06	0.248	0.128	0.074	0.037	0.154	0.073	0.097	0.097	0.091	0.264	0.096	0.11	0.083	0.079	0.373	0.154	0.083	0.065	0.231	0.092	0.081	0.477	0.4	0.21	0.171	0.057	0.097	0.189	0.052	1	0.083	0.12	0.14	0.126	0.059	0.266	0.165	0.188	0.119	0.061	0.083	0.038	0.128	0.119	0	0.126	0.238	0.061	0.207	0.129	0.081	0.145	0.154	0.091	0.093	0.109	0.043	0.073	0.053	0.074	0.211	0.065	0.077	0.136	0.074	0.042	0.197	0.063	0.083	0.062	0.066	0.088	0.079	0.066	0.086	0.097	0.051	0.097	0.136	0.076	0.037	0.077	0.192	0.119	0.211	0.097	0.11	0.096	0.07	0.097	0.109	0.091	0.322	0.05	0.191	0.118	0.104	0.133	0.066	0.092	0.067	0.067	0.109	0.188	0.076	0.082	0.097	0.044	0.062	0.087	0.059	0.136	0.049	0.123	0.095	0.228	0.373	0.432	0.144	0.119	0.266	0.229	0.064	0.046	0.097	0.034	0.05	0.083	0.097	0.118	0.474	0.051	0.159	0.218	0.119	0.077	0.191	0.211	0.066	0.373	0.1	0.192	0.351	0.043	0.062	0.036	0.049	0.099	0.059	0.058	0.113	0.05	0	0.085	0.067	0.038	0.049	0.039	0.119	0.061	0.055	0.162	0.083	0.035	0.099	0.073	0.091	0.155	0.073	0.064	0.119	0.071	0.035	0.059	0.441	0.109
GO:0061025	0.056	0.085	0.255	0.119	0.077	0.12	0.422	0.142	0.311	0.051	0.208	0.19	0.26	0.093	0.256	0.043	0.057	0.086	0.263	0.295	0.073	0.277	0.093	0.153	0.137	0.261	0.049	0.103	0.367	0.351	0.527	0.422	0.422	0.093	0.042	0.075	0.377	0.163	0.311	0.128	0.071	0.071	0.367	0.098	0.061	0.208	0.057	0.157	0.128	0.311	0.057	0.502	0.225	0.173	0.144	0.083	0.169	0.086	0.111	0.089	0.527	0.128	0.08	0.083	1	0.24	0.101	0.104	0.04	0.208	0.057	0.145	0.093	0.277	0.422	0.063	0.075	0.227	0	0.104	0.088	0.277	0.151	0.083	0.144	0.105	0.311	0.367	0.076	0.032	0.064	0.128	0.031	0.377	0.187	0.091	0.056	0.274	0.131	0.062	0.059	0.043	0.139	0.037	0.051	0.166	0.048	0.048	0.063	0.173	0.084	0.071	0.113	0.143	0.094	0.137	0.07	0.093	0.187	0.071	0.208	0.074	0.116	0.071	0.089	0.053	0.12	0.083	0.061	0.035	0.173	0.077	0.116	0.164	0.041	0.112	0.089	0.137	0.059	0.166	0.071	0.072	0.093	0.064	0.097	0.113	0.176	0.043	0.056	0.073	0.128	0.075	0.043	0.093	0.208	0.077	0.113	0.231	0.071	0.05	0.082	0.057	0.071	0.035	0.083	0.084	0.108	0.066	0.093	0.056	0.061	0.187	0.051	0.128	0.19	0.076	0.061	0.029	0.037	0.056	0.069	0.186	0.104	0.09	0.069	0.078	0	0.151	0.051	0.06	0.069	0.063	0.093	0.107	0.04	0.046	0.057	0.052	0.077	0.128	0.055	0.05	0.128	0.292	0.08	0.055	0.057	0.103	0.077	0.089
GO:0007034	0.104	0.159	0.24	0.128	0.164	0.196	0.24	0.118	0.403	0.082	0.3	0.632	0.166	0.133	0.166	0.328	0.099	0.123	0.168	0.198	0.107	0.187	0.133	0.323	0.221	0.164	0.108	0.264	0.252	0.203	0.273	0.24	0.24	0.411	0.07	0.164	0.217	0.102	0.403	0.208	0.584	0.112	0.252	0.175	0.121	0.3	0.099	0.109	0.166	0.403	0.099	0.416	0.166	0.255	0.232	0.151	0.248	0.156	0.191	0.155	0.273	0.201	0.359	0.12	0.24	1	0.167	0.138	0.072	0.3	0.114	0.216	0.133	0.181	0.24	0.277	0.164	0.323	0	0.138	0.158	0.181	0.242	0.161	0.231	0.173	0.403	0.252	0.427	0.054	0.164	0.208	0.068	0.217	0.219	0.192	0.091	0.36	0.212	0.131	0.095	0.076	0.24	0.354	0.076	0.244	0.221	0.079	0.101	0.273	0.152	0.112	0.148	0.214	0.252	0.306	0.129	0.133	0.219	0.112	0.3	0.109	0.505	0.112	0.12	0.111	0.211	0.15	0.09	0.058	0.265	0.164	0.479	0.259	0.383	0.198	0.12	0.221	0.088	0.115	0.218	0.26	0.173	0.101	0.155	0.148	0.132	0.072	0.104	0.107	0.166	0.137	0.071	0.133	0.3	0.146	0.506	0.139	0.112	0.097	0.149	0.099	0.584	0.058	0.12	0.369	0.192	0.105	0.133	0.473	0.09	0.219	0.076	0.166	0.632	0.111	0.09	0.244	0.354	0.112	0.266	0.272	0.239	0.212	0.145	0.137	0	0.242	0.32	0.252	0.153	0.117	0.133	0.176	0.271	0.081	0.49	0.102	0.112	0.208	0.118	0.104	0.208	0.189	0.146	0.339	0.263	0.17	0.112	0.12
GO:0072521	0.322	0.175	0.101	0.435	0.573	0.095	0.101	0.064	0.195	0.334	0.143	0.135	0.072	0.062	0.074	0.036	0.185	0.059	0.073	0.234	0.053	0.074	0.062	0.114	0.104	0.077	0.418	0.081	0.126	0.09	0.121	0.101	0.101	0.076	0.296	0.33	0.094	0.054	0.195	0.1	0.05	0.05	0.126	0.255	0.277	0.143	0.041	0.367	0.195	0.195	0.041	0.099	0.186	0.127	0.108	0.235	0.409	0.233	0.299	0.076	0.121	0.313	0.069	0.14	0.101	0.167	1	0.071	0.033	0.347	0.446	0.275	0.062	0.082	0.101	0.058	0.33	0.15	0	0.071	0.236	0.082	0.496	0.353	0.107	0.502	0.195	0.126	0.058	0.251	0.059	0.1	0.026	0.094	0.109	0.073	0.043	0.181	0.101	0.057	0.198	0.035	0.101	0.029	0.041	0.124	0.121	0.039	0.046	0.121	0.073	0.05	0.075	0.112	0.054	0.104	0.209	0.062	0.109	0.05	0.143	0.054	0.09	0.05	0.065	0.423	0.301	0.072	0.114	0.128	0.124	0.573	0.093	0.116	0.032	0.088	0.065	0.328	0.046	0.37	0.05	0.066	0.077	0.046	0.083	0.075	0.059	0.12	0.264	0.205	0.195	0.355	0.148	0.062	0.347	0.549	0.092	0.067	0.05	0.049	0.071	0.041	0.05	0.128	0.14	0.072	0.54	0.446	0.062	0.043	0.114	0.109	0.041	0.195	0.135	0.171	0.114	0.026	0.029	0.053	0.062	0.133	0.087	0.077	0.312	0.069	0	0.111	0.042	0.056	0.061	0.059	0.062	0.088	0.034	0.152	0.041	0.051	0.055	0.1	0.26	0.265	0.1	0.085	0.348	0.044	0.055	0.086	0.226	0.065
GO:0048646	0.044	0.071	0.104	0.054	0.072	0.279	0.104	0.209	0.176	0.086	0.13	0.119	0.071	0.543	0.38	0.074	0.104	0.688	0.072	0.085	0.432	0.081	0.543	0.11	0.358	0.07	0.047	0.085	0.108	0.088	0.119	0.104	0.104	0.077	0.073	0.071	0.094	0.313	0.176	0.089	0.119	0.119	0.108	0.075	0.051	0.13	0.104	0.046	0.176	0.176	0.104	0.077	0.071	0.266	0.302	0.064	0.107	0.066	0.087	0.07	0.119	0.093	0.067	0.126	0.104	0.138	0.071	1	0.074	0.13	0.048	0.092	0.141	0.077	0.104	0.049	0.071	0.141	0	0.352	0.067	0.077	0.105	0.069	0.099	0.074	0.176	0.108	0.107	0.056	0.187	0.337	0.07	0.094	0.234	0.085	0.358	0.156	0.325	0.056	0.099	0.08	0.104	0.083	0.192	0.105	0.042	0.425	0.337	0.119	0.065	0.119	0.38	0.222	0.045	0.095	0.055	0.141	0.234	0.119	0.13	0.114	0.088	0.119	0.126	0.049	0.091	0.338	0.094	0.06	0.123	0.072	0.081	0.112	0.088	0.085	0.126	0.095	0.329	0.049	0.119	0.053	0.078	0.107	0.071	0.156	0.062	0.074	0.048	0.112	0.176	0.058	0.073	0.141	0.13	0.065	0.079	0.202	0.119	0.043	0.063	0.104	0.119	0.06	0.126	0.065	0.082	0.11	0.141	0.095	0.094	0.234	0.079	0.176	0.119	0.116	0.094	0.055	0.083	0.047	0.063	0.285	0.073	0.071	0.062	0.062	0	0.105	0.08	0.048	0.066	0.182	0.141	0.075	0.068	0.084	0.104	0.045	0.117	0.089	0.05	0.045	0.089	0.081	0.062	0.085	0.045	0.258	0.117	0.126
GO:0002822	0.02	0.03	0.04	0.022	0.025	0.038	0.04	0.053	0.086	0.038	0.06	0.056	0.027	0.064	0.031	0.034	0.04	0.06	0.027	0.038	0.054	0.027	0.064	0.053	0.042	0.029	0.018	0.031	0.052	0.035	0.05	0.04	0.04	0.029	0.034	0.023	0.037	0.022	0.086	0.166	0.05	0.05	0.052	0.031	0.07	0.06	0.089	0.019	0.086	0.086	0.089	0.04	0.033	0.053	0.043	0.027	0.052	0.028	0.039	0.112	0.05	0.046	0.026	0.059	0.04	0.072	0.033	0.074	1	0.06	0.019	0.089	0.155	0.109	0.04	0.033	0.023	0.064	0	0.255	0.028	0.109	0.045	0.026	0.043	0.034	0.086	0.052	0.169	0.081	0.024	0.04	0.048	0.037	0.121	0.028	0.042	0.079	0.04	0.039	0.043	0.111	0.04	0.026	0.119	0.175	0.019	0.037	0.045	0.05	0.19	0.112	0.079	0.156	0.022	0.042	0.024	0.155	0.121	0.12	0.06	0.105	0.035	0.05	0.192	0.067	0.036	0.027	0.137	0.086	0.058	0.025	0.037	0.048	0.029	0.146	0.393	0.042	0.156	0.02	0.05	0.099	0.124	0.111	0.222	0.465	0.065	0.305	0.024	0.054	0.086	0.025	0.102	0.064	0.06	0.028	0.036	0.025	0.12	0.12	0.083	0.089	0.05	0.086	0.059	0.027	0.033	0.047	0.146	0.094	0.137	0.121	0.543	0.086	0.056	0.134	0.137	0.082	0.026	0.084	0.027	0.056	0.116	0.113	0.022	0.109	0	0.045	0.129	0.074	0.042	0.075	0.146	0.084	0.095	0.117	0.04	0.132	0.135	0.166	0.063	0.018	0.166	0.033	0.027	0.126	0.04	0.033	0.056	0.192
GO:0006790	0.206	0.32	0.208	0.232	0.32	0.169	0.208	0.099	0.388	0.173	0.276	0.251	0.136	0.123	0.137	0.062	0.208	0.113	0.138	0.623	0.097	0.153	0.123	0.21	0.193	0.137	0.205	0.164	0.227	0.173	0.244	0.208	0.208	0.149	0.146	0.319	0.186	0.083	0.388	0.181	0.101	0.101	0.227	0.357	0.237	0.276	0.086	0.191	0.388	0.388	0.086	0.16	0.319	0.23	0.204	0.305	0.543	0.315	0.396	0.131	0.244	0.428	0.128	0.266	0.208	0.3	0.347	0.13	0.06	1	0.222	0.468	0.123	0.152	0.208	0.095	0.319	0.3	0	0.13	0.321	0.152	0.519	0.32	0.203	0.538	0.388	0.227	0.095	0.111	0.1	0.181	0.054	0.186	0.221	0.157	0.08	0.342	0.185	0.104	0.203	0.065	0.208	0.064	0.067	0.22	0.123	0.068	0.089	0.244	0.127	0.101	0.141	0.19	0.083	0.193	0.258	0.123	0.221	0.101	0.276	0.098	0.174	0.101	0.112	0.214	0.437	0.125	0.196	0.12	0.238	0.32	0.164	0.231	0.069	0.168	0.112	0.47	0.078	0.198	0.101	0.099	0.144	0.09	0.134	0.141	0.106	0.126	0.205	0.235	0.388	0.276	0.147	0.123	0.669	0.291	0.16	0.115	0.101	0.078	0.124	0.086	0.101	0.12	0.266	0.127	0.396	0.225	0.123	0.08	0.196	0.221	0.067	0.388	0.251	0.198	0.196	0.044	0.064	0.09	0.11	0.247	0.148	0.132	0.281	0.115	0	0.214	0.068	0.088	0.122	0.096	0.123	0.151	0.056	0.167	0.086	0.082	0.102	0.181	0.226	0.199	0.181	0.16	0.295	0.073	0.087	0.145	0.247	0.112
GO:0071025	0.251	0.1	0.057	0.35	0.472	0.06	0.057	0.042	0.129	0.234	0.091	0.087	0.04	0.039	0.042	0.023	0.159	0.038	0.04	0.146	0.035	0.038	0.039	0.072	0.064	0.046	0.241	0.044	0.083	0.052	0.073	0.057	0.057	0.042	0.359	0.203	0.054	0.035	0.129	0.062	0.03	0.03	0.083	0.515	0.193	0.091	0.024	0.281	0.129	0.129	0.024	0.067	0.203	0.083	0.066	0.27	0.263	0.163	0.177	0.047	0.073	0.314	0.038	0.165	0.057	0.114	0.446	0.048	0.019	0.222	1	0.183	0.039	0.048	0.057	0.036	0.203	0.095	0	0.048	0.294	0.048	0.289	0.253	0.066	0.236	0.129	0.083	0.041	0.185	0.035	0.062	0.013	0.054	0.075	0.036	0.026	0.122	0.063	0.03	0.116	0.02	0.057	0.014	0.028	0.081	0.105	0.024	0.028	0.073	0.043	0.03	0.05	0.075	0.035	0.064	0.27	0.039	0.075	0.03	0.091	0.035	0.052	0.03	0.045	0.352	0.168	0.043	0.076	0.117	0.077	0.472	0.059	0.07	0.016	0.051	0.045	0.237	0.031	0.269	0.03	0.045	0.044	0.028	0.055	0.05	0.033	0.093	0.203	0.178	0.129	0.283	0.134	0.039	0.222	0.342	0.058	0.041	0.03	0.029	0.043	0.024	0.03	0.117	0.09	0.043	0.242	0.175	0.039	0.026	0.076	0.075	0.028	0.129	0.087	0.138	0.14	0.016	0.014	0.031	0.035	0.087	0.055	0.048	0.209	0.043	0	0.068	0.028	0.036	0.03	0.036	0.039	0.056	0.022	0.124	0.024	0.03	0.036	0.062	0.17	0.215	0.062	0.05	0.274	0.029	0.034	0.055	0.137	0.045
GO:0006805	0.175	0.247	0.145	0.187	0.238	0.129	0.145	0.152	0.259	0.132	0.193	0.18	0.104	0.084	0.105	0.048	0.145	0.079	0.104	0.317	0.071	0.11	0.084	0.155	0.143	0.107	0.168	0.119	0.168	0.127	0.169	0.145	0.145	0.11	0.115	0.236	0.134	0.072	0.259	0.248	0.069	0.069	0.168	0.273	0.193	0.193	0.06	0.159	0.259	0.259	0.06	0.128	0.253	0.169	0.148	0.241	0.403	0.247	0.299	0.104	0.169	0.329	0.099	0.188	0.145	0.216	0.275	0.092	0.089	0.468	0.183	1	0.484	0.115	0.145	0.079	0.236	0.204	0	0.092	0.251	0.115	0.372	0.245	0.148	0.283	0.259	0.168	0.073	0.092	0.082	0.136	0.04	0.134	0.142	0.111	0.059	0.237	0.138	0.083	0.148	0.049	0.145	0.045	0.054	0.164	0.105	0.052	0.064	0.169	0.186	0.069	0.098	0.146	0.072	0.143	0.211	0.173	0.142	0.139	0.193	0.122	0.127	0.069	0.083	0.176	0.317	0.099	0.15	0.098	0.169	0.238	0.126	0.162	0.048	0.224	0.083	0.347	0.06	0.163	0.069	0.085	0.19	0.064	0.109	0.208	0.085	0.128	0.174	0.172	0.259	0.223	0.116	0.084	0.468	0.23	0.123	0.092	0.069	0.066	0.098	0.06	0.069	0.098	0.188	0.1	0.295	0.159	0.084	0.059	0.15	0.142	0.111	0.259	0.18	0.143	0.15	0.036	0.045	0.206	0.088	0.178	0.116	0.105	0.218	0.164	0	0.153	0.054	0.075	0.092	0.08	0.084	0.376	0.045	0.123	0.06	0.123	0.24	0.248	0.183	0.166	0.248	0.12	0.235	0.057	0.073	0.115	0.178	0.083
GO:0009410	0.036	0.061	0.093	0.045	0.06	0.074	0.093	0.17	0.176	0.076	0.123	0.112	0.06	0.135	0.064	0.065	0.093	0.123	0.06	0.075	0.104	0.068	0.135	0.102	0.085	0.06	0.038	0.073	0.1	0.077	0.11	0.093	0.093	0.065	0.063	0.058	0.083	0.038	0.176	0.179	0.11	0.11	0.1	0.064	0.042	0.123	0.093	0.037	0.176	0.176	0.093	0.069	0.061	0.102	0.09	0.054	0.099	0.056	0.077	0.061	0.11	0.084	0.056	0.119	0.093	0.133	0.062	0.141	0.155	0.123	0.039	0.484	1	0.067	0.093	0.04	0.058	0.135	0	0.141	0.057	0.067	0.095	0.058	0.09	0.064	0.176	0.1	0.101	0.048	0.046	0.08	0.058	0.083	0.246	0.072	0.085	0.154	0.081	0.045	0.09	0.069	0.093	0.07	0.071	0.097	0.034	0.072	0.096	0.11	0.133	0.11	0.154	0.083	0.038	0.085	0.046	0.329	0.246	0.267	0.123	0.218	0.077	0.11	0.12	0.04	0.08	0.054	0.085	0.052	0.116	0.06	0.071	0.103	0.075	0.17	0.12	0.085	0.083	0.039	0.11	0.046	0.147	0.097	0.063	0.373	0.053	0.133	0.041	0.104	0.176	0.049	0.064	0.135	0.123	0.055	0.07	0.049	0.11	0.035	0.054	0.093	0.11	0.052	0.119	0.055	0.072	0.101	0.135	0.085	0.085	0.246	0.172	0.176	0.112	0.109	0.085	0.046	0.07	0.157	0.053	0.11	0.064	0.062	0.05	0.113	0	0.095	0.072	0.04	0.053	0.041	0.135	0.277	0.059	0.073	0.093	0.085	0.457	0.179	0.04	0.037	0.179	0.071	0.052	0.077	0.037	0.063	0.11	0.12
GO:0120035	0.049	0.068	0.174	0.091	0.059	0.095	0.277	0.205	0.219	0.04	0.152	0.142	0.181	0.067	0.272	0.035	0.042	0.063	0.182	0.208	0.056	0.181	0.067	0.117	0.105	0.187	0.041	0.078	0.255	0.241	0.35	0.277	0.277	0.072	0.035	0.058	0.255	0.129	0.219	0.251	0.052	0.052	0.255	0.077	0.145	0.152	0.092	0.118	0.09	0.219	0.092	0.192	0.164	0.133	0.11	0.068	0.13	0.07	0.087	0.211	0.35	0.102	0.064	0.061	0.277	0.181	0.082	0.077	0.109	0.152	0.048	0.115	0.067	1	0.277	0.066	0.058	0.162	0	0.265	0.071	0.436	0.114	0.066	0.109	0.085	0.219	0.255	0.175	0.082	0.054	0.1	0.05	0.255	0.127	0.068	0.043	0.199	0.101	0.07	0.045	0.115	0.101	0.027	0.122	0.364	0.042	0.038	0.047	0.126	0.186	0.116	0.082	0.324	0.077	0.105	0.059	0.067	0.127	0.052	0.152	0.056	0.088	0.052	0.199	0.13	0.091	0.068	0.141	0.088	0.129	0.059	0.092	0.12	0.03	0.221	0.199	0.105	0.161	0.123	0.052	0.182	0.183	0.047	0.206	0.082	0.124	0.035	0.048	0.056	0.09	0.063	0.105	0.067	0.152	0.063	0.09	0.173	0.052	0.114	0.172	0.092	0.052	0.088	0.061	0.069	0.084	0.049	0.153	0.097	0.141	0.127	0.122	0.09	0.142	0.057	0.141	0.084	0.027	0.124	0.057	0.14	0.241	0.214	0.055	0.16	0	0.114	0.132	0.138	0.075	0.154	0.153	0.087	0.098	0.121	0.042	0.135	0.058	0.251	0.131	0.042	0.251	0.202	0.066	0.13	0.07	0.084	0.058	0.199
GO:0016050	0.056	0.085	0.255	0.119	0.077	0.12	0.66	0.142	0.311	0.051	0.208	0.19	0.407	0.093	0.256	0.043	0.057	0.086	0.411	0.295	0.073	0.277	0.093	0.153	0.137	0.261	0.049	0.103	0.531	0.351	0.527	0.422	0.66	0.093	0.042	0.075	0.377	0.239	0.311	0.128	0.071	0.071	0.531	0.098	0.061	0.208	0.057	0.157	0.128	0.311	0.057	0.536	0.331	0.173	0.144	0.083	0.169	0.086	0.111	0.089	0.527	0.128	0.08	0.083	0.422	0.24	0.101	0.104	0.04	0.208	0.057	0.145	0.093	0.277	1	0.063	0.075	0.227	0	0.104	0.088	0.424	0.151	0.083	0.144	0.105	0.311	0.531	0.076	0.032	0.064	0.128	0.031	0.59	0.187	0.091	0.056	0.274	0.131	0.062	0.059	0.043	0.139	0.037	0.051	0.166	0.048	0.048	0.063	0.173	0.084	0.071	0.113	0.143	0.094	0.137	0.07	0.093	0.187	0.071	0.208	0.074	0.116	0.071	0.089	0.053	0.12	0.083	0.061	0.035	0.173	0.077	0.116	0.164	0.041	0.112	0.089	0.137	0.059	0.166	0.071	0.072	0.093	0.064	0.097	0.113	0.176	0.043	0.056	0.073	0.128	0.075	0.043	0.093	0.208	0.077	0.113	0.231	0.071	0.05	0.082	0.057	0.071	0.035	0.083	0.084	0.108	0.066	0.093	0.056	0.061	0.187	0.051	0.128	0.19	0.076	0.061	0.029	0.037	0.056	0.069	0.186	0.104	0.09	0.069	0.078	0	0.151	0.051	0.06	0.069	0.063	0.093	0.107	0.04	0.046	0.057	0.052	0.077	0.128	0.055	0.05	0.128	0.447	0.08	0.055	0.057	0.103	0.077	0.089
GO:0097553	0.038	0.047	0.063	0.039	0.039	0.064	0.063	0.046	0.13	0.027	0.095	0.22	0.045	0.04	0.048	0.157	0.026	0.039	0.046	0.065	0.036	0.044	0.04	0.117	0.069	0.051	0.03	0.121	0.086	0.057	0.077	0.063	0.063	0.452	0.024	0.038	0.059	0.039	0.13	0.079	0.205	0.032	0.086	0.053	0.045	0.095	0.045	0.035	0.054	0.13	0.045	0.172	0.058	0.087	0.071	0.048	0.086	0.049	0.059	0.067	0.077	0.07	0.654	0.038	0.063	0.277	0.058	0.049	0.033	0.095	0.036	0.079	0.04	0.066	0.063	1	0.038	0.098	0	0.086	0.05	0.066	0.072	0.045	0.071	0.06	0.13	0.086	0.205	0.03	0.061	0.067	0.365	0.059	0.074	0.043	0.028	0.123	0.067	0.524	0.029	0.035	0.063	0.324	0.044	0.109	0.151	0.026	0.03	0.077	0.059	0.237	0.051	0.101	0.177	0.167	0.044	0.04	0.074	0.032	0.095	0.036	0.272	0.032	0.07	0.04	0.058	0.048	0.049	0.031	0.081	0.039	0.298	0.075	0.397	0.066	0.07	0.069	0.055	0.036	0.077	0.152	0.055	0.03	0.073	0.051	0.038	0.025	0.037	0.036	0.054	0.045	0.035	0.04	0.095	0.044	0.329	0.046	0.032	0.04	0.055	0.251	0.205	0.031	0.038	0.427	0.056	0.031	0.137	0.244	0.049	0.074	0.044	0.054	0.283	0.037	0.049	0.131	0.128	0.04	0.138	0.09	0.11	0.096	0.038	0.055	0	0.072	0.154	0.197	0.198	0.05	0.137	0.06	0.196	0.036	0.162	0.047	0.037	0.079	0.039	0.032	0.079	0.055	0.047	0.154	0.208	0.059	0.037	0.07
GO:0000413	0.367	0.113	0.075	0.15	0.206	0.074	0.075	0.046	0.203	0.448	0.132	0.122	0.045	0.058	0.048	0.027	0.216	0.054	0.045	0.183	0.047	0.042	0.058	0.096	0.083	0.053	0.112	0.052	0.112	0.064	0.101	0.075	0.075	0.048	0.386	0.499	0.068	0.036	0.203	0.079	0.042	0.042	0.112	0.283	0.434	0.132	0.031	0.112	0.203	0.203	0.031	0.083	0.133	0.113	0.087	0.156	0.358	0.184	0.221	0.054	0.101	0.479	0.042	0.128	0.075	0.164	0.33	0.071	0.023	0.319	0.203	0.236	0.058	0.058	0.075	0.038	1	0.141	0	0.071	0.187	0.058	0.292	0.676	0.087	0.295	0.203	0.112	0.054	0.313	0.036	0.079	0.013	0.068	0.125	0.039	0.034	0.183	0.08	0.03	0.155	0.024	0.075	0.015	0.035	0.109	0.109	0.03	0.038	0.101	0.049	0.042	0.075	0.096	0.036	0.083	0.162	0.058	0.125	0.042	0.132	0.048	0.065	0.042	0.062	0.152	0.213	0.049	0.099	0.134	0.107	0.206	0.072	0.097	0.019	0.063	0.062	0.305	0.04	0.105	0.042	0.05	0.05	0.038	0.065	0.075	0.034	0.102	0.462	0.34	0.203	0.227	0.16	0.058	0.319	0.197	0.071	0.045	0.042	0.029	0.048	0.031	0.042	0.134	0.128	0.049	0.283	0.352	0.058	0.034	0.099	0.125	0.035	0.203	0.122	0.176	0.099	0.017	0.015	0.031	0.037	0.12	0.066	0.055	0.517	0.048	0	0.091	0.035	0.038	0.03	0.038	0.058	0.068	0.025	0.151	0.031	0.03	0.049	0.079	0.365	0.16	0.079	0.06	0.485	0.037	0.035	0.065	0.191	0.062
GO:0000278	0.088	0.139	0.227	0.108	0.141	0.18	0.227	0.102	0.428	0.076	0.3	0.271	0.145	0.135	0.146	0.065	0.093	0.123	0.147	0.182	0.104	0.165	0.135	0.226	0.207	0.145	0.088	0.176	0.244	0.186	0.267	0.227	0.227	0.159	0.063	0.141	0.201	0.086	0.428	0.193	0.11	0.11	0.244	0.156	0.102	0.3	0.093	0.091	0.176	0.428	0.093	0.168	0.149	0.247	0.219	0.132	0.24	0.137	0.173	0.137	0.267	0.187	0.136	0.119	0.227	0.323	0.15	0.141	0.064	0.3	0.095	0.204	0.135	0.162	0.227	0.098	0.141	1	0	0.141	0.139	0.162	0.231	0.14	0.218	0.156	0.428	0.244	0.101	0.048	0.104	0.193	0.058	0.201	0.246	0.17	0.085	0.631	0.197	0.11	0.09	0.069	0.227	0.07	0.071	0.235	0.078	0.072	0.096	0.267	0.133	0.11	0.154	0.201	0.086	0.207	0.111	0.135	0.246	0.11	0.3	0.106	0.187	0.11	0.12	0.092	0.194	0.132	0.085	0.052	0.258	0.141	0.173	0.251	0.075	0.18	0.12	0.207	0.083	0.096	0.11	0.102	0.154	0.097	0.14	0.154	0.112	0.065	0.087	0.104	0.176	0.119	0.064	0.135	0.3	0.126	0.169	0.12	0.11	0.08	0.13	0.093	0.11	0.052	0.119	0.133	0.174	0.101	0.135	0.085	0.085	0.246	0.071	0.176	0.271	0.109	0.085	0.046	0.07	0.093	0.116	0.266	0.156	0.139	0.123	0.12	0	0.401	0.072	0.091	0.13	0.099	0.135	0.16	0.059	0.073	0.093	0.085	0.11	0.193	0.097	0.085	0.193	0.171	0.127	0.077	0.09	0.153	0.11	0.12
GO:0170036	0	0	0	0	0	0	0	0	0	0	0	0	0	0	0	0	0	0	0	0	0	0	0	0	0	0	0	0	0	0	0	0	0	0	0	0	0	0	0	0	0	0	0	0	0	0	0	0	0	0	0	0	0	0	0	0	0	0	0	0	0	0	0	0	0	0	0	0	0	0	0	0	0	0	0	0	0	0	1	0	0	0	0	0	0	0	0	0	0	0	0	0	0	0	0	0	0	0	0	0	0	0	0	0	0	0	0	0	0	0	0	0	0	0	0	0	0	0	0	0	0	0	0	0	0	0	0	0	0	0	0	0	0	0	0	0	0	0	0	0	0	0	0	0	0	0	0	0	0	0	0	0	0	0	0	0	0	0	0	0	0	0	0	0	0	0	0	0	0	0	0	0	0	0	0	0	0	0	0	0	0	0	0	0	0	0	0	0	0	0	0	0	0	0	0	0	0	0	0	0	0	0	0	0	0	0	0	0	0	0
GO:0050793	0.044	0.071	0.104	0.054	0.072	0.203	0.104	0.105	0.176	0.086	0.13	0.119	0.071	0.342	0.18	0.074	0.104	0.316	0.072	0.085	0.272	0.081	0.342	0.11	0.231	0.07	0.047	0.085	0.108	0.088	0.119	0.104	0.104	0.077	0.073	0.071	0.094	0.11	0.176	0.285	0.119	0.119	0.108	0.075	0.176	0.13	0.22	0.046	0.176	0.176	0.22	0.077	0.071	0.266	0.212	0.064	0.107	0.066	0.087	0.24	0.119	0.093	0.067	0.126	0.104	0.138	0.071	0.352	0.255	0.13	0.048	0.092	0.141	0.265	0.104	0.086	0.071	0.141	0	1	0.067	0.265	0.105	0.069	0.099	0.074	0.176	0.108	0.329	0.177	0.127	0.217	0.144	0.094	0.234	0.085	0.231	0.156	0.221	0.109	0.099	0.273	0.104	0.083	0.501	0.36	0.042	0.199	0.231	0.119	0.222	0.254	0.38	0.63	0.045	0.095	0.055	0.141	0.234	0.119	0.13	0.114	0.088	0.119	0.385	0.167	0.091	0.155	0.294	0.192	0.123	0.072	0.081	0.112	0.088	0.276	0.385	0.095	0.63	0.049	0.119	0.182	0.242	0.107	0.222	0.156	0.062	0.074	0.048	0.112	0.176	0.058	0.234	0.141	0.13	0.065	0.079	0.136	0.119	0.139	0.205	0.22	0.119	0.192	0.126	0.065	0.082	0.11	0.307	0.203	0.294	0.234	0.247	0.176	0.119	0.116	0.294	0.187	0.083	0.156	0.063	0.285	0.252	0.244	0.062	0.187	0	0.105	0.261	0.157	0.129	0.341	0.307	0.075	0.216	0.289	0.104	0.159	0.117	0.285	0.171	0.045	0.285	0.081	0.062	0.266	0.09	0.175	0.117	0.385
GO:0046503	0.175	0.148	0.088	0.158	0.202	0.085	0.088	0.056	0.187	0.2	0.132	0.124	0.06	0.057	0.063	0.032	0.15	0.054	0.061	0.207	0.049	0.06	0.057	0.104	0.093	0.066	0.146	0.068	0.116	0.078	0.108	0.088	0.088	0.064	0.293	0.187	0.082	0.047	0.187	0.089	0.045	0.045	0.116	0.408	0.165	0.132	0.036	0.13	0.187	0.187	0.036	0.09	0.287	0.117	0.096	0.383	0.366	0.357	0.253	0.066	0.108	0.271	0.058	0.238	0.088	0.158	0.236	0.067	0.028	0.321	0.294	0.251	0.057	0.071	0.088	0.05	0.187	0.139	0	0.067	1	0.071	0.241	0.218	0.096	0.232	0.187	0.116	0.054	0.143	0.049	0.089	0.021	0.082	0.108	0.059	0.038	0.173	0.09	0.046	0.167	0.03	0.088	0.024	0.038	0.114	0.096	0.034	0.041	0.108	0.062	0.045	0.071	0.102	0.047	0.093	0.639	0.057	0.108	0.045	0.132	0.05	0.078	0.045	0.061	0.154	0.251	0.062	0.105	0.104	0.112	0.202	0.083	0.104	0.026	0.076	0.061	0.525	0.042	0.129	0.045	0.059	0.065	0.041	0.074	0.071	0.049	0.092	0.163	0.175	0.187	0.355	0.121	0.057	0.321	0.219	0.081	0.058	0.045	0.04	0.061	0.036	0.045	0.104	0.129	0.062	0.225	0.179	0.057	0.038	0.105	0.108	0.038	0.187	0.124	0.138	0.192	0.022	0.024	0.044	0.051	0.123	0.077	0.067	0.183	0.06	0	0.099	0.038	0.048	0.048	0.05	0.057	0.078	0.03	0.12	0.036	0.042	0.051	0.089	0.149	0.46	0.089	0.074	0.224	0.04	0.046	0.076	0.195	0.061
GO:0051493	0.049	0.068	0.174	0.091	0.059	0.095	0.424	0.108	0.219	0.04	0.152	0.142	0.276	0.067	0.18	0.035	0.042	0.063	0.278	0.208	0.056	0.181	0.067	0.117	0.105	0.187	0.041	0.078	0.508	0.241	0.35	0.277	0.424	0.072	0.035	0.058	0.255	0.243	0.219	0.251	0.052	0.052	0.508	0.077	0.145	0.152	0.092	0.118	0.09	0.219	0.092	0.27	0.233	0.133	0.11	0.068	0.13	0.07	0.087	0.211	0.35	0.102	0.064	0.061	0.277	0.181	0.082	0.077	0.109	0.152	0.048	0.115	0.067	0.436	0.424	0.066	0.058	0.162	0	0.265	0.071	1	0.114	0.066	0.109	0.085	0.219	0.508	0.175	0.082	0.054	0.1	0.05	0.391	0.127	0.068	0.043	0.199	0.101	0.07	0.045	0.115	0.101	0.027	0.122	0.364	0.042	0.038	0.047	0.126	0.186	0.116	0.082	0.324	0.077	0.105	0.059	0.067	0.127	0.052	0.152	0.056	0.088	0.052	0.199	0.13	0.091	0.068	0.141	0.088	0.129	0.059	0.092	0.12	0.03	0.221	0.199	0.105	0.161	0.123	0.052	0.182	0.183	0.047	0.206	0.082	0.124	0.035	0.048	0.056	0.09	0.063	0.105	0.067	0.152	0.063	0.09	0.173	0.052	0.114	0.172	0.092	0.052	0.088	0.061	0.069	0.084	0.049	0.153	0.097	0.141	0.127	0.122	0.09	0.142	0.057	0.141	0.084	0.027	0.124	0.057	0.14	0.241	0.214	0.055	0.16	0	0.114	0.132	0.138	0.075	0.154	0.153	0.087	0.098	0.121	0.042	0.135	0.058	0.251	0.131	0.042	0.251	0.301	0.066	0.13	0.07	0.084	0.058	0.199
GO:0043603	0.357	0.236	0.151	0.288	0.404	0.13	0.151	0.078	0.306	0.229	0.214	0.196	0.099	0.095	0.101	0.048	0.151	0.088	0.1	0.32	0.076	0.107	0.095	0.163	0.147	0.103	0.266	0.117	0.179	0.128	0.183	0.151	0.151	0.107	0.195	0.292	0.137	0.065	0.306	0.139	0.075	0.075	0.179	0.266	0.23	0.214	0.062	0.236	0.306	0.306	0.062	0.129	0.244	0.181	0.155	0.23	0.428	0.237	0.299	0.1	0.183	0.335	0.093	0.207	0.151	0.242	0.496	0.105	0.045	0.519	0.289	0.372	0.095	0.114	0.151	0.072	0.292	0.231	0	0.105	0.241	0.114	1	0.305	0.154	0.612	0.306	0.179	0.078	0.161	0.075	0.139	0.037	0.137	0.177	0.108	0.061	0.273	0.141	0.075	0.154	0.048	0.151	0.044	0.054	0.173	0.093	0.052	0.067	0.183	0.096	0.075	0.112	0.151	0.065	0.147	0.197	0.095	0.177	0.075	0.214	0.077	0.129	0.075	0.091	0.276	0.322	0.094	0.156	0.094	0.182	0.404	0.126	0.173	0.048	0.125	0.091	0.359	0.062	0.242	0.075	0.08	0.106	0.068	0.106	0.112	0.077	0.094	0.205	0.185	0.306	0.281	0.114	0.095	0.519	0.371	0.123	0.087	0.075	0.059	0.093	0.062	0.075	0.094	0.207	0.095	0.54	0.312	0.095	0.061	0.156	0.177	0.054	0.306	0.196	0.148	0.156	0.033	0.044	0.067	0.081	0.193	0.115	0.101	0.264	0.088	0	0.162	0.055	0.068	0.084	0.073	0.095	0.117	0.044	0.123	0.062	0.062	0.08	0.139	0.214	0.199	0.139	0.119	0.29	0.058	0.067	0.113	0.193	0.091
GO:0018158	0.431	0.133	0.083	0.196	0.26	0.08	0.083	0.052	0.193	0.483	0.132	0.123	0.054	0.058	0.057	0.03	0.23	0.054	0.054	0.197	0.048	0.053	0.058	0.101	0.089	0.061	0.149	0.062	0.115	0.072	0.106	0.083	0.083	0.057	0.422	0.676	0.076	0.042	0.193	0.085	0.043	0.043	0.115	0.322	0.564	0.132	0.034	0.155	0.193	0.193	0.034	0.087	0.15	0.116	0.093	0.178	0.363	0.214	0.24	0.061	0.106	0.514	0.051	0.129	0.083	0.161	0.353	0.069	0.026	0.32	0.253	0.245	0.058	0.066	0.083	0.045	0.676	0.14	0	0.069	0.218	0.066	0.305	1	0.092	0.322	0.193	0.115	0.054	0.347	0.044	0.085	0.018	0.076	0.114	0.051	0.037	0.177	0.086	0.039	0.162	0.028	0.083	0.02	0.036	0.112	0.127	0.033	0.04	0.106	0.057	0.043	0.073	0.1	0.042	0.089	0.19	0.058	0.114	0.043	0.132	0.049	0.073	0.043	0.061	0.194	0.235	0.056	0.102	0.148	0.11	0.26	0.078	0.101	0.023	0.071	0.061	0.329	0.041	0.15	0.043	0.055	0.059	0.04	0.07	0.073	0.042	0.123	0.566	0.357	0.193	0.257	0.175	0.058	0.32	0.233	0.077	0.052	0.043	0.036	0.056	0.034	0.043	0.148	0.129	0.057	0.317	0.358	0.058	0.037	0.102	0.114	0.036	0.193	0.123	0.194	0.102	0.02	0.02	0.038	0.045	0.122	0.072	0.062	0.668	0.055	0	0.096	0.037	0.044	0.041	0.045	0.058	0.074	0.028	0.171	0.034	0.037	0.05	0.085	0.503	0.198	0.085	0.068	0.561	0.039	0.041	0.071	0.194	0.061
GO:0051402	0.064	0.094	0.144	0.074	0.088	0.125	0.144	0.076	0.288	0.053	0.203	0.187	0.095	0.09	0.097	0.046	0.059	0.083	0.096	0.127	0.073	0.102	0.09	0.155	0.141	0.099	0.059	0.112	0.171	0.122	0.173	0.144	0.144	0.103	0.045	0.087	0.13	0.064	0.288	0.133	0.071	0.071	0.171	0.106	0.07	0.203	0.059	0.063	0.119	0.288	0.059	0.125	0.107	0.173	0.148	0.092	0.169	0.094	0.118	0.097	0.173	0.133	0.09	0.081	0.144	0.231	0.107	0.099	0.043	0.203	0.066	0.148	0.09	0.109	0.144	0.071	0.087	0.218	0	0.099	0.096	0.109	0.154	0.092	1	0.111	0.288	0.171	0.075	0.035	0.073	0.133	0.036	0.13	0.166	0.102	0.058	0.259	0.135	0.072	0.061	0.046	0.144	0.042	0.052	0.166	0.056	0.05	0.064	0.173	0.092	0.071	0.107	0.146	0.064	0.141	0.079	0.09	0.166	0.071	0.203	0.074	0.123	0.071	0.087	0.063	0.127	0.091	0.062	0.038	0.173	0.088	0.122	0.165	0.045	0.119	0.087	0.141	0.06	0.066	0.071	0.078	0.102	0.065	0.103	0.107	0.075	0.046	0.063	0.073	0.119	0.083	0.046	0.09	0.203	0.086	0.119	0.084	0.071	0.058	0.09	0.059	0.071	0.038	0.081	0.092	0.116	0.066	0.09	0.058	0.062	0.166	0.052	0.119	0.187	0.075	0.062	0.032	0.042	0.065	0.078	0.184	0.111	0.098	0.079	0.086	0	0.154	0.053	0.067	0.081	0.071	0.09	0.113	0.042	0.049	0.059	0.06	0.076	0.133	0.065	0.058	0.133	0.485	0.089	0.056	0.065	0.109	0.076	0.087
GO:0006749	0.393	0.18	0.105	0.23	0.298	0.098	0.105	0.065	0.203	0.302	0.148	0.14	0.074	0.064	0.076	0.037	0.177	0.061	0.075	0.36	0.055	0.076	0.064	0.118	0.108	0.079	0.216	0.084	0.131	0.093	0.125	0.105	0.105	0.079	0.267	0.295	0.098	0.055	0.203	0.103	0.052	0.052	0.131	0.25	0.25	0.148	0.043	0.191	0.203	0.203	0.043	0.102	0.191	0.132	0.112	0.231	0.409	0.229	0.295	0.078	0.125	0.311	0.071	0.145	0.105	0.173	0.502	0.074	0.034	0.538	0.236	0.283	0.064	0.085	0.105	0.06	0.295	0.156	0	0.074	0.232	0.085	0.612	0.322	0.111	1	0.203	0.131	0.059	0.225	0.06	0.103	0.027	0.098	0.114	0.076	0.044	0.188	0.104	0.058	0.191	0.036	0.105	0.031	0.043	0.128	0.115	0.04	0.048	0.125	0.075	0.052	0.078	0.115	0.055	0.108	0.204	0.064	0.114	0.052	0.148	0.056	0.093	0.052	0.067	0.225	0.298	0.074	0.118	0.121	0.128	0.298	0.096	0.121	0.033	0.091	0.067	0.325	0.048	0.192	0.052	0.067	0.079	0.048	0.085	0.078	0.061	0.112	0.242	0.198	0.203	0.33	0.141	0.064	0.36	0.303	0.094	0.069	0.052	0.05	0.073	0.043	0.052	0.121	0.145	0.074	0.48	0.411	0.064	0.044	0.118	0.114	0.043	0.203	0.14	0.163	0.118	0.027	0.031	0.054	0.064	0.138	0.089	0.079	0.28	0.071	0	0.115	0.043	0.058	0.063	0.06	0.064	0.091	0.035	0.144	0.043	0.052	0.057	0.103	0.232	0.241	0.103	0.088	0.321	0.045	0.056	0.088	0.219	0.067
GO:0045103	0.116	0.19	0.311	0.148	0.201	0.235	0.311	0.131	0.543	0.1	0.388	0.349	0.2	0.176	0.199	0.084	0.128	0.16	0.203	0.239	0.133	0.235	0.176	0.294	0.273	0.195	0.124	0.246	0.311	0.253	0.357	0.311	0.311	0.221	0.082	0.203	0.274	0.112	0.543	0.254	0.147	0.147	0.311	0.21	0.139	0.388	0.128	0.123	0.224	0.543	0.128	0.211	0.194	0.316	0.29	0.176	0.306	0.183	0.231	0.181	0.357	0.241	0.187	0.154	0.311	0.403	0.195	0.176	0.086	0.388	0.129	0.259	0.176	0.219	0.311	0.13	0.203	0.428	0	0.176	0.187	0.219	0.306	0.193	0.288	0.203	1	0.573	0.123	0.061	0.14	0.254	0.083	0.274	0.306	0.245	0.112	0.469	0.259	0.153	0.119	0.093	0.311	0.102	0.089	0.3	0.104	0.094	0.128	0.357	0.178	0.147	0.193	0.255	0.112	0.273	0.148	0.176	0.306	0.147	0.388	0.136	0.254	0.147	0.148	0.126	0.264	0.176	0.108	0.067	0.338	0.201	0.227	0.334	0.107	0.244	0.148	0.274	0.105	0.13	0.147	0.129	0.21	0.129	0.178	0.193	0.154	0.084	0.115	0.133	0.224	0.158	0.083	0.176	0.388	0.171	0.221	0.16	0.147	0.107	0.174	0.128	0.147	0.067	0.154	0.178	0.235	0.134	0.176	0.112	0.108	0.306	0.089	0.224	0.349	0.14	0.108	0.061	0.102	0.127	0.158	0.342	0.202	0.184	0.172	0.157	0	0.306	0.09	0.118	0.186	0.132	0.176	0.208	0.076	0.1	0.128	0.113	0.141	0.254	0.135	0.117	0.254	0.231	0.17	0.097	0.119	0.199	0.141	0.148
GO:0045104	0.078	0.115	0.252	0.132	0.113	0.147	0.531	0.14	0.311	0.062	0.227	0.211	0.344	0.1	0.238	0.054	0.071	0.094	0.348	0.271	0.082	0.252	0.1	0.179	0.164	0.243	0.076	0.138	0.605	0.315	0.451	0.367	0.531	0.127	0.053	0.112	0.334	0.279	0.311	0.156	0.082	0.082	0.605	0.127	0.088	0.227	0.071	0.155	0.128	0.311	0.071	0.326	0.288	0.196	0.172	0.111	0.191	0.114	0.141	0.116	0.451	0.153	0.112	0.091	0.367	0.252	0.126	0.108	0.052	0.227	0.083	0.168	0.1	0.255	0.531	0.086	0.112	0.244	0	0.108	0.116	0.508	0.179	0.115	0.171	0.131	0.573	1	0.083	0.042	0.09	0.156	0.046	0.484	0.174	0.13	0.068	0.281	0.158	0.092	0.071	0.056	0.171	0.053	0.06	0.188	0.07	0.059	0.074	0.2	0.112	0.082	0.116	0.166	0.105	0.164	0.096	0.1	0.174	0.082	0.227	0.083	0.148	0.082	0.095	0.08	0.152	0.111	0.07	0.045	0.198	0.113	0.143	0.191	0.057	0.143	0.095	0.165	0.068	0.162	0.082	0.091	0.125	0.075	0.12	0.116	0.17	0.054	0.077	0.082	0.128	0.102	0.054	0.1	0.227	0.106	0.14	0.219	0.082	0.072	0.11	0.071	0.082	0.045	0.091	0.112	0.139	0.077	0.1	0.068	0.07	0.174	0.06	0.128	0.211	0.085	0.07	0.039	0.053	0.081	0.098	0.207	0.13	0.117	0.101	0.103	0	0.179	0.061	0.081	0.105	0.087	0.1	0.133	0.05	0.059	0.071	0.075	0.085	0.156	0.083	0.075	0.156	0.376	0.108	0.064	0.08	0.128	0.085	0.095
GO:0051051	0.038	0.057	0.076	0.045	0.056	0.066	0.076	0.043	0.123	0.067	0.095	0.368	0.056	0.101	0.059	0.273	0.076	0.095	0.056	0.067	0.085	0.06	0.101	0.153	0.073	0.056	0.039	0.117	0.083	0.067	0.086	0.076	0.076	0.245	0.059	0.054	0.07	0.04	0.123	0.187	0.446	0.086	0.083	0.059	0.122	0.095	0.143	0.039	0.123	0.123	0.143	0.262	0.057	0.084	0.075	0.052	0.082	0.054	0.068	0.168	0.086	0.073	0.219	0.093	0.076	0.427	0.058	0.107	0.169	0.095	0.041	0.073	0.101	0.175	0.076	0.205	0.054	0.101	0	0.329	0.054	0.175	0.078	0.054	0.075	0.059	0.123	0.083	1	0.127	0.081	0.069	0.096	0.07	0.16	0.063	0.073	0.113	0.07	0.077	0.075	0.179	0.076	0.274	0.266	0.243	0.149	0.065	0.079	0.086	0.152	0.166	0.113	0.217	0.174	0.141	0.046	0.101	0.16	0.086	0.095	0.086	0.306	0.086	0.398	0.116	0.068	0.052	0.2	0.136	0.091	0.056	0.302	0.082	0.296	0.176	0.26	0.073	0.217	0.041	0.166	0.363	0.156	0.079	0.16	0.113	0.051	0.06	0.042	0.085	0.123	0.048	0.244	0.101	0.095	0.053	0.328	0.049	0.086	0.1	0.139	0.143	0.446	0.208	0.093	0.235	0.064	0.081	0.201	0.446	0.306	0.16	0.174	0.123	0.368	0.087	0.2	0.436	0.274	0.108	0.161	0.088	0.31	0.282	0.049	0.13	0	0.078	0.547	0.345	0.087	0.121	0.201	0.06	0.652	0.187	0.376	0.116	0.088	0.187	0.116	0.039	0.187	0.063	0.051	0.803	0.207	0.059	0.088	0.398
GO:0051247	0.293	0.064	0.032	0.185	0.23	0.032	0.032	0.023	0.061	0.472	0.046	0.044	0.024	0.048	0.027	0.03	0.21	0.046	0.024	0.078	0.042	0.024	0.048	0.042	0.034	0.026	0.138	0.026	0.042	0.029	0.038	0.032	0.032	0.025	0.428	0.313	0.031	0.021	0.061	0.089	0.038	0.038	0.042	0.159	0.518	0.046	0.064	0.155	0.149	0.061	0.064	0.034	0.064	0.042	0.035	0.101	0.174	0.141	0.135	0.088	0.038	0.201	0.023	0.109	0.032	0.054	0.251	0.056	0.081	0.111	0.185	0.092	0.048	0.082	0.032	0.03	0.313	0.048	0	0.177	0.143	0.082	0.161	0.347	0.035	0.225	0.061	0.042	0.127	1	0.022	0.033	0.039	0.031	0.082	0.025	0.034	0.058	0.033	0.033	0.146	0.084	0.032	0.023	0.093	0.128	0.12	0.031	0.036	0.038	0.074	0.079	0.058	0.118	0.021	0.034	0.131	0.048	0.082	0.038	0.046	0.043	0.029	0.038	0.139	0.371	0.123	0.025	0.345	0.453	0.044	0.23	0.031	0.037	0.025	0.078	0.213	0.191	0.118	0.152	0.038	0.083	0.069	0.036	0.133	0.058	0.024	0.135	0.276	0.223	0.149	0.198	0.325	0.048	0.111	0.186	0.031	0.023	0.038	0.077	0.101	0.064	0.038	0.287	0.109	0.025	0.226	0.321	0.101	0.071	0.213	0.082	0.142	0.149	0.044	0.186	0.345	0.067	0.023	0.05	0.024	0.043	0.09	0.088	0.305	0.065	0	0.036	0.15	0.095	0.034	0.062	0.101	0.03	0.076	0.345	0.032	0.062	0.043	0.089	0.479	0.186	0.089	0.028	0.354	0.097	0.035	0.029	0.167	0.139
GO:0001755	0.037	0.046	0.064	0.038	0.038	0.306	0.064	0.23	0.14	0.03	0.1	0.128	0.045	0.292	0.144	0.061	0.029	0.162	0.045	0.066	0.398	0.043	0.188	0.486	0.295	0.051	0.029	0.077	0.09	0.058	0.08	0.064	0.064	0.066	0.027	0.036	0.06	0.166	0.14	0.068	0.08	0.071	0.09	0.053	0.036	0.1	0.029	0.034	0.061	0.14	0.029	0.098	0.059	0.271	0.19	0.048	0.089	0.049	0.06	0.052	0.08	0.072	0.061	0.043	0.064	0.164	0.059	0.187	0.024	0.1	0.035	0.082	0.046	0.054	0.064	0.061	0.036	0.104	0	0.127	0.049	0.054	0.075	0.044	0.073	0.06	0.14	0.09	0.081	0.022	1	0.534	0.017	0.06	0.084	0.042	0.265	0.132	0.326	0.034	0.032	0.047	0.064	0.04	0.074	0.088	0.048	0.223	0.168	0.08	0.048	0.036	0.132	0.242	0.062	0.11	0.043	0.046	0.203	0.036	0.1	0.04	0.09	0.071	0.05	0.032	0.059	0.273	0.036	0.023	0.085	0.038	0.1	0.078	0.045	0.057	0.05	0.071	0.224	0.035	0.08	0.065	0.049	0.034	0.06	0.057	0.037	0.027	0.036	0.04	0.061	0.045	0.027	0.094	0.1	0.044	0.099	0.156	0.036	0.032	0.047	0.029	0.08	0.023	0.043	0.07	0.056	0.034	0.046	0.071	0.036	0.084	0.032	0.061	0.128	0.041	0.036	0.043	0.04	0.034	0.065	0.299	0.142	0.321	0.037	0.071	0	0.075	0.059	0.056	0.035	0.272	0.046	0.061	0.046	0.026	0.064	0.049	0.041	0.068	0.032	0.031	0.068	0.056	0.047	0.061	0.058	0.381	0.041	0.122
GO:0048864	0.06	0.086	0.128	0.069	0.08	0.462	0.128	0.281	0.254	0.048	0.181	0.169	0.087	0.356	0.288	0.043	0.053	0.306	0.088	0.116	0.294	0.092	0.356	0.141	0.55	0.092	0.055	0.101	0.156	0.111	0.154	0.128	0.128	0.093	0.042	0.079	0.117	0.291	0.254	0.122	0.063	0.063	0.156	0.097	0.066	0.181	0.053	0.059	0.105	0.254	0.053	0.116	0.099	0.491	0.262	0.085	0.154	0.087	0.108	0.09	0.154	0.122	0.083	0.073	0.128	0.208	0.1	0.337	0.04	0.181	0.062	0.136	0.08	0.1	0.128	0.067	0.079	0.193	0	0.217	0.089	0.1	0.139	0.085	0.133	0.103	0.254	0.156	0.069	0.033	0.534	1	0.032	0.117	0.145	0.092	0.236	0.231	0.514	0.067	0.055	0.042	0.128	0.037	0.118	0.151	0.053	0.193	0.207	0.154	0.086	0.063	0.231	0.419	0.061	0.128	0.074	0.08	0.145	0.063	0.181	0.067	0.111	0.063	0.079	0.059	0.114	0.45	0.057	0.035	0.155	0.08	0.112	0.147	0.041	0.108	0.079	0.128	0.227	0.062	0.063	0.074	0.093	0.058	0.097	0.095	0.07	0.043	0.06	0.066	0.105	0.078	0.042	0.08	0.181	0.08	0.11	0.177	0.063	0.055	0.084	0.053	0.063	0.035	0.073	0.086	0.106	0.06	0.08	0.053	0.057	0.145	0.049	0.105	0.169	0.068	0.057	0.03	0.037	0.061	0.073	0.543	0.103	0.091	0.073	0.08	0	0.139	0.049	0.063	0.074	0.367	0.08	0.105	0.039	0.044	0.053	0.057	0.068	0.122	0.061	0.055	0.122	0.104	0.083	0.052	0.062	0.421	0.068	0.079
GO:0055074	0.014	0.022	0.031	0.014	0.016	0.031	0.031	0.019	0.083	0.031	0.054	0.05	0.018	0.058	0.023	0.027	0.031	0.054	0.019	0.031	0.047	0.017	0.058	0.047	0.034	0.022	0.011	0.021	0.046	0.026	0.042	0.031	0.031	0.02	0.027	0.013	0.028	0.017	0.083	0.06	0.042	0.042	0.046	0.023	0.029	0.054	0.075	0.012	0.083	0.083	0.075	0.034	0.026	0.047	0.036	0.02	0.045	0.021	0.032	0.054	0.042	0.04	0.017	0.053	0.031	0.068	0.026	0.07	0.048	0.054	0.013	0.04	0.058	0.05	0.031	0.365	0.013	0.058	0	0.144	0.021	0.05	0.037	0.018	0.036	0.027	0.083	0.046	0.096	0.039	0.017	0.032	1	0.028	0.124	0.018	0.034	0.075	0.033	0.666	0.036	0.051	0.031	0.015	0.063	0.092	0.013	0.03	0.038	0.042	0.043	0.48	0.075	0.082	0.017	0.034	0.017	0.058	0.124	0.042	0.054	0.048	0.027	0.042	0.11	0.028	0.027	0.02	0.073	0.042	0.052	0.016	0.03	0.04	0.019	0.049	0.11	0.034	0.082	0.013	0.042	0.086	0.041	0.038	0.057	0.075	0.02	0.027	0.018	0.047	0.083	0.018	0.05	0.058	0.054	0.02	0.029	0.019	0.042	0.026	0.037	0.539	0.042	0.042	0.053	0.02	0.025	0.039	0.259	0.153	0.073	0.124	0.063	0.083	0.05	0.049	0.073	0.037	0.015	0.025	0.02	0.049	0.057	0.055	0.014	0.039	0	0.037	0.072	0.038	0.32	0.033	0.259	0.028	0.047	0.054	0.031	0.035	0.049	0.06	0.024	0.012	0.06	0.025	0.019	0.067	0.053	0.027	0.049	0.11
GO:0007030	0.054	0.078	0.228	0.111	0.07	0.11	0.59	0.135	0.274	0.046	0.186	0.171	0.374	0.083	0.236	0.04	0.051	0.077	0.378	0.271	0.066	0.251	0.083	0.14	0.125	0.242	0.046	0.093	0.484	0.319	0.47	0.377	0.59	0.085	0.04	0.068	0.341	0.229	0.274	0.118	0.064	0.064	0.484	0.09	0.057	0.186	0.051	0.149	0.113	0.274	0.051	0.348	0.309	0.158	0.131	0.078	0.154	0.08	0.102	0.083	0.47	0.118	0.074	0.074	0.377	0.217	0.094	0.094	0.037	0.186	0.054	0.134	0.083	0.255	0.59	0.059	0.068	0.201	0	0.094	0.082	0.391	0.137	0.076	0.13	0.098	0.274	0.484	0.07	0.031	0.06	0.117	0.028	1	0.163	0.082	0.051	0.245	0.12	0.058	0.054	0.039	0.124	0.033	0.047	0.151	0.046	0.044	0.057	0.155	0.078	0.064	0.101	0.132	0.09	0.125	0.066	0.083	0.163	0.064	0.186	0.067	0.105	0.064	0.082	0.05	0.109	0.077	0.056	0.033	0.156	0.07	0.107	0.147	0.037	0.102	0.082	0.125	0.054	0.157	0.064	0.069	0.085	0.057	0.091	0.101	0.164	0.04	0.053	0.066	0.113	0.071	0.04	0.083	0.186	0.072	0.105	0.217	0.064	0.048	0.077	0.051	0.064	0.033	0.074	0.078	0.099	0.059	0.083	0.051	0.056	0.163	0.047	0.113	0.171	0.069	0.056	0.027	0.033	0.053	0.064	0.169	0.097	0.084	0.064	0.074	0	0.137	0.048	0.057	0.064	0.06	0.083	0.099	0.037	0.042	0.051	0.05	0.069	0.118	0.052	0.047	0.118	0.41	0.075	0.051	0.055	0.096	0.069	0.082
GO:0040007	0.065	0.115	0.187	0.086	0.125	0.133	0.187	0.072	0.306	0.137	0.221	0.197	0.119	0.246	0.121	0.115	0.187	0.221	0.121	0.136	0.181	0.144	0.246	0.177	0.157	0.113	0.075	0.148	0.174	0.149	0.21	0.187	0.187	0.132	0.112	0.125	0.163	0.065	0.306	0.145	0.21	0.21	0.174	0.122	0.081	0.221	0.187	0.071	0.306	0.306	0.187	0.115	0.109	0.176	0.167	0.101	0.17	0.105	0.14	0.108	0.21	0.143	0.111	0.211	0.187	0.219	0.109	0.234	0.121	0.221	0.075	0.142	0.246	0.127	0.187	0.074	0.125	0.246	0	0.234	0.108	0.127	0.177	0.114	0.166	0.114	0.306	0.174	0.16	0.082	0.084	0.145	0.124	0.163	1	0.155	0.157	0.259	0.148	0.091	0.166	0.132	0.187	0.155	0.285	0.167	0.061	0.13	0.18	0.21	0.103	0.21	0.63	0.14	0.065	0.157	0.084	0.246	0.412	0.21	0.221	0.185	0.149	0.21	0.472	0.076	0.156	0.101	0.145	0.09	0.206	0.125	0.128	0.195	0.162	0.143	0.194	0.157	0.14	0.075	0.21	0.074	0.128	0.182	0.104	0.259	0.098	0.115	0.07	0.181	0.306	0.09	0.113	0.246	0.221	0.103	0.125	0.091	0.21	0.063	0.1	0.187	0.21	0.09	0.211	0.102	0.138	0.189	0.246	0.157	0.145	0.412	0.118	0.306	0.197	0.191	0.145	0.084	0.155	0.073	0.098	0.192	0.114	0.109	0.103	0.093	0	0.177	0.12	0.069	0.113	0.075	0.246	0.117	0.103	0.142	0.187	0.067	0.192	0.145	0.08	0.07	0.145	0.135	0.097	0.128	0.067	0.112	0.192	0.194
GO:0035249	0.038	0.054	0.091	0.04	0.042	0.086	0.091	0.051	0.245	0.038	0.157	0.144	0.053	0.072	0.057	0.033	0.04	0.067	0.053	0.087	0.057	0.052	0.072	0.113	0.098	0.061	0.027	0.063	0.13	0.077	0.122	0.091	0.091	0.057	0.032	0.039	0.082	0.04	0.245	0.205	0.053	0.053	0.13	0.065	0.038	0.157	0.04	0.034	0.103	0.245	0.04	0.093	0.073	0.132	0.103	0.056	0.129	0.058	0.077	0.556	0.122	0.095	0.05	0.065	0.091	0.192	0.073	0.085	0.028	0.157	0.036	0.111	0.072	0.068	0.091	0.043	0.039	0.17	0	0.085	0.059	0.068	0.108	0.051	0.102	0.076	0.245	0.13	0.063	0.025	0.042	0.092	0.018	0.082	0.155	1	0.042	0.217	0.094	0.036	0.044	0.03	0.091	0.021	0.04	0.126	0.032	0.036	0.047	0.122	0.127	0.053	0.092	0.11	0.04	0.098	0.048	0.072	0.155	0.053	0.157	0.058	0.077	0.053	0.074	0.032	0.079	0.056	0.048	0.027	0.622	0.042	0.083	0.116	0.025	0.167	0.074	0.098	0.047	0.036	0.053	0.165	0.205	0.047	0.073	0.092	0.039	0.033	0.038	0.057	0.103	0.051	0.032	0.072	0.157	0.05	0.081	0.051	0.053	0.033	0.055	0.04	0.053	0.027	0.065	0.057	0.072	0.049	0.072	0.042	0.048	0.155	0.04	0.103	0.144	0.06	0.048	0.021	0.021	0.08	0.043	0.141	0.075	0.063	0.039	0.49	0	0.108	0.041	0.042	0.037	0.043	0.072	0.077	0.03	0.032	0.04	0.324	0.06	0.205	0.032	0.03	0.205	0.071	0.054	0.044	0.302	0.074	0.06	0.074
GO:0007417	0.026	0.04	0.056	0.03	0.036	0.511	0.056	0.258	0.112	0.051	0.08	0.074	0.038	0.381	0.176	0.045	0.056	0.327	0.038	0.05	0.678	0.04	0.381	0.069	0.249	0.04	0.025	0.044	0.068	0.048	0.068	0.056	0.056	0.041	0.044	0.034	0.051	0.111	0.112	0.053	0.068	0.165	0.068	0.042	0.028	0.08	0.056	0.025	0.112	0.112	0.056	0.05	0.043	0.166	0.571	0.037	0.067	0.038	0.051	0.042	0.068	0.059	0.036	0.077	0.056	0.091	0.043	0.358	0.042	0.08	0.026	0.059	0.085	0.043	0.056	0.028	0.034	0.085	0	0.231	0.038	0.043	0.061	0.037	0.058	0.044	0.112	0.068	0.073	0.034	0.265	0.236	0.034	0.051	0.157	0.042	1	0.101	0.223	0.029	0.058	0.108	0.056	0.04	0.123	0.066	0.024	0.435	0.414	0.068	0.037	0.068	0.246	0.141	0.028	0.056	0.032	0.085	0.157	0.068	0.08	0.071	0.049	0.165	0.084	0.027	0.05	0.4	0.059	0.037	0.076	0.036	0.048	0.065	0.043	0.047	0.084	0.056	0.44	0.027	0.068	0.035	0.044	0.062	0.046	0.101	0.036	0.045	0.03	0.07	0.112	0.033	0.044	0.207	0.08	0.037	0.047	0.423	0.068	0.025	0.036	0.056	0.068	0.037	0.077	0.037	0.046	0.063	0.085	0.056	0.059	0.157	0.051	0.112	0.074	0.072	0.059	0.031	0.04	0.026	0.036	0.176	0.044	0.043	0.032	0.092	0	0.061	0.052	0.03	0.032	0.384	0.085	0.045	0.041	0.047	0.056	0.064	0.073	0.053	0.026	0.025	0.053	0.045	0.035	0.054	0.026	0.388	0.073	0.084
GO:0022402	0.11	0.174	0.274	0.138	0.182	0.215	0.274	0.125	0.469	0.091	0.342	0.311	0.183	0.154	0.182	0.078	0.113	0.141	0.185	0.218	0.12	0.21	0.154	0.265	0.246	0.18	0.116	0.22	0.281	0.228	0.313	0.274	0.274	0.2	0.076	0.183	0.245	0.107	0.469	0.231	0.129	0.129	0.281	0.192	0.13	0.342	0.113	0.116	0.193	0.469	0.113	0.197	0.18	0.285	0.26	0.164	0.277	0.169	0.211	0.168	0.313	0.221	0.172	0.136	0.274	0.36	0.181	0.156	0.079	0.342	0.122	0.237	0.154	0.199	0.274	0.123	0.183	0.631	0	0.156	0.173	0.199	0.273	0.177	0.259	0.188	0.469	0.281	0.113	0.058	0.132	0.231	0.075	0.245	0.259	0.217	0.101	1	0.235	0.142	0.107	0.085	0.274	0.09	0.083	0.272	0.099	0.087	0.114	0.313	0.165	0.129	0.17	0.234	0.107	0.246	0.139	0.154	0.259	0.129	0.342	0.122	0.228	0.129	0.134	0.119	0.237	0.163	0.099	0.063	0.3	0.182	0.208	0.295	0.095	0.221	0.134	0.247	0.096	0.123	0.129	0.123	0.192	0.115	0.167	0.17	0.143	0.078	0.109	0.12	0.193	0.148	0.077	0.154	0.342	0.159	0.203	0.149	0.129	0.102	0.161	0.113	0.129	0.063	0.136	0.165	0.213	0.119	0.154	0.101	0.099	0.259	0.083	0.193	0.311	0.125	0.099	0.057	0.09	0.12	0.147	0.306	0.187	0.171	0.158	0.148	0	0.663	0.084	0.113	0.169	0.124	0.154	0.192	0.071	0.09	0.113	0.108	0.126	0.231	0.126	0.11	0.231	0.21	0.158	0.089	0.113	0.184	0.126	0.134
GO:0030855	0.061	0.087	0.131	0.07	0.081	0.475	0.131	0.229	0.259	0.049	0.185	0.172	0.088	0.55	0.278	0.043	0.054	0.293	0.089	0.118	0.282	0.094	0.342	0.143	0.566	0.093	0.056	0.103	0.158	0.113	0.157	0.131	0.131	0.095	0.042	0.08	0.12	0.237	0.259	0.124	0.065	0.065	0.158	0.098	0.066	0.185	0.054	0.06	0.107	0.259	0.054	0.118	0.1	0.522	0.249	0.086	0.156	0.088	0.11	0.091	0.157	0.124	0.084	0.074	0.131	0.212	0.101	0.325	0.04	0.185	0.063	0.138	0.081	0.101	0.131	0.067	0.08	0.197	0	0.221	0.09	0.101	0.141	0.086	0.135	0.104	0.259	0.158	0.07	0.033	0.326	0.514	0.033	0.12	0.148	0.094	0.223	0.235	1	0.068	0.056	0.043	0.131	0.038	0.12	0.154	0.054	0.182	0.193	0.157	0.087	0.065	0.235	0.445	0.061	0.13	0.075	0.081	0.148	0.065	0.185	0.068	0.113	0.065	0.08	0.059	0.116	0.358	0.057	0.036	0.158	0.081	0.113	0.15	0.041	0.11	0.08	0.13	0.216	0.063	0.065	0.075	0.095	0.059	0.098	0.097	0.071	0.043	0.061	0.067	0.107	0.079	0.043	0.081	0.185	0.081	0.111	0.167	0.065	0.055	0.085	0.054	0.065	0.036	0.074	0.087	0.107	0.061	0.081	0.054	0.057	0.148	0.049	0.107	0.172	0.069	0.057	0.031	0.038	0.062	0.074	0.578	0.104	0.092	0.074	0.081	0	0.141	0.05	0.064	0.075	0.293	0.081	0.106	0.04	0.045	0.054	0.058	0.07	0.124	0.061	0.056	0.124	0.106	0.084	0.053	0.062	0.506	0.07	0.08
GO:0006874	0.033	0.042	0.062	0.033	0.032	0.064	0.062	0.043	0.153	0.027	0.104	0.099	0.04	0.045	0.043	0.024	0.026	0.043	0.041	0.065	0.039	0.038	0.045	0.08	0.07	0.047	0.023	0.045	0.092	0.055	0.081	0.062	0.062	0.043	0.024	0.03	0.058	0.035	0.153	0.086	0.033	0.033	0.092	0.049	0.043	0.104	0.056	0.029	0.063	0.153	0.056	0.072	0.057	0.093	0.073	0.044	0.091	0.045	0.057	0.07	0.081	0.071	0.039	0.042	0.062	0.131	0.057	0.056	0.039	0.104	0.03	0.083	0.045	0.07	0.062	0.524	0.03	0.11	0	0.109	0.046	0.07	0.075	0.039	0.072	0.058	0.153	0.092	0.077	0.033	0.034	0.067	0.666	0.058	0.091	0.036	0.029	0.142	0.068	1	0.03	0.041	0.062	0.014	0.051	0.125	0.028	0.026	0.031	0.081	0.061	0.34	0.059	0.114	0.035	0.07	0.039	0.045	0.091	0.033	0.104	0.039	0.055	0.033	0.086	0.038	0.057	0.044	0.058	0.035	0.087	0.032	0.063	0.078	0.016	0.07	0.086	0.07	0.065	0.03	0.033	0.097	0.057	0.031	0.078	0.059	0.032	0.024	0.033	0.039	0.063	0.041	0.041	0.045	0.104	0.039	0.062	0.041	0.033	0.038	0.056	0.376	0.033	0.035	0.042	0.045	0.053	0.032	0.187	0.116	0.058	0.091	0.051	0.063	0.099	0.04	0.058	0.031	0.014	0.038	0.035	0.097	0.08	0.071	0.031	0.056	0	0.075	0.059	0.052	0.401	0.05	0.187	0.059	0.038	0.042	0.026	0.046	0.04	0.086	0.036	0.026	0.086	0.052	0.043	0.054	0.064	0.058	0.04	0.086
GO:1901137	0.238	0.101	0.059	0.125	0.17	0.052	0.059	0.031	0.119	0.22	0.083	0.077	0.039	0.09	0.043	0.046	0.264	0.083	0.04	0.127	0.073	0.042	0.09	0.071	0.058	0.041	0.239	0.046	0.071	0.05	0.071	0.059	0.059	0.042	0.188	0.155	0.054	0.029	0.119	0.055	0.071	0.071	0.071	0.183	0.119	0.083	0.059	0.101	0.288	0.119	0.059	0.051	0.097	0.071	0.061	0.168	0.311	0.164	0.503	0.044	0.071	0.235	0.037	0.197	0.059	0.095	0.198	0.099	0.043	0.203	0.116	0.148	0.09	0.045	0.059	0.029	0.155	0.09	0	0.099	0.167	0.045	0.154	0.162	0.061	0.191	0.119	0.071	0.075	0.146	0.032	0.055	0.036	0.054	0.166	0.044	0.058	0.107	0.056	0.03	1	0.046	0.059	0.042	0.052	0.068	0.111	0.05	0.064	0.071	0.038	0.071	0.107	0.06	0.029	0.058	0.145	0.09	0.166	0.071	0.083	0.074	0.051	0.071	0.087	0.117	0.233	0.038	0.276	0.328	0.08	0.17	0.05	0.068	0.045	0.049	0.087	0.242	0.06	0.102	0.071	0.036	0.045	0.065	0.047	0.107	0.037	0.154	0.396	0.28	0.288	0.154	0.189	0.09	0.203	0.171	0.049	0.035	0.071	0.026	0.037	0.059	0.071	0.328	0.362	0.038	0.201	0.297	0.09	0.058	0.276	0.166	0.052	0.288	0.077	0.236	0.15	0.032	0.042	0.027	0.037	0.076	0.046	0.044	0.141	0.039	0	0.063	0.053	0.03	0.033	0.029	0.09	0.047	0.042	0.205	0.059	0.027	0.076	0.055	0.112	0.189	0.055	0.047	0.154	0.056	0.027	0.045	0.312	0.087
GO:0006937	0.02	0.031	0.043	0.023	0.027	0.075	0.043	0.042	0.093	0.041	0.065	0.06	0.028	0.069	0.032	0.036	0.043	0.065	0.029	0.04	0.122	0.029	0.069	0.056	0.044	0.031	0.018	0.033	0.056	0.037	0.053	0.043	0.043	0.03	0.035	0.024	0.039	0.023	0.093	0.127	0.053	0.616	0.056	0.033	0.074	0.065	0.095	0.019	0.093	0.093	0.095	0.042	0.034	0.056	0.087	0.029	0.055	0.029	0.041	0.117	0.053	0.049	0.027	0.063	0.043	0.076	0.035	0.08	0.111	0.065	0.02	0.049	0.069	0.115	0.043	0.035	0.024	0.069	0	0.273	0.03	0.115	0.048	0.028	0.046	0.036	0.093	0.056	0.179	0.084	0.047	0.042	0.051	0.039	0.132	0.03	0.108	0.085	0.043	0.041	0.046	1	0.043	0.028	0.125	0.186	0.019	0.078	0.118	0.053	0.099	0.12	0.085	0.165	0.023	0.044	0.025	0.069	0.132	0.053	0.065	0.058	0.037	0.238	0.204	0.07	0.038	0.054	0.145	0.09	0.062	0.027	0.039	0.051	0.031	0.112	0.204	0.044	0.332	0.02	0.053	0.102	0.095	0.049	0.114	0.085	0.028	0.036	0.025	0.057	0.093	0.026	0.107	0.308	0.065	0.029	0.038	0.059	0.053	0.061	0.087	0.095	0.053	0.09	0.063	0.029	0.035	0.05	0.158	0.1	0.145	0.132	0.125	0.093	0.06	0.059	0.145	0.085	0.028	0.062	0.028	0.059	0.122	0.119	0.023	0.189	0	0.048	0.135	0.077	0.044	0.156	0.158	0.036	0.1	0.124	0.043	0.251	0.059	0.127	0.066	0.019	0.127	0.035	0.028	0.133	0.042	0.07	0.059	0.204
GO:0045197	0.056	0.085	0.139	0.065	0.077	0.12	0.139	0.069	0.311	0.051	0.208	0.19	0.085	0.093	0.088	0.043	0.057	0.086	0.086	0.121	0.073	0.091	0.093	0.153	0.137	0.091	0.049	0.103	0.171	0.115	0.173	0.139	0.139	0.093	0.042	0.075	0.124	0.057	0.311	0.128	0.071	0.071	0.171	0.098	0.061	0.208	0.057	0.054	0.128	0.311	0.057	0.12	0.1	0.173	0.144	0.083	0.169	0.086	0.111	0.089	0.173	0.128	0.08	0.083	0.139	0.24	0.101	0.104	0.04	0.208	0.057	0.145	0.093	0.101	0.139	0.063	0.075	0.227	0	0.104	0.088	0.101	0.151	0.083	0.144	0.105	0.311	0.171	0.076	0.032	0.064	0.128	0.031	0.124	0.187	0.091	0.056	0.274	0.131	0.062	0.059	0.043	1	0.037	0.051	0.166	0.048	0.048	0.063	0.173	0.084	0.071	0.113	0.143	0.057	0.137	0.07	0.093	0.187	0.071	0.208	0.074	0.116	0.071	0.089	0.053	0.12	0.083	0.061	0.035	0.173	0.077	0.116	0.164	0.041	0.112	0.089	0.137	0.059	0.057	0.071	0.072	0.093	0.064	0.097	0.113	0.065	0.043	0.056	0.073	0.128	0.075	0.043	0.093	0.208	0.077	0.113	0.076	0.071	0.05	0.082	0.057	0.071	0.035	0.083	0.084	0.108	0.066	0.093	0.056	0.061	0.187	0.051	0.128	0.19	0.076	0.061	0.029	0.037	0.056	0.069	0.186	0.104	0.09	0.069	0.078	0	0.151	0.051	0.06	0.069	0.063	0.093	0.107	0.04	0.046	0.057	0.052	0.077	0.128	0.055	0.05	0.128	0.107	0.08	0.055	0.057	0.103	0.077	0.089
GO:0070509	0.015	0.025	0.037	0.016	0.018	0.035	0.037	0.02	0.102	0.036	0.064	0.271	0.021	0.07	0.026	0.23	0.037	0.064	0.021	0.035	0.055	0.02	0.07	0.112	0.04	0.025	0.012	0.061	0.053	0.031	0.05	0.037	0.037	0.27	0.03	0.015	0.033	0.019	0.102	0.037	0.368	0.05	0.053	0.026	0.015	0.064	0.037	0.013	0.102	0.102	0.037	0.174	0.029	0.054	0.042	0.022	0.053	0.023	0.036	0.029	0.05	0.046	0.501	0.062	0.037	0.354	0.029	0.083	0.026	0.064	0.014	0.045	0.07	0.027	0.037	0.324	0.015	0.07	0	0.083	0.024	0.027	0.044	0.02	0.042	0.031	0.102	0.053	0.274	0.023	0.04	0.037	0.015	0.033	0.155	0.021	0.04	0.09	0.038	0.014	0.042	0.028	0.037	1	0.039	0.052	0.092	0.034	0.044	0.05	0.023	0.05	0.09	0.045	0.119	0.096	0.019	0.07	0.155	0.05	0.064	0.056	0.194	0.05	0.072	0.014	0.032	0.022	0.046	0.025	0.061	0.018	0.209	0.047	0.842	0.03	0.072	0.04	0.045	0.014	0.121	0.098	0.027	0.045	0.035	0.09	0.022	0.031	0.02	0.055	0.102	0.02	0.03	0.07	0.064	0.023	0.243	0.021	0.05	0.015	0.022	0.037	0.368	0.025	0.062	0.251	0.029	0.046	0.07	0.293	0.046	0.155	0.039	0.102	0.271	0.057	0.046	0.16	0.208	0.014	0.098	0.058	0.074	0.061	0.015	0.026	0	0.044	0.18	0.132	0.014	0.017	0.07	0.031	0.282	0.03	0.271	0.016	0.058	0.037	0.012	0.013	0.037	0.029	0.022	0.191	0.098	0.03	0.058	0.072
GO:0048640	0.027	0.039	0.051	0.031	0.036	0.113	0.051	0.064	0.089	0.047	0.067	0.064	0.037	0.172	0.098	0.043	0.051	0.163	0.038	0.047	0.148	0.039	0.172	0.06	0.123	0.039	0.027	0.042	0.06	0.045	0.059	0.051	0.051	0.039	0.042	0.035	0.047	0.071	0.089	0.132	0.059	0.059	0.06	0.041	0.085	0.067	0.098	0.027	0.089	0.089	0.098	0.047	0.041	0.146	0.107	0.036	0.059	0.037	0.048	0.123	0.059	0.054	0.036	0.066	0.051	0.076	0.041	0.192	0.119	0.067	0.028	0.054	0.071	0.122	0.051	0.044	0.035	0.071	0	0.501	0.038	0.122	0.054	0.036	0.052	0.043	0.089	0.06	0.266	0.093	0.074	0.118	0.063	0.047	0.285	0.04	0.123	0.083	0.12	0.051	0.052	0.125	0.051	0.039	1	0.179	0.026	0.111	0.116	0.059	0.108	0.117	0.488	0.331	0.029	0.051	0.032	0.071	0.118	0.059	0.067	0.062	0.045	0.059	0.648	0.082	0.046	0.088	0.146	0.099	0.065	0.036	0.046	0.057	0.041	0.12	0.194	0.051	0.331	0.028	0.059	0.108	0.106	0.055	0.119	0.083	0.036	0.043	0.031	0.061	0.089	0.034	0.175	0.071	0.067	0.037	0.045	0.078	0.059	0.072	0.097	0.098	0.059	0.151	0.066	0.037	0.043	0.056	0.146	0.102	0.223	0.118	0.129	0.089	0.064	0.063	0.146	0.095	0.039	0.075	0.036	0.153	0.127	0.124	0.033	0.093	0	0.054	0.138	0.086	0.056	0.179	0.146	0.043	0.165	0.13	0.051	0.085	0.063	0.132	0.079	0.027	0.132	0.043	0.036	0.208	0.05	0.102	0.063	0.296
GO:0030155	0.077	0.112	0.166	0.09	0.11	0.143	0.166	0.089	0.3	0.06	0.534	0.204	0.115	0.097	0.116	0.053	0.068	0.091	0.116	0.145	0.08	0.125	0.097	0.174	0.16	0.117	0.075	0.134	0.188	0.143	0.193	0.166	0.166	0.124	0.052	0.109	0.151	0.076	0.3	0.396	0.08	0.08	0.188	0.124	0.244	0.534	0.146	0.078	0.123	0.3	0.146	0.139	0.123	0.19	0.167	0.109	0.186	0.112	0.137	0.325	0.193	0.15	0.109	0.088	0.166	0.244	0.124	0.105	0.175	0.22	0.081	0.164	0.097	0.364	0.166	0.109	0.109	0.235	0	0.36	0.114	0.364	0.173	0.112	0.166	0.128	0.3	0.188	0.243	0.128	0.088	0.151	0.092	0.151	0.167	0.126	0.066	0.272	0.154	0.125	0.068	0.186	0.166	0.052	0.179	1	0.069	0.058	0.072	0.193	0.302	0.173	0.112	0.459	0.076	0.16	0.094	0.097	0.167	0.08	0.534	0.081	0.143	0.08	0.278	0.223	0.147	0.108	0.209	0.137	0.192	0.11	0.139	0.448	0.055	0.37	0.278	0.16	0.228	0.082	0.08	0.26	0.319	0.073	0.308	0.112	0.092	0.053	0.076	0.08	0.123	0.1	0.164	0.097	0.22	0.104	0.136	0.1	0.08	0.362	0.555	0.146	0.08	0.137	0.088	0.109	0.136	0.075	0.214	0.143	0.209	0.167	0.179	0.123	0.204	0.082	0.209	0.133	0.052	0.216	0.096	0.201	0.362	0.33	0.099	0.26	0	0.173	0.191	0.216	0.142	0.243	0.214	0.13	0.153	0.195	0.068	0.216	0.083	0.396	0.232	0.073	0.396	0.134	0.106	0.191	0.111	0.126	0.083	0.278
GO:0006406	0.178	0.063	0.048	0.161	0.123	0.052	0.048	0.039	0.104	0.23	0.075	0.172	0.035	0.034	0.037	0.453	0.252	0.033	0.035	0.085	0.031	0.033	0.034	0.092	0.055	0.04	0.065	0.218	0.07	0.045	0.06	0.048	0.048	0.108	0.139	0.109	0.046	0.032	0.104	0.053	0.162	0.027	0.07	0.148	0.103	0.075	0.022	0.135	0.109	0.104	0.022	0.139	0.072	0.07	0.056	0.099	0.174	0.095	0.128	0.042	0.06	0.189	0.101	0.079	0.048	0.221	0.121	0.042	0.019	0.123	0.105	0.105	0.034	0.042	0.048	0.151	0.109	0.078	0	0.042	0.096	0.042	0.093	0.127	0.056	0.115	0.104	0.07	0.149	0.12	0.048	0.053	0.013	0.046	0.061	0.032	0.024	0.099	0.054	0.028	0.111	0.019	0.048	0.092	0.026	0.069	1	0.023	0.026	0.06	0.039	0.027	0.043	0.064	0.621	0.224	0.091	0.034	0.061	0.027	0.075	0.031	0.367	0.027	0.039	0.151	0.117	0.038	0.069	0.125	0.065	0.123	0.267	0.059	0.111	0.044	0.039	0.131	0.028	0.131	0.165	0.093	0.038	0.026	0.049	0.043	0.03	0.161	0.113	0.176	0.109	0.094	0.213	0.034	0.123	0.096	0.247	0.037	0.027	0.027	0.038	0.022	0.162	0.125	0.079	0.122	0.106	0.116	0.034	0.147	0.069	0.061	0.026	0.109	0.172	0.217	0.069	0.209	0.163	0.028	0.229	0.072	0.075	0.063	0.11	0.039	0	0.057	0.108	0.103	0.027	0.033	0.034	0.049	0.114	0.203	0.252	0.028	0.032	0.053	0.094	0.069	0.053	0.043	0.187	0.112	0.138	0.048	0.128	0.039
GO:0003007	0.024	0.036	0.048	0.027	0.032	0.271	0.048	0.177	0.094	0.045	0.068	0.064	0.033	0.304	0.218	0.04	0.048	0.401	0.034	0.045	0.648	0.035	0.304	0.06	0.203	0.035	0.023	0.038	0.059	0.042	0.058	0.048	0.048	0.036	0.039	0.03	0.044	0.141	0.094	0.046	0.058	0.119	0.059	0.037	0.026	0.068	0.048	0.023	0.094	0.094	0.048	0.045	0.038	0.145	0.288	0.033	0.058	0.034	0.045	0.038	0.058	0.052	0.032	0.066	0.048	0.079	0.039	0.425	0.037	0.068	0.024	0.052	0.072	0.038	0.048	0.026	0.03	0.072	0	0.199	0.034	0.038	0.052	0.033	0.05	0.04	0.094	0.059	0.065	0.031	0.223	0.193	0.03	0.044	0.13	0.036	0.435	0.087	0.182	0.026	0.05	0.078	0.048	0.034	0.111	0.058	0.023	1	0.294	0.058	0.033	0.058	0.21	0.125	0.026	0.049	0.029	0.072	0.13	0.058	0.068	0.061	0.042	0.119	0.073	0.024	0.043	0.283	0.053	0.034	0.065	0.032	0.043	0.055	0.037	0.041	0.073	0.049	0.341	0.024	0.058	0.033	0.038	0.053	0.042	0.087	0.032	0.04	0.028	0.061	0.094	0.03	0.04	0.154	0.068	0.033	0.042	0.225	0.058	0.023	0.032	0.048	0.058	0.034	0.066	0.033	0.04	0.055	0.072	0.049	0.053	0.13	0.046	0.094	0.064	0.063	0.053	0.029	0.034	0.024	0.032	0.153	0.04	0.039	0.028	0.071	0	0.052	0.046	0.027	0.028	0.216	0.072	0.04	0.037	0.041	0.048	0.048	0.063	0.046	0.024	0.023	0.046	0.04	0.032	0.049	0.024	0.353	0.063	0.073
GO:0009952	0.027	0.043	0.063	0.032	0.04	0.267	0.063	0.13	0.128	0.055	0.089	0.082	0.041	0.36	0.144	0.048	0.063	0.301	0.042	0.055	0.488	0.044	0.36	0.075	0.22	0.043	0.026	0.049	0.074	0.053	0.076	0.063	0.063	0.045	0.047	0.038	0.057	0.091	0.128	0.058	0.076	0.185	0.074	0.046	0.03	0.089	0.063	0.027	0.128	0.128	0.063	0.053	0.046	0.16	0.288	0.039	0.073	0.041	0.056	0.045	0.076	0.064	0.039	0.086	0.063	0.101	0.046	0.337	0.045	0.089	0.028	0.064	0.096	0.047	0.063	0.03	0.038	0.096	0	0.231	0.041	0.047	0.067	0.04	0.064	0.048	0.128	0.074	0.079	0.036	0.168	0.207	0.038	0.057	0.18	0.047	0.414	0.114	0.193	0.031	0.064	0.118	0.063	0.044	0.116	0.072	0.026	0.294	1	0.076	0.04	0.076	0.249	0.134	0.03	0.061	0.034	0.096	0.18	0.076	0.089	0.078	0.053	0.185	0.092	0.028	0.055	0.214	0.065	0.039	0.085	0.04	0.052	0.072	0.048	0.052	0.092	0.061	0.415	0.028	0.076	0.037	0.047	0.069	0.049	0.114	0.038	0.048	0.032	0.077	0.128	0.036	0.047	0.234	0.089	0.04	0.051	0.205	0.076	0.026	0.039	0.063	0.076	0.039	0.086	0.04	0.05	0.071	0.096	0.061	0.065	0.18	0.054	0.128	0.082	0.08	0.065	0.034	0.044	0.028	0.038	0.171	0.048	0.046	0.034	0.098	0	0.067	0.055	0.031	0.035	0.198	0.096	0.049	0.044	0.051	0.063	0.067	0.08	0.058	0.028	0.026	0.058	0.05	0.038	0.059	0.028	0.26	0.08	0.092
GO:0051084	0.069	0.106	0.173	0.082	0.102	0.144	0.173	0.083	0.657	0.061	0.244	0.222	0.109	0.11	0.111	0.052	0.071	0.101	0.111	0.146	0.085	0.121	0.11	0.182	0.165	0.113	0.065	0.132	0.2	0.144	0.21	0.173	0.173	0.119	0.051	0.101	0.155	0.069	0.357	0.154	0.087	0.087	0.2	0.121	0.077	0.244	0.071	0.069	0.147	0.357	0.071	0.139	0.12	0.203	0.174	0.103	0.197	0.106	0.136	0.108	0.21	0.152	0.103	0.097	0.173	0.273	0.121	0.119	0.05	0.244	0.073	0.169	0.11	0.126	0.173	0.077	0.101	0.267	0	0.119	0.108	0.126	0.183	0.106	0.173	0.125	0.357	0.2	0.086	0.038	0.08	0.154	0.042	0.155	0.21	0.122	0.068	0.313	0.157	0.081	0.071	0.053	0.173	0.05	0.059	0.193	0.06	0.058	0.076	1	0.104	0.087	0.129	0.166	0.069	0.165	0.087	0.11	0.21	0.087	0.244	0.087	0.144	0.087	0.101	0.069	0.149	0.102	0.071	0.042	0.207	0.102	0.139	0.198	0.055	0.139	0.101	0.165	0.068	0.073	0.087	0.084	0.117	0.077	0.114	0.129	0.084	0.052	0.068	0.085	0.147	0.093	0.051	0.11	0.244	0.097	0.135	0.094	0.087	0.062	0.101	0.071	0.087	0.042	0.097	0.104	0.134	0.08	0.11	0.068	0.071	0.21	0.059	0.147	0.222	0.089	0.071	0.036	0.05	0.071	0.088	0.218	0.125	0.11	0.09	0.095	0	0.183	0.06	0.072	0.093	0.078	0.11	0.128	0.047	0.057	0.071	0.065	0.09	0.154	0.072	0.064	0.154	0.132	0.099	0.063	0.071	0.123	0.09	0.101
GO:0051056	0.044	0.059	0.084	0.048	0.051	0.082	0.084	0.081	0.178	0.034	0.127	0.12	0.058	0.055	0.061	0.031	0.035	0.052	0.059	0.083	0.047	0.058	0.055	0.1	0.09	0.064	0.037	0.066	0.112	0.075	0.104	0.084	0.084	0.062	0.03	0.049	0.078	0.046	0.178	0.472	0.043	0.043	0.112	0.067	0.123	0.127	0.077	0.042	0.073	0.178	0.077	0.088	0.072	0.113	0.093	0.06	0.111	0.061	0.075	0.384	0.104	0.088	0.056	0.051	0.084	0.152	0.073	0.065	0.19	0.127	0.043	0.186	0.133	0.186	0.084	0.059	0.049	0.133	0	0.222	0.062	0.186	0.096	0.057	0.092	0.075	0.178	0.112	0.152	0.074	0.048	0.086	0.043	0.078	0.103	0.127	0.037	0.165	0.087	0.061	0.038	0.099	0.084	0.023	0.108	0.302	0.039	0.033	0.04	0.104	1	0.096	0.068	0.273	0.046	0.09	0.053	0.133	0.103	0.104	0.127	0.092	0.075	0.043	0.17	0.11	0.077	0.06	0.122	0.079	0.252	0.051	0.08	0.1	0.025	0.407	0.17	0.09	0.14	0.044	0.043	0.347	0.344	0.04	0.176	0.165	0.047	0.058	0.044	0.047	0.073	0.056	0.092	0.055	0.127	0.055	0.079	0.056	0.043	0.098	0.144	0.077	0.043	0.079	0.051	0.06	0.072	0.041	0.126	0.083	0.122	0.103	0.22	0.073	0.12	0.048	0.122	0.075	0.023	0.239	0.05	0.118	0.203	0.18	0.048	0.316	0	0.096	0.116	0.121	0.064	0.133	0.126	0.176	0.087	0.103	0.035	0.402	0.118	0.575	0.109	0.038	0.472	0.071	0.058	0.114	0.109	0.073	0.049	0.17
GO:0048878	0.028	0.047	0.071	0.034	0.044	0.059	0.071	0.034	0.147	0.061	0.101	0.091	0.045	0.11	0.049	0.052	0.071	0.101	0.046	0.06	0.085	0.05	0.11	0.084	0.068	0.046	0.028	0.054	0.082	0.059	0.087	0.071	0.071	0.049	0.051	0.042	0.064	0.031	0.147	0.131	0.087	0.087	0.082	0.05	0.073	0.101	0.173	0.028	0.147	0.147	0.173	0.057	0.049	0.083	0.072	0.042	0.081	0.044	0.061	0.108	0.087	0.07	0.042	0.097	0.071	0.112	0.05	0.119	0.112	0.101	0.03	0.069	0.11	0.116	0.071	0.237	0.042	0.11	0	0.254	0.045	0.116	0.075	0.043	0.071	0.052	0.147	0.082	0.166	0.079	0.036	0.063	0.48	0.064	0.21	0.053	0.068	0.129	0.065	0.34	0.071	0.12	0.071	0.05	0.117	0.173	0.027	0.058	0.076	0.087	0.096	1	0.129	0.149	0.031	0.068	0.036	0.11	0.21	0.087	0.101	0.087	0.059	0.087	0.197	0.069	0.061	0.042	0.141	0.086	0.095	0.044	0.057	0.082	0.055	0.122	0.197	0.068	0.149	0.03	0.087	0.149	0.106	0.077	0.105	0.129	0.041	0.052	0.033	0.085	0.147	0.038	0.106	0.11	0.101	0.043	0.056	0.039	0.087	0.059	0.089	0.825	0.087	0.086	0.097	0.043	0.055	0.08	0.491	0.303	0.141	0.21	0.117	0.147	0.091	0.089	0.141	0.08	0.05	0.064	0.041	0.09	0.114	0.11	0.037	0.084	0	0.075	0.13	0.072	0.404	0.072	0.491	0.053	0.098	0.128	0.071	0.07	0.09	0.131	0.069	0.028	0.131	0.055	0.041	0.127	0.117	0.051	0.09	0.197
GO:0048589	0.045	0.075	0.113	0.057	0.077	0.215	0.113	0.109	0.193	0.091	0.141	0.128	0.075	0.373	0.191	0.078	0.113	0.342	0.076	0.09	0.291	0.087	0.373	0.118	0.246	0.074	0.049	0.091	0.116	0.094	0.129	0.113	0.113	0.082	0.076	0.075	0.101	0.114	0.193	0.095	0.129	0.129	0.116	0.079	0.054	0.141	0.113	0.048	0.193	0.193	0.113	0.081	0.074	0.285	0.227	0.067	0.114	0.07	0.092	0.074	0.129	0.098	0.071	0.136	0.113	0.148	0.075	0.38	0.079	0.141	0.05	0.098	0.154	0.082	0.113	0.051	0.075	0.154	0	0.38	0.071	0.082	0.112	0.073	0.107	0.078	0.193	0.116	0.113	0.058	0.132	0.231	0.075	0.101	0.63	0.092	0.246	0.17	0.235	0.059	0.107	0.085	0.113	0.09	0.488	0.112	0.043	0.21	0.249	0.129	0.068	0.129	1	0.234	0.047	0.101	0.057	0.154	0.259	0.129	0.141	0.122	0.094	0.129	0.325	0.051	0.097	0.163	0.099	0.063	0.133	0.077	0.086	0.122	0.095	0.091	0.134	0.102	0.234	0.051	0.129	0.055	0.083	0.115	0.074	0.17	0.065	0.078	0.05	0.12	0.193	0.061	0.077	0.154	0.141	0.068	0.084	0.143	0.129	0.044	0.066	0.113	0.129	0.063	0.136	0.068	0.088	0.119	0.154	0.101	0.099	0.259	0.083	0.193	0.128	0.125	0.099	0.057	0.09	0.049	0.066	0.306	0.077	0.075	0.065	0.065	0	0.112	0.084	0.049	0.07	0.124	0.154	0.079	0.071	0.09	0.113	0.046	0.126	0.095	0.052	0.047	0.095	0.087	0.065	0.089	0.046	0.184	0.126	0.134
GO:0045595	0.072	0.101	0.143	0.083	0.097	0.417	0.143	0.208	0.255	0.054	0.19	0.178	0.102	0.201	0.234	0.048	0.059	0.19	0.103	0.129	0.17	0.109	0.201	0.153	0.461	0.106	0.069	0.117	0.166	0.126	0.166	0.143	0.143	0.109	0.047	0.096	0.132	0.212	0.255	0.351	0.068	0.068	0.166	0.111	0.224	0.19	0.126	0.072	0.105	0.255	0.126	0.127	0.111	0.505	0.209	0.098	0.164	0.101	0.122	0.295	0.166	0.134	0.098	0.076	0.143	0.214	0.112	0.222	0.156	0.19	0.075	0.146	0.083	0.324	0.143	0.101	0.096	0.201	0	0.63	0.102	0.324	0.151	0.1	0.146	0.115	0.255	0.166	0.217	0.118	0.242	0.419	0.082	0.132	0.14	0.11	0.141	0.234	0.445	0.114	0.06	0.165	0.143	0.045	0.331	0.459	0.064	0.125	0.134	0.166	0.273	0.149	0.234	1	0.071	0.141	0.086	0.083	0.14	0.068	0.19	0.071	0.126	0.068	0.246	0.205	0.129	0.304	0.187	0.126	0.167	0.097	0.124	0.16	0.048	0.327	0.246	0.141	0.412	0.075	0.068	0.242	0.284	0.063	0.282	0.096	0.084	0.048	0.071	0.07	0.105	0.091	0.148	0.083	0.19	0.094	0.122	0.14	0.068	0.178	0.259	0.126	0.068	0.126	0.076	0.099	0.12	0.065	0.183	0.126	0.187	0.14	0.163	0.105	0.178	0.072	0.187	0.122	0.045	0.199	0.087	0.553	0.327	0.299	0.089	0.238	0	0.151	0.173	0.201	0.126	0.561	0.183	0.117	0.139	0.172	0.059	0.201	0.072	0.351	0.212	0.068	0.351	0.119	0.096	0.173	0.103	0.371	0.072	0.246
GO:0000054	0.037	0.044	0.331	0.21	0.037	0.059	0.094	0.058	0.112	0.027	0.083	0.204	0.102	0.038	0.071	0.481	0.026	0.037	0.242	0.124	0.035	0.102	0.038	0.109	0.062	0.187	0.03	0.266	0.105	0.137	0.116	0.094	0.094	0.137	0.025	0.036	0.09	0.088	0.112	0.061	0.191	0.031	0.105	0.049	0.036	0.083	0.026	0.129	0.049	0.112	0.026	0.19	0.075	0.078	0.064	0.045	0.077	0.046	0.054	0.049	0.116	0.064	0.128	0.037	0.094	0.252	0.054	0.045	0.022	0.083	0.035	0.072	0.038	0.077	0.094	0.177	0.036	0.086	0	0.045	0.047	0.077	0.065	0.042	0.064	0.055	0.112	0.105	0.174	0.021	0.062	0.061	0.017	0.09	0.065	0.04	0.028	0.107	0.061	0.035	0.029	0.023	0.057	0.119	0.029	0.076	0.621	0.026	0.03	0.069	0.046	0.031	0.047	0.071	1	0.44	0.042	0.038	0.065	0.031	0.083	0.035	0.383	0.031	0.043	0.033	0.054	0.045	0.032	0.022	0.072	0.037	0.3	0.067	0.138	0.052	0.043	0.062	0.032	0.133	0.206	0.115	0.046	0.03	0.055	0.047	0.08	0.025	0.036	0.035	0.049	0.043	0.025	0.038	0.083	0.042	0.28	0.112	0.031	0.033	0.045	0.026	0.191	0.022	0.037	0.147	0.051	0.03	0.038	0.174	0.032	0.065	0.029	0.049	0.204	0.035	0.032	0.217	0.18	0.035	0.281	0.08	0.091	0.079	0.037	0.045	0	0.065	0.132	0.123	0.035	0.039	0.038	0.056	0.135	0.024	0.274	0.034	0.035	0.061	0.033	0.031	0.061	0.078	0.045	0.136	0.165	0.055	0.035	0.043
GO:0033750	0.062	0.09	0.137	0.072	0.085	0.121	0.137	0.074	0.273	0.051	0.193	0.253	0.092	0.085	0.094	0.296	0.056	0.08	0.093	0.122	0.07	0.098	0.085	0.23	0.135	0.096	0.057	0.478	0.164	0.117	0.165	0.137	0.137	0.147	0.044	0.083	0.125	0.062	0.273	0.128	0.165	0.068	0.164	0.102	0.068	0.193	0.056	0.062	0.112	0.273	0.056	0.171	0.103	0.166	0.142	0.089	0.162	0.091	0.114	0.094	0.165	0.128	0.129	0.077	0.137	0.306	0.104	0.095	0.042	0.193	0.064	0.143	0.085	0.105	0.137	0.167	0.083	0.207	0	0.095	0.093	0.105	0.147	0.089	0.141	0.108	0.273	0.164	0.141	0.034	0.11	0.128	0.034	0.125	0.157	0.098	0.056	0.246	0.13	0.07	0.058	0.044	0.137	0.096	0.051	0.16	0.224	0.049	0.061	0.165	0.09	0.068	0.101	0.141	0.44	1	0.077	0.085	0.157	0.068	0.193	0.071	0.286	0.068	0.084	0.061	0.121	0.088	0.059	0.037	0.165	0.085	0.285	0.157	0.105	0.114	0.084	0.136	0.058	0.065	0.501	0.107	0.098	0.062	0.1	0.101	0.073	0.045	0.062	0.07	0.112	0.081	0.044	0.085	0.193	0.083	0.279	0.082	0.068	0.056	0.088	0.056	0.165	0.037	0.077	0.135	0.111	0.063	0.085	0.135	0.059	0.157	0.051	0.112	0.253	0.072	0.059	0.076	0.096	0.063	0.339	0.176	0.17	0.147	0.077	0.083	0	0.147	0.103	0.097	0.078	0.07	0.085	0.11	0.085	0.047	0.137	0.059	0.073	0.128	0.063	0.057	0.128	0.11	0.086	0.109	0.154	0.106	0.073	0.084
GO:0009395	0.161	0.21	0.07	0.143	0.175	0.071	0.07	0.05	0.148	0.175	0.106	0.101	0.05	0.046	0.053	0.027	0.13	0.044	0.051	0.173	0.04	0.049	0.046	0.085	0.077	0.056	0.246	0.056	0.096	0.064	0.087	0.07	0.07	0.053	0.266	0.162	0.066	0.042	0.148	0.074	0.036	0.036	0.096	0.36	0.149	0.106	0.029	0.119	0.148	0.148	0.029	0.077	0.245	0.097	0.079	0.343	0.311	0.31	0.366	0.057	0.087	0.235	0.048	0.192	0.07	0.129	0.209	0.055	0.024	0.258	0.27	0.211	0.046	0.059	0.07	0.044	0.162	0.111	0	0.055	0.639	0.059	0.197	0.19	0.079	0.204	0.148	0.096	0.046	0.131	0.043	0.074	0.017	0.066	0.084	0.048	0.032	0.139	0.075	0.039	0.145	0.025	0.07	0.019	0.032	0.094	0.091	0.029	0.034	0.087	0.053	0.036	0.057	0.086	0.042	0.077	1	0.046	0.084	0.036	0.106	0.041	0.064	0.036	0.05	0.14	0.213	0.053	0.088	0.096	0.091	0.175	0.069	0.084	0.021	0.063	0.05	0.441	0.036	0.118	0.036	0.052	0.054	0.034	0.064	0.057	0.042	0.085	0.15	0.152	0.148	0.321	0.11	0.046	0.258	0.366	0.068	0.05	0.036	0.036	0.052	0.029	0.036	0.096	0.105	0.053	0.194	0.153	0.046	0.032	0.088	0.084	0.032	0.148	0.101	0.121	0.162	0.019	0.019	0.038	0.044	0.1	0.065	0.057	0.259	0.052	0	0.081	0.033	0.043	0.04	0.044	0.046	0.066	0.025	0.107	0.029	0.037	0.041	0.074	0.135	0.417	0.074	0.061	0.199	0.034	0.041	0.065	0.168	0.05
GO:0006979	0.036	0.061	0.093	0.045	0.06	0.074	0.093	0.095	0.176	0.076	0.123	0.112	0.06	0.135	0.064	0.065	0.093	0.123	0.06	0.075	0.104	0.068	0.135	0.102	0.085	0.06	0.038	0.073	0.1	0.077	0.11	0.093	0.093	0.065	0.063	0.058	0.083	0.038	0.176	0.179	0.11	0.11	0.1	0.064	0.042	0.123	0.093	0.037	0.176	0.176	0.093	0.069	0.061	0.102	0.09	0.054	0.099	0.056	0.077	0.061	0.11	0.084	0.056	0.119	0.093	0.133	0.062	0.141	0.155	0.123	0.039	0.173	0.329	0.067	0.093	0.04	0.058	0.135	0	0.141	0.057	0.067	0.095	0.058	0.09	0.064	0.176	0.1	0.101	0.048	0.046	0.08	0.058	0.083	0.246	0.072	0.085	0.154	0.081	0.045	0.09	0.069	0.093	0.07	0.071	0.097	0.034	0.072	0.096	0.11	0.133	0.11	0.154	0.083	0.038	0.085	0.046	1	0.246	0.267	0.123	0.218	0.077	0.11	0.12	0.04	0.08	0.054	0.085	0.052	0.116	0.06	0.071	0.103	0.075	0.17	0.12	0.085	0.083	0.039	0.11	0.046	0.147	0.097	0.063	0.373	0.053	0.133	0.041	0.104	0.176	0.049	0.064	0.135	0.123	0.055	0.07	0.049	0.11	0.035	0.054	0.093	0.11	0.052	0.119	0.055	0.072	0.101	0.135	0.085	0.085	0.246	0.172	0.176	0.112	0.109	0.085	0.046	0.07	0.089	0.053	0.11	0.064	0.062	0.05	0.113	0	0.095	0.072	0.04	0.053	0.041	0.135	0.294	0.059	0.073	0.093	0.085	0.49	0.179	0.04	0.037	0.179	0.071	0.052	0.077	0.037	0.063	0.11	0.12
GO:0040011	0.065	0.115	0.187	0.086	0.125	0.133	0.187	0.167	0.306	0.137	0.221	0.197	0.119	0.246	0.121	0.115	0.187	0.221	0.121	0.136	0.181	0.144	0.246	0.429	0.157	0.113	0.075	0.148	0.174	0.149	0.21	0.187	0.187	0.132	0.112	0.125	0.163	0.065	0.306	0.145	0.21	0.21	0.174	0.122	0.081	0.221	0.187	0.071	0.306	0.306	0.187	0.115	0.109	0.176	0.167	0.101	0.17	0.105	0.14	0.108	0.21	0.143	0.111	0.211	0.187	0.219	0.109	0.234	0.121	0.221	0.075	0.142	0.246	0.127	0.187	0.074	0.125	0.246	0	0.234	0.108	0.127	0.177	0.114	0.166	0.114	0.306	0.174	0.16	0.082	0.203	0.145	0.124	0.163	0.412	0.155	0.157	0.259	0.148	0.091	0.166	0.132	0.187	0.155	0.118	0.167	0.061	0.13	0.18	0.21	0.103	0.21	0.259	0.14	0.065	0.157	0.084	0.246	1	0.21	0.221	0.185	0.149	0.21	0.194	0.076	0.156	0.101	0.145	0.09	0.206	0.125	0.128	0.195	0.162	0.143	0.194	0.157	0.14	0.075	0.21	0.074	0.128	0.182	0.104	0.259	0.098	0.115	0.07	0.181	0.306	0.09	0.113	0.246	0.221	0.103	0.125	0.091	0.21	0.063	0.1	0.187	0.21	0.09	0.211	0.102	0.138	0.189	0.246	0.157	0.145	0.412	0.118	0.306	0.197	0.191	0.145	0.084	0.155	0.073	0.098	0.192	0.114	0.266	0.103	0.093	0	0.177	0.12	0.069	0.113	0.075	0.246	0.117	0.103	0.142	0.187	0.067	0.192	0.145	0.08	0.07	0.145	0.135	0.097	0.128	0.067	0.112	0.192	0.472
GO:0010212	0.028	0.047	0.071	0.034	0.044	0.059	0.071	0.075	0.147	0.061	0.101	0.091	0.045	0.11	0.049	0.052	0.071	0.101	0.046	0.06	0.085	0.05	0.11	0.084	0.068	0.046	0.028	0.054	0.082	0.059	0.087	0.071	0.071	0.049	0.051	0.042	0.064	0.031	0.147	0.141	0.087	0.087	0.082	0.05	0.032	0.101	0.071	0.028	0.147	0.147	0.071	0.057	0.049	0.083	0.072	0.042	0.081	0.044	0.061	0.049	0.087	0.07	0.042	0.097	0.071	0.112	0.05	0.119	0.12	0.101	0.03	0.139	0.267	0.052	0.071	0.032	0.042	0.11	0	0.119	0.045	0.052	0.075	0.043	0.071	0.052	0.147	0.082	0.086	0.038	0.036	0.063	0.042	0.064	0.21	0.053	0.068	0.129	0.065	0.033	0.071	0.053	0.071	0.05	0.059	0.08	0.027	0.058	0.076	0.087	0.104	0.087	0.129	0.068	0.031	0.068	0.036	0.267	0.21	1	0.101	0.173	0.059	0.087	0.101	0.03	0.061	0.042	0.071	0.042	0.095	0.044	0.057	0.082	0.055	0.129	0.101	0.068	0.068	0.03	0.087	0.039	0.111	0.077	0.052	0.313	0.041	0.102	0.033	0.085	0.147	0.038	0.051	0.11	0.101	0.043	0.056	0.039	0.087	0.028	0.042	0.071	0.087	0.042	0.097	0.043	0.055	0.08	0.11	0.068	0.071	0.21	0.142	0.147	0.091	0.089	0.071	0.036	0.05	0.067	0.041	0.09	0.051	0.05	0.037	0.088	0	0.075	0.06	0.033	0.038	0.032	0.11	0.128	0.047	0.057	0.071	0.065	0.218	0.141	0.03	0.028	0.141	0.055	0.041	0.063	0.029	0.051	0.09	0.101
GO:0033627	0.085	0.132	0.208	0.103	0.132	0.169	0.208	0.099	0.388	0.071	0.669	0.251	0.136	0.123	0.137	0.062	0.086	0.113	0.138	0.172	0.097	0.153	0.123	0.21	0.193	0.137	0.085	0.164	0.227	0.173	0.244	0.208	0.208	0.149	0.06	0.132	0.186	0.083	0.388	0.181	0.101	0.101	0.227	0.147	0.098	0.669	0.086	0.087	0.16	0.388	0.086	0.16	0.142	0.23	0.204	0.125	0.224	0.13	0.163	0.131	0.244	0.176	0.128	0.11	0.208	0.3	0.143	0.13	0.06	0.276	0.091	0.193	0.123	0.152	0.208	0.095	0.132	0.3	0	0.13	0.132	0.152	0.214	0.132	0.203	0.148	0.388	0.227	0.095	0.046	0.1	0.181	0.054	0.186	0.221	0.157	0.08	0.342	0.185	0.104	0.083	0.065	0.208	0.064	0.067	0.534	0.075	0.068	0.089	0.244	0.127	0.101	0.141	0.19	0.083	0.193	0.106	0.123	0.221	0.101	1	0.098	0.174	0.101	0.112	0.088	0.18	0.125	0.081	0.049	0.238	0.132	0.164	0.56	0.069	0.168	0.112	0.194	0.078	0.092	0.101	0.099	0.144	0.09	0.134	0.141	0.106	0.062	0.084	0.097	0.16	0.113	0.061	0.123	0.276	0.12	0.16	0.115	0.101	0.184	0.3	0.086	0.101	0.049	0.11	0.127	0.163	0.093	0.123	0.08	0.081	0.221	0.067	0.16	0.251	0.101	0.081	0.044	0.064	0.09	0.11	0.247	0.148	0.132	0.116	0.115	0	0.214	0.068	0.088	0.122	0.096	0.123	0.151	0.056	0.069	0.086	0.082	0.102	0.181	0.093	0.082	0.181	0.16	0.121	0.073	0.087	0.145	0.102	0.112
GO:0009615	0.033	0.052	0.074	0.039	0.05	0.063	0.074	0.108	0.136	0.064	0.098	0.091	0.05	0.106	0.054	0.056	0.074	0.098	0.051	0.064	0.086	0.055	0.106	0.084	0.071	0.051	0.033	0.059	0.083	0.063	0.087	0.074	0.074	0.055	0.055	0.048	0.067	0.035	0.136	0.122	0.087	0.087	0.083	0.054	0.037	0.098	0.074	0.033	0.136	0.136	0.074	0.06	0.053	0.084	0.074	0.047	0.082	0.049	0.065	0.053	0.087	0.072	0.048	0.096	0.074	0.109	0.054	0.114	0.105	0.098	0.035	0.122	0.218	0.056	0.074	0.036	0.048	0.106	0	0.114	0.05	0.056	0.077	0.049	0.074	0.056	0.136	0.083	0.086	0.043	0.04	0.067	0.048	0.067	0.185	0.058	0.071	0.122	0.068	0.039	0.074	0.058	0.074	0.056	0.062	0.081	0.031	0.061	0.078	0.087	0.092	0.087	0.122	0.071	0.035	0.071	0.041	0.218	0.185	0.173	0.098	1	0.063	0.087	0.099	0.035	0.065	0.047	0.073	0.046	0.094	0.05	0.061	0.083	0.06	0.111	0.099	0.071	0.071	0.035	0.087	0.042	0.096	0.079	0.056	0.259	0.046	0.09	0.037	0.086	0.136	0.043	0.055	0.106	0.098	0.048	0.06	0.043	0.087	0.032	0.047	0.074	0.087	0.046	0.096	0.048	0.06	0.081	0.106	0.071	0.073	0.185	0.127	0.136	0.091	0.089	0.073	0.041	0.056	0.061	0.046	0.089	0.055	0.054	0.043	0.08	0	0.077	0.063	0.037	0.045	0.037	0.106	0.113	0.051	0.061	0.074	0.06	0.185	0.122	0.035	0.033	0.122	0.059	0.046	0.066	0.034	0.055	0.089	0.099
GO:0006913	0.052	0.075	0.116	0.058	0.066	0.105	0.116	0.064	0.254	0.044	0.174	0.407	0.075	0.077	0.078	0.218	0.048	0.072	0.076	0.106	0.063	0.078	0.077	0.202	0.118	0.081	0.044	0.213	0.148	0.099	0.144	0.116	0.116	0.219	0.038	0.065	0.105	0.053	0.254	0.111	0.402	0.059	0.148	0.086	0.055	0.174	0.048	0.05	0.104	0.254	0.048	0.273	0.09	0.149	0.123	0.074	0.146	0.077	0.097	0.08	0.144	0.113	0.192	0.07	0.116	0.505	0.09	0.088	0.035	0.174	0.052	0.127	0.077	0.088	0.116	0.272	0.065	0.187	0	0.088	0.078	0.088	0.129	0.073	0.123	0.093	0.254	0.148	0.306	0.029	0.09	0.111	0.027	0.105	0.149	0.077	0.049	0.228	0.113	0.055	0.051	0.037	0.116	0.194	0.045	0.143	0.367	0.042	0.053	0.144	0.075	0.059	0.094	0.126	0.383	0.286	0.064	0.077	0.149	0.059	0.174	0.063	1	0.059	0.077	0.049	0.102	0.074	0.053	0.032	0.146	0.066	0.6	0.137	0.221	0.096	0.077	0.118	0.052	0.052	0.144	0.163	0.081	0.054	0.088	0.094	0.058	0.039	0.052	0.063	0.104	0.068	0.038	0.077	0.174	0.069	0.525	0.069	0.059	0.046	0.073	0.048	0.402	0.032	0.07	0.219	0.094	0.055	0.077	0.329	0.053	0.149	0.045	0.104	0.407	0.065	0.053	0.155	0.194	0.051	0.202	0.159	0.147	0.124	0.061	0.071	0	0.129	0.216	0.153	0.06	0.058	0.077	0.095	0.173	0.039	0.317	0.048	0.065	0.111	0.05	0.046	0.111	0.093	0.072	0.229	0.259	0.092	0.065	0.077
GO:0050905	0.028	0.047	0.071	0.034	0.044	0.116	0.071	0.06	0.147	0.061	0.101	0.091	0.045	0.11	0.049	0.052	0.071	0.101	0.046	0.06	0.186	0.05	0.11	0.084	0.068	0.046	0.028	0.054	0.082	0.059	0.087	0.071	0.071	0.049	0.051	0.042	0.064	0.031	0.147	0.063	0.087	0.387	0.082	0.05	0.032	0.101	0.071	0.028	0.147	0.147	0.071	0.057	0.049	0.083	0.14	0.042	0.081	0.044	0.061	0.049	0.087	0.07	0.042	0.097	0.071	0.112	0.05	0.119	0.05	0.101	0.03	0.069	0.11	0.052	0.071	0.032	0.042	0.11	0	0.119	0.045	0.052	0.075	0.043	0.071	0.052	0.147	0.082	0.086	0.038	0.071	0.063	0.042	0.064	0.21	0.053	0.165	0.129	0.065	0.033	0.071	0.238	0.071	0.05	0.059	0.08	0.027	0.119	0.185	0.087	0.043	0.087	0.129	0.068	0.031	0.068	0.036	0.11	0.21	0.087	0.101	0.087	0.059	1	0.101	0.03	0.061	0.084	0.071	0.042	0.095	0.044	0.057	0.082	0.055	0.057	0.101	0.068	0.166	0.03	0.087	0.039	0.052	0.077	0.052	0.129	0.041	0.052	0.033	0.085	0.147	0.038	0.051	0.812	0.101	0.043	0.056	0.087	0.087	0.028	0.042	0.071	0.087	0.042	0.097	0.043	0.055	0.08	0.11	0.068	0.071	0.21	0.059	0.147	0.091	0.089	0.071	0.036	0.05	0.029	0.041	0.09	0.051	0.05	0.037	0.317	0	0.075	0.06	0.033	0.038	0.078	0.11	0.053	0.047	0.057	0.071	0.214	0.09	0.063	0.03	0.028	0.063	0.055	0.041	0.063	0.029	0.104	0.09	0.101
GO:0045926	0.041	0.064	0.089	0.05	0.064	0.075	0.089	0.046	0.148	0.076	0.112	0.104	0.063	0.12	0.066	0.067	0.089	0.112	0.064	0.076	0.098	0.07	0.12	0.097	0.084	0.063	0.043	0.074	0.095	0.077	0.101	0.089	0.089	0.068	0.066	0.062	0.082	0.043	0.148	0.214	0.101	0.101	0.095	0.067	0.134	0.112	0.169	0.043	0.148	0.148	0.169	0.07	0.064	0.096	0.087	0.058	0.094	0.06	0.077	0.187	0.101	0.083	0.06	0.109	0.089	0.12	0.065	0.126	0.192	0.112	0.045	0.083	0.12	0.199	0.089	0.07	0.062	0.12	0	0.385	0.061	0.199	0.091	0.061	0.087	0.067	0.148	0.095	0.398	0.139	0.05	0.079	0.11	0.082	0.472	0.074	0.084	0.134	0.08	0.086	0.087	0.204	0.089	0.072	0.648	0.278	0.039	0.073	0.092	0.101	0.17	0.197	0.325	0.246	0.043	0.084	0.05	0.12	0.194	0.101	0.112	0.099	0.077	0.101	1	0.127	0.079	0.058	0.227	0.15	0.107	0.064	0.073	0.097	0.076	0.202	0.299	0.084	0.246	0.045	0.101	0.149	0.178	0.092	0.176	0.134	0.057	0.067	0.045	0.098	0.148	0.053	0.274	0.12	0.112	0.059	0.071	0.054	0.101	0.108	0.155	0.169	0.101	0.229	0.109	0.059	0.073	0.095	0.24	0.162	0.347	0.194	0.194	0.148	0.104	0.102	0.227	0.145	0.072	0.118	0.057	0.102	0.195	0.19	0.055	0.144	0	0.091	0.206	0.125	0.099	0.132	0.24	0.068	0.255	0.215	0.089	0.125	0.102	0.214	0.128	0.042	0.214	0.072	0.057	0.317	0.074	0.066	0.102	0.457
GO:0050684	0.25	0.093	0.053	0.401	0.414	0.057	0.053	0.04	0.126	0.303	0.088	0.084	0.036	0.04	0.039	0.023	0.247	0.038	0.037	0.138	0.035	0.034	0.04	0.069	0.061	0.043	0.21	0.04	0.08	0.049	0.069	0.053	0.053	0.038	0.208	0.152	0.05	0.033	0.126	0.145	0.03	0.03	0.08	0.175	0.354	0.088	0.053	0.42	0.13	0.126	0.053	0.065	0.108	0.08	0.063	0.13	0.256	0.152	0.169	0.13	0.069	0.236	0.035	0.091	0.053	0.111	0.423	0.049	0.067	0.214	0.352	0.176	0.04	0.13	0.053	0.04	0.152	0.092	0	0.167	0.154	0.13	0.276	0.194	0.063	0.225	0.126	0.08	0.116	0.371	0.032	0.059	0.028	0.05	0.076	0.032	0.027	0.119	0.059	0.038	0.117	0.07	0.053	0.014	0.082	0.223	0.151	0.024	0.028	0.069	0.11	0.069	0.051	0.205	0.033	0.061	0.14	0.04	0.076	0.03	0.088	0.035	0.049	0.03	0.127	1	0.16	0.04	0.186	0.236	0.074	0.414	0.055	0.067	0.016	0.12	0.127	0.224	0.106	0.389	0.03	0.126	0.098	0.028	0.132	0.051	0.03	0.138	0.162	0.179	0.13	0.152	0.335	0.04	0.214	0.307	0.055	0.038	0.03	0.07	0.101	0.053	0.03	0.236	0.091	0.04	0.229	0.176	0.092	0.061	0.186	0.076	0.082	0.13	0.084	0.203	0.186	0.055	0.014	0.072	0.032	0.083	0.149	0.131	0.158	0.097	0	0.064	0.089	0.09	0.038	0.097	0.092	0.053	0.064	0.342	0.024	0.085	0.036	0.145	0.306	0.12	0.145	0.046	0.255	0.086	0.046	0.052	0.138	0.127
GO:0019752	0.173	0.186	0.12	0.17	0.226	0.108	0.12	0.065	0.264	0.186	0.18	0.166	0.077	0.08	0.079	0.04	0.221	0.074	0.078	0.265	0.064	0.08	0.08	0.136	0.121	0.083	0.191	0.09	0.152	0.102	0.149	0.12	0.12	0.083	0.159	0.213	0.109	0.054	0.264	0.114	0.061	0.061	0.152	0.276	0.174	0.18	0.049	0.137	0.264	0.264	0.049	0.11	0.199	0.154	0.127	0.673	0.795	0.573	0.336	0.081	0.149	0.353	0.073	0.322	0.12	0.211	0.301	0.091	0.036	0.437	0.168	0.317	0.08	0.091	0.12	0.058	0.213	0.194	0	0.091	0.251	0.091	0.322	0.235	0.127	0.298	0.264	0.152	0.068	0.123	0.059	0.114	0.027	0.109	0.156	0.079	0.05	0.237	0.116	0.057	0.233	0.038	0.12	0.032	0.046	0.147	0.117	0.043	0.055	0.149	0.077	0.061	0.097	0.129	0.054	0.121	0.213	0.08	0.156	0.061	0.18	0.065	0.102	0.061	0.079	0.16	1	0.076	0.133	0.133	0.151	0.226	0.104	0.142	0.036	0.099	0.079	0.379	0.053	0.138	0.061	0.068	0.083	0.056	0.09	0.097	0.06	0.124	0.165	0.243	0.264	0.368	0.16	0.08	0.437	0.3	0.102	0.07	0.061	0.047	0.075	0.049	0.061	0.133	0.322	0.077	0.303	0.256	0.08	0.05	0.133	0.156	0.046	0.264	0.166	0.197	0.133	0.027	0.032	0.052	0.063	0.164	0.095	0.083	0.198	0.072	0	0.133	0.047	0.056	0.062	0.059	0.08	0.097	0.036	0.169	0.049	0.049	0.067	0.114	0.159	0.154	0.114	0.095	0.232	0.05	0.054	0.094	0.411	0.079
GO:0048667	0.044	0.058	0.083	0.047	0.05	0.696	0.083	0.584	0.176	0.034	0.125	0.118	0.057	0.242	0.327	0.031	0.034	0.464	0.058	0.082	0.372	0.057	0.242	0.099	0.382	0.063	0.037	0.065	0.111	0.074	0.102	0.083	0.083	0.061	0.03	0.049	0.077	0.247	0.176	0.085	0.042	0.084	0.111	0.066	0.045	0.125	0.034	0.042	0.072	0.176	0.034	0.087	0.072	0.346	0.291	0.059	0.11	0.061	0.074	0.064	0.102	0.088	0.055	0.05	0.083	0.15	0.072	0.338	0.027	0.125	0.043	0.099	0.054	0.068	0.083	0.048	0.049	0.132	0	0.155	0.062	0.068	0.094	0.056	0.091	0.074	0.176	0.111	0.052	0.025	0.273	0.45	0.02	0.077	0.101	0.056	0.4	0.163	0.358	0.044	0.038	0.054	0.083	0.022	0.088	0.108	0.038	0.283	0.214	0.102	0.06	0.042	0.163	0.304	0.045	0.088	0.053	0.054	0.101	0.042	0.125	0.047	0.074	0.084	0.058	0.04	0.076	1	0.041	0.026	0.107	0.05	0.079	0.099	0.025	0.073	0.058	0.089	0.269	0.043	0.042	0.057	0.062	0.039	0.072	0.067	0.047	0.031	0.044	0.047	0.072	0.055	0.03	0.112	0.125	0.055	0.078	0.236	0.042	0.039	0.059	0.034	0.042	0.026	0.05	0.06	0.071	0.04	0.054	0.036	0.041	0.101	0.036	0.072	0.118	0.048	0.041	0.022	0.022	0.042	0.049	0.382	0.074	0.064	0.048	0.084	0	0.094	0.037	0.047	0.046	0.493	0.054	0.075	0.029	0.03	0.034	0.057	0.048	0.085	0.041	0.038	0.085	0.07	0.058	0.038	0.045	0.378	0.048	0.058
GO:0009891	0.134	0.109	0.061	0.08	0.103	0.054	0.061	0.035	0.108	0.133	0.081	0.075	0.043	0.085	0.046	0.049	0.147	0.081	0.044	0.132	0.072	0.046	0.085	0.071	0.059	0.044	0.133	0.049	0.07	0.053	0.071	0.061	0.061	0.046	0.116	0.099	0.056	0.032	0.108	0.153	0.071	0.071	0.07	0.114	0.195	0.081	0.117	0.067	0.263	0.108	0.117	0.053	0.105	0.071	0.062	0.1	0.168	0.103	0.247	0.14	0.071	0.15	0.041	0.191	0.061	0.09	0.114	0.094	0.137	0.196	0.076	0.15	0.085	0.141	0.061	0.049	0.099	0.085	0	0.294	0.105	0.141	0.156	0.102	0.062	0.118	0.108	0.07	0.2	0.345	0.036	0.057	0.073	0.056	0.145	0.048	0.059	0.099	0.057	0.058	0.276	0.145	0.061	0.046	0.146	0.209	0.069	0.053	0.065	0.071	0.122	0.141	0.099	0.187	0.032	0.059	0.088	0.085	0.145	0.071	0.081	0.073	0.053	0.071	0.227	0.186	0.133	0.041	1	0.655	0.077	0.103	0.052	0.068	0.049	0.14	0.347	0.145	0.187	0.069	0.071	0.118	0.122	0.065	0.205	0.099	0.04	0.1	0.137	0.174	0.263	0.093	0.268	0.085	0.196	0.102	0.051	0.038	0.071	0.12	0.169	0.117	0.071	0.394	0.351	0.042	0.123	0.162	0.176	0.119	0.602	0.145	0.223	0.263	0.075	0.145	0.563	0.106	0.046	0.083	0.04	0.074	0.145	0.141	0.091	0.104	0	0.064	0.235	0.142	0.065	0.097	0.176	0.049	0.122	0.309	0.061	0.094	0.074	0.153	0.182	0.072	0.153	0.05	0.098	0.155	0.055	0.048	0.181	0.227
GO:0010557	0.271	0.068	0.035	0.124	0.152	0.034	0.035	0.024	0.067	0.204	0.049	0.047	0.026	0.052	0.029	0.032	0.227	0.049	0.026	0.083	0.045	0.026	0.052	0.045	0.037	0.028	0.153	0.028	0.045	0.032	0.042	0.035	0.035	0.027	0.184	0.134	0.033	0.022	0.067	0.096	0.042	0.042	0.045	0.17	0.232	0.049	0.07	0.102	0.162	0.067	0.07	0.036	0.068	0.045	0.038	0.107	0.187	0.103	0.302	0.093	0.042	0.215	0.025	0.118	0.035	0.058	0.128	0.06	0.086	0.12	0.117	0.098	0.052	0.088	0.035	0.031	0.134	0.052	0	0.192	0.104	0.088	0.094	0.148	0.038	0.121	0.067	0.045	0.136	0.453	0.023	0.035	0.042	0.033	0.09	0.027	0.037	0.063	0.036	0.035	0.328	0.09	0.035	0.025	0.099	0.137	0.125	0.034	0.039	0.042	0.079	0.086	0.063	0.126	0.022	0.037	0.096	0.052	0.09	0.042	0.049	0.046	0.032	0.042	0.15	0.236	0.133	0.026	0.655	1	0.048	0.152	0.033	0.04	0.027	0.084	0.229	0.142	0.126	0.1	0.042	0.087	0.073	0.039	0.141	0.063	0.026	0.143	0.253	0.24	0.162	0.101	0.346	0.052	0.12	0.108	0.033	0.025	0.042	0.081	0.107	0.07	0.042	0.631	0.217	0.026	0.118	0.166	0.11	0.076	0.394	0.09	0.151	0.162	0.047	0.2	0.369	0.07	0.025	0.053	0.026	0.047	0.096	0.094	0.13	0.068	0	0.039	0.159	0.099	0.037	0.065	0.11	0.032	0.08	0.371	0.035	0.065	0.047	0.096	0.213	0.077	0.096	0.03	0.151	0.104	0.037	0.031	0.18	0.15
GO:0099536	0.073	0.111	0.173	0.087	0.108	0.146	0.173	0.086	0.338	0.069	0.238	0.218	0.114	0.116	0.115	0.059	0.081	0.107	0.115	0.148	0.092	0.125	0.116	0.181	0.165	0.117	0.07	0.135	0.198	0.146	0.207	0.173	0.173	0.124	0.058	0.107	0.156	0.073	0.338	0.36	0.095	0.095	0.198	0.124	0.082	0.238	0.081	0.074	0.15	0.338	0.081	0.141	0.123	0.2	0.174	0.107	0.195	0.11	0.139	0.492	0.207	0.153	0.107	0.104	0.173	0.265	0.124	0.123	0.058	0.238	0.077	0.169	0.116	0.129	0.173	0.081	0.107	0.258	0	0.123	0.112	0.129	0.182	0.11	0.173	0.128	0.338	0.198	0.091	0.044	0.085	0.155	0.052	0.156	0.206	0.622	0.076	0.3	0.158	0.087	0.08	0.062	0.173	0.061	0.065	0.192	0.065	0.065	0.085	0.207	0.252	0.095	0.133	0.167	0.072	0.165	0.091	0.116	0.206	0.095	0.238	0.094	0.146	0.095	0.107	0.074	0.151	0.107	0.077	0.048	1	0.108	0.141	0.196	0.065	0.331	0.107	0.166	0.075	0.078	0.095	0.279	0.418	0.085	0.117	0.133	0.089	0.059	0.073	0.092	0.15	0.097	0.059	0.116	0.238	0.101	0.138	0.098	0.095	0.066	0.105	0.081	0.095	0.048	0.104	0.108	0.137	0.088	0.116	0.076	0.077	0.206	0.065	0.15	0.218	0.096	0.077	0.043	0.061	0.179	0.092	0.214	0.128	0.114	0.096	0.446	0	0.182	0.066	0.076	0.099	0.082	0.116	0.131	0.054	0.066	0.081	0.313	0.097	0.36	0.077	0.069	0.36	0.135	0.104	0.07	0.32	0.126	0.097	0.107
GO:0006399	0.242	0.117	0.077	0.514	0.78	0.076	0.077	0.047	0.201	0.325	0.132	0.122	0.046	0.06	0.05	0.029	0.247	0.056	0.047	0.186	0.049	0.044	0.06	0.097	0.085	0.054	0.265	0.054	0.113	0.066	0.102	0.077	0.077	0.05	0.28	0.206	0.07	0.037	0.201	0.08	0.044	0.044	0.113	0.239	0.186	0.132	0.033	0.317	0.207	0.201	0.033	0.084	0.136	0.114	0.088	0.167	0.367	0.199	0.232	0.056	0.102	0.326	0.044	0.133	0.077	0.164	0.573	0.072	0.025	0.32	0.472	0.238	0.06	0.059	0.077	0.039	0.206	0.141	0	0.072	0.202	0.059	0.404	0.26	0.088	0.298	0.201	0.113	0.056	0.23	0.038	0.08	0.016	0.07	0.125	0.042	0.036	0.182	0.081	0.032	0.17	0.027	0.077	0.018	0.036	0.11	0.123	0.032	0.04	0.102	0.051	0.044	0.077	0.097	0.037	0.085	0.175	0.06	0.125	0.044	0.132	0.05	0.066	0.044	0.064	0.414	0.226	0.05	0.103	0.152	0.108	1	0.074	0.098	0.021	0.064	0.064	0.321	0.041	0.301	0.044	0.051	0.052	0.04	0.066	0.077	0.035	0.125	0.194	0.264	0.207	0.19	0.182	0.06	0.32	0.412	0.072	0.046	0.044	0.03	0.05	0.033	0.044	0.152	0.133	0.051	0.319	0.263	0.06	0.036	0.103	0.125	0.036	0.207	0.122	0.205	0.103	0.019	0.018	0.032	0.039	0.121	0.067	0.056	0.206	0.05	0	0.092	0.037	0.039	0.032	0.04	0.06	0.069	0.027	0.178	0.033	0.032	0.051	0.08	0.159	0.142	0.08	0.062	0.277	0.039	0.036	0.066	0.205	0.064
GO:0006888	0.058	0.08	0.116	0.065	0.074	0.106	0.116	0.069	0.227	0.045	0.164	0.71	0.08	0.071	0.083	0.226	0.048	0.067	0.081	0.107	0.06	0.084	0.071	0.199	0.117	0.085	0.052	0.224	0.143	0.102	0.139	0.116	0.116	0.238	0.039	0.072	0.107	0.058	0.227	0.112	0.38	0.057	0.143	0.09	0.062	0.164	0.048	0.056	0.093	0.227	0.048	0.373	0.093	0.144	0.122	0.079	0.141	0.081	0.1	0.084	0.139	0.113	0.213	0.066	0.116	0.479	0.093	0.081	0.037	0.164	0.059	0.126	0.071	0.092	0.116	0.298	0.072	0.173	0	0.081	0.083	0.092	0.126	0.078	0.122	0.096	0.227	0.143	0.302	0.031	0.1	0.112	0.03	0.107	0.128	0.083	0.048	0.208	0.113	0.063	0.05	0.039	0.116	0.209	0.046	0.139	0.267	0.043	0.052	0.139	0.08	0.057	0.086	0.124	0.3	0.285	0.069	0.071	0.128	0.057	0.164	0.061	0.6	0.057	0.073	0.055	0.104	0.079	0.052	0.033	0.141	0.074	1	0.133	0.231	0.099	0.073	0.118	0.051	0.059	0.139	0.178	0.086	0.053	0.091	0.086	0.065	0.04	0.057	0.06	0.093	0.073	0.039	0.071	0.164	0.074	0.6	0.074	0.057	0.052	0.078	0.048	0.38	0.033	0.066	0.235	0.097	0.054	0.071	0.321	0.052	0.128	0.046	0.093	0.397	0.062	0.052	0.169	0.209	0.058	0.219	0.151	0.152	0.132	0.068	0.076	0	0.126	0.224	0.17	0.068	0.064	0.071	0.098	0.185	0.041	0.31	0.054	0.062	0.112	0.057	0.052	0.112	0.096	0.077	0.235	0.333	0.094	0.062	0.073
GO:0098742	0.067	0.102	0.164	0.08	0.098	0.138	0.164	0.081	0.334	0.058	0.837	0.211	0.105	0.103	0.107	0.05	0.067	0.095	0.106	0.14	0.081	0.114	0.103	0.173	0.157	0.109	0.063	0.125	0.191	0.137	0.198	0.164	0.164	0.114	0.049	0.097	0.147	0.067	0.334	0.147	0.082	0.082	0.191	0.116	0.075	0.56	0.067	0.067	0.138	0.334	0.067	0.135	0.116	0.193	0.166	0.099	0.188	0.103	0.13	0.105	0.198	0.146	0.099	0.092	0.164	0.259	0.116	0.112	0.048	0.231	0.07	0.162	0.103	0.12	0.164	0.075	0.097	0.251	0	0.112	0.104	0.12	0.173	0.101	0.165	0.121	0.334	0.191	0.082	0.037	0.078	0.147	0.04	0.147	0.195	0.116	0.065	0.295	0.15	0.078	0.068	0.051	0.164	0.047	0.057	0.448	0.059	0.055	0.072	0.198	0.1	0.082	0.122	0.16	0.067	0.157	0.084	0.103	0.195	0.082	0.56	0.083	0.137	0.082	0.097	0.067	0.142	0.099	0.068	0.04	0.196	0.098	0.133	1	0.052	0.133	0.097	0.157	0.066	0.071	0.082	0.082	0.112	0.073	0.111	0.122	0.081	0.05	0.067	0.081	0.138	0.09	0.049	0.103	0.231	0.093	0.13	0.091	0.082	0.212	0.355	0.067	0.082	0.04	0.092	0.1	0.129	0.075	0.103	0.065	0.068	0.195	0.057	0.138	0.211	0.085	0.068	0.035	0.047	0.069	0.085	0.207	0.12	0.106	0.087	0.092	0	0.173	0.058	0.071	0.089	0.076	0.103	0.123	0.046	0.054	0.067	0.064	0.085	0.147	0.07	0.062	0.147	0.127	0.096	0.061	0.069	0.119	0.085	0.097
GO:0006816	0.017	0.028	0.041	0.018	0.021	0.038	0.041	0.022	0.107	0.039	0.069	0.3	0.024	0.075	0.029	0.261	0.041	0.069	0.024	0.039	0.059	0.024	0.075	0.121	0.043	0.027	0.014	0.07	0.057	0.034	0.055	0.041	0.041	0.328	0.033	0.019	0.037	0.02	0.107	0.041	0.403	0.055	0.057	0.029	0.017	0.069	0.041	0.015	0.107	0.107	0.041	0.192	0.032	0.058	0.046	0.025	0.056	0.026	0.039	0.032	0.055	0.049	0.611	0.067	0.041	0.383	0.032	0.088	0.029	0.069	0.016	0.048	0.075	0.03	0.041	0.397	0.019	0.075	0	0.088	0.026	0.03	0.048	0.023	0.045	0.033	0.107	0.057	0.296	0.025	0.045	0.041	0.019	0.037	0.162	0.025	0.043	0.095	0.041	0.016	0.045	0.031	0.041	0.842	0.041	0.055	0.111	0.037	0.048	0.055	0.025	0.055	0.095	0.048	0.138	0.105	0.021	0.075	0.162	0.055	0.069	0.06	0.221	0.055	0.076	0.016	0.036	0.025	0.049	0.027	0.065	0.021	0.231	0.052	1	0.033	0.076	0.043	0.048	0.016	0.132	0.11	0.03	0.049	0.037	0.095	0.024	0.034	0.022	0.059	0.107	0.023	0.033	0.075	0.069	0.025	0.265	0.023	0.055	0.017	0.025	0.041	0.403	0.027	0.067	0.296	0.032	0.05	0.075	0.32	0.049	0.162	0.041	0.107	0.3	0.062	0.049	0.185	0.255	0.016	0.109	0.062	0.081	0.068	0.018	0.028	0	0.048	0.199	0.151	0.017	0.019	0.075	0.034	0.324	0.033	0.304	0.017	0.062	0.041	0.015	0.015	0.041	0.032	0.024	0.212	0.111	0.033	0.062	0.076
GO:0007169	0.051	0.073	0.112	0.057	0.064	0.102	0.112	0.089	0.244	0.043	0.168	0.156	0.073	0.074	0.076	0.038	0.046	0.069	0.074	0.103	0.061	0.075	0.074	0.128	0.114	0.079	0.044	0.085	0.143	0.096	0.139	0.112	0.112	0.078	0.037	0.063	0.102	0.052	0.244	0.705	0.057	0.057	0.143	0.083	0.136	0.168	0.095	0.049	0.101	0.244	0.095	0.106	0.088	0.145	0.12	0.073	0.141	0.075	0.095	0.308	0.139	0.11	0.069	0.067	0.112	0.198	0.088	0.085	0.146	0.168	0.051	0.224	0.17	0.221	0.112	0.066	0.063	0.18	0	0.276	0.076	0.221	0.125	0.071	0.119	0.091	0.244	0.143	0.176	0.078	0.057	0.108	0.049	0.102	0.143	0.167	0.047	0.221	0.11	0.07	0.049	0.112	0.112	0.03	0.12	0.37	0.044	0.041	0.052	0.139	0.407	0.122	0.091	0.327	0.052	0.114	0.063	0.17	0.143	0.129	0.168	0.111	0.096	0.057	0.202	0.12	0.099	0.073	0.14	0.084	0.331	0.064	0.099	0.133	0.033	1	0.202	0.115	0.161	0.051	0.057	0.264	0.499	0.052	0.2	0.211	0.057	0.064	0.051	0.061	0.101	0.067	0.101	0.074	0.168	0.067	0.097	0.067	0.057	0.105	0.164	0.095	0.057	0.084	0.067	0.073	0.091	0.054	0.162	0.1	0.14	0.143	0.177	0.101	0.156	0.063	0.14	0.079	0.03	0.537	0.06	0.154	0.237	0.208	0.059	0.437	0	0.125	0.13	0.131	0.076	0.146	0.162	0.209	0.094	0.117	0.046	0.273	0.145	0.575	0.121	0.045	0.575	0.09	0.071	0.128	0.123	0.089	0.063	0.202
GO:0002684	0.041	0.064	0.089	0.05	0.064	0.075	0.089	0.046	0.148	0.076	0.112	0.104	0.063	0.12	0.066	0.067	0.089	0.112	0.064	0.076	0.098	0.07	0.12	0.097	0.084	0.063	0.043	0.074	0.095	0.077	0.101	0.089	0.089	0.068	0.066	0.062	0.082	0.043	0.148	0.214	0.101	0.101	0.095	0.067	0.134	0.112	0.169	0.043	0.148	0.148	0.169	0.07	0.064	0.096	0.087	0.058	0.094	0.06	0.077	0.187	0.101	0.083	0.06	0.109	0.089	0.12	0.065	0.126	0.393	0.112	0.045	0.083	0.12	0.199	0.089	0.07	0.062	0.12	0	0.385	0.061	0.199	0.091	0.061	0.087	0.067	0.148	0.095	0.26	0.213	0.05	0.079	0.11	0.082	0.194	0.074	0.084	0.134	0.08	0.086	0.087	0.204	0.089	0.072	0.194	0.278	0.039	0.073	0.092	0.101	0.17	0.197	0.134	0.246	0.043	0.084	0.05	0.12	0.194	0.101	0.112	0.099	0.077	0.101	0.299	0.127	0.079	0.058	0.347	0.229	0.107	0.064	0.073	0.097	0.076	0.202	1	0.084	0.246	0.045	0.101	0.149	0.178	0.225	0.589	0.325	0.138	0.163	0.045	0.098	0.148	0.053	0.179	0.12	0.112	0.059	0.071	0.054	0.246	0.361	0.238	0.169	0.101	0.15	0.109	0.059	0.073	0.095	0.24	0.162	0.227	0.194	0.648	0.148	0.104	0.247	0.347	0.145	0.072	0.118	0.057	0.102	0.195	0.19	0.055	0.144	0	0.091	0.31	0.188	0.099	0.132	0.24	0.068	0.167	0.215	0.089	0.125	0.102	0.214	0.128	0.042	0.214	0.072	0.057	0.207	0.074	0.066	0.102	0.299
GO:0006643	0.238	0.22	0.137	0.237	0.321	0.121	0.137	0.075	0.274	0.285	0.194	0.179	0.092	0.085	0.094	0.045	0.232	0.08	0.093	0.297	0.07	0.098	0.085	0.149	0.136	0.096	0.217	0.107	0.165	0.118	0.165	0.137	0.137	0.099	0.245	0.305	0.125	0.063	0.274	0.128	0.068	0.068	0.165	0.308	0.242	0.194	0.056	0.193	0.274	0.274	0.056	0.121	0.229	0.167	0.142	0.277	0.514	0.516	0.366	0.094	0.165	0.381	0.087	0.188	0.137	0.221	0.328	0.095	0.042	0.47	0.237	0.347	0.085	0.105	0.137	0.069	0.305	0.207	0	0.095	0.525	0.105	0.359	0.329	0.141	0.325	0.274	0.165	0.073	0.191	0.071	0.128	0.034	0.125	0.157	0.098	0.056	0.247	0.13	0.07	0.242	0.044	0.137	0.04	0.051	0.16	0.131	0.049	0.061	0.165	0.09	0.068	0.102	0.141	0.062	0.136	0.441	0.085	0.157	0.068	0.194	0.071	0.118	0.068	0.084	0.224	0.379	0.089	0.145	0.142	0.166	0.321	0.118	0.157	0.043	0.115	0.084	1	0.058	0.196	0.068	0.076	0.098	0.062	0.1	0.102	0.073	0.135	0.223	0.252	0.274	0.253	0.17	0.085	0.47	0.318	0.115	0.082	0.068	0.056	0.088	0.056	0.068	0.142	0.188	0.089	0.336	0.265	0.085	0.056	0.145	0.157	0.051	0.274	0.179	0.208	0.145	0.032	0.04	0.063	0.076	0.177	0.107	0.095	0.282	0.084	0	0.148	0.052	0.065	0.078	0.07	0.085	0.11	0.041	0.181	0.056	0.059	0.073	0.128	0.225	0.426	0.128	0.11	0.32	0.054	0.064	0.106	0.281	0.084
GO:2000026	0.029	0.044	0.059	0.034	0.041	0.32	0.059	0.182	0.105	0.054	0.078	0.073	0.042	0.345	0.175	0.048	0.059	0.302	0.043	0.053	0.497	0.045	0.345	0.069	0.238	0.043	0.029	0.048	0.068	0.052	0.068	0.059	0.059	0.045	0.047	0.04	0.054	0.116	0.105	0.173	0.068	0.166	0.068	0.046	0.111	0.078	0.126	0.03	0.105	0.105	0.126	0.052	0.046	0.167	0.344	0.041	0.067	0.042	0.054	0.156	0.068	0.06	0.04	0.076	0.059	0.088	0.046	0.329	0.156	0.078	0.031	0.06	0.083	0.161	0.059	0.055	0.04	0.083	0	0.63	0.042	0.161	0.062	0.041	0.06	0.048	0.105	0.068	0.217	0.118	0.224	0.227	0.082	0.054	0.14	0.047	0.44	0.096	0.216	0.065	0.06	0.332	0.059	0.045	0.331	0.228	0.028	0.341	0.415	0.068	0.14	0.149	0.234	0.412	0.032	0.058	0.036	0.083	0.14	0.068	0.078	0.071	0.052	0.166	0.246	0.106	0.053	0.269	0.187	0.126	0.075	0.041	0.051	0.066	0.048	0.161	0.246	0.058	1	0.031	0.068	0.13	0.143	0.063	0.149	0.096	0.04	0.048	0.033	0.07	0.105	0.037	0.148	0.201	0.078	0.041	0.05	0.258	0.068	0.092	0.128	0.126	0.068	0.126	0.076	0.041	0.049	0.065	0.183	0.126	0.187	0.14	0.163	0.105	0.073	0.072	0.187	0.122	0.045	0.098	0.04	0.176	0.162	0.158	0.037	0.179	0	0.062	0.173	0.107	0.073	0.552	0.183	0.048	0.139	0.172	0.059	0.211	0.072	0.173	0.105	0.029	0.173	0.049	0.039	0.173	0.06	0.309	0.072	0.246
GO:0006376	0.205	0.08	0.273	0.412	0.301	0.06	0.166	0.076	0.13	0.252	0.092	0.088	0.385	0.039	0.115	0.023	0.206	0.038	0.284	0.298	0.035	0.408	0.039	0.073	0.065	0.675	0.148	0.044	0.162	0.285	0.213	0.376	0.166	0.042	0.172	0.105	0.157	0.16	0.13	0.062	0.03	0.03	0.162	0.148	0.114	0.092	0.024	0.857	0.121	0.13	0.024	0.132	0.151	0.084	0.067	0.113	0.235	0.127	0.15	0.047	0.213	0.209	0.039	0.082	0.166	0.115	0.37	0.049	0.02	0.198	0.269	0.163	0.039	0.123	0.166	0.036	0.105	0.096	0	0.049	0.129	0.123	0.242	0.15	0.066	0.192	0.13	0.162	0.041	0.152	0.035	0.062	0.013	0.157	0.075	0.036	0.027	0.123	0.063	0.03	0.102	0.02	0.057	0.014	0.028	0.082	0.131	0.024	0.028	0.073	0.044	0.03	0.051	0.075	0.133	0.065	0.118	0.039	0.075	0.03	0.092	0.035	0.052	0.03	0.045	0.389	0.138	0.043	0.069	0.1	0.078	0.301	0.059	0.071	0.016	0.051	0.045	0.196	0.031	1	0.03	0.045	0.044	0.028	0.056	0.051	0.279	0.106	0.131	0.155	0.121	0.128	0.169	0.039	0.198	0.236	0.058	0.223	0.03	0.029	0.043	0.024	0.03	0.1	0.082	0.044	0.191	0.15	0.039	0.027	0.069	0.075	0.028	0.121	0.088	0.165	0.069	0.016	0.014	0.031	0.035	0.087	0.055	0.048	0.116	0.044	0	0.068	0.029	0.036	0.03	0.036	0.039	0.056	0.022	0.149	0.024	0.03	0.036	0.062	0.093	0.093	0.062	0.127	0.205	0.03	0.034	0.055	0.123	0.045
GO:1902414	0.028	0.047	0.071	0.034	0.044	0.059	0.071	0.034	0.147	0.061	0.101	0.183	0.045	0.11	0.049	0.346	0.071	0.101	0.046	0.06	0.085	0.05	0.11	0.182	0.068	0.046	0.028	0.401	0.082	0.059	0.087	0.071	0.071	0.108	0.051	0.042	0.064	0.031	0.147	0.063	0.21	0.087	0.082	0.05	0.032	0.101	0.071	0.028	0.147	0.147	0.071	0.115	0.049	0.083	0.072	0.042	0.081	0.044	0.061	0.049	0.087	0.07	0.093	0.097	0.071	0.218	0.05	0.119	0.05	0.101	0.03	0.069	0.11	0.052	0.071	0.077	0.042	0.11	0	0.119	0.045	0.052	0.075	0.043	0.071	0.052	0.147	0.082	0.166	0.038	0.08	0.063	0.042	0.064	0.21	0.053	0.068	0.129	0.065	0.033	0.071	0.053	0.071	0.121	0.059	0.08	0.165	0.058	0.076	0.087	0.043	0.087	0.129	0.068	0.206	0.501	0.036	0.11	0.21	0.087	0.101	0.087	0.144	0.087	0.101	0.03	0.061	0.042	0.071	0.042	0.095	0.044	0.139	0.082	0.132	0.057	0.101	0.068	0.068	0.03	1	0.073	0.052	0.077	0.052	0.129	0.041	0.052	0.033	0.085	0.147	0.038	0.051	0.11	0.101	0.043	0.135	0.039	0.087	0.028	0.042	0.071	0.21	0.042	0.097	0.096	0.055	0.08	0.11	0.165	0.071	0.21	0.059	0.147	0.183	0.089	0.071	0.087	0.121	0.029	0.404	0.09	0.125	0.11	0.037	0.043	0	0.075	0.119	0.067	0.038	0.032	0.11	0.053	0.098	0.057	0.173	0.029	0.09	0.063	0.03	0.028	0.063	0.055	0.041	0.127	0.071	0.051	0.09	0.101
GO:0046883	0.046	0.056	0.072	0.048	0.051	0.072	0.072	0.054	0.129	0.033	0.099	0.21	0.056	0.046	0.057	0.128	0.034	0.045	0.056	0.072	0.042	0.055	0.046	0.114	0.076	0.06	0.04	0.081	0.091	0.067	0.084	0.072	0.072	0.124	0.031	0.05	0.069	0.047	0.129	0.293	0.19	0.039	0.091	0.062	0.136	0.099	0.072	0.044	0.057	0.129	0.072	0.17	0.066	0.092	0.078	0.057	0.091	0.058	0.067	0.416	0.084	0.077	0.116	0.044	0.072	0.26	0.066	0.053	0.099	0.099	0.045	0.085	0.046	0.182	0.072	0.152	0.05	0.102	0	0.182	0.059	0.182	0.08	0.055	0.078	0.067	0.129	0.091	0.363	0.083	0.065	0.074	0.086	0.069	0.074	0.165	0.035	0.123	0.075	0.097	0.036	0.102	0.072	0.098	0.108	0.26	0.093	0.033	0.037	0.084	0.347	0.149	0.055	0.242	0.115	0.107	0.052	0.046	0.074	0.039	0.099	0.042	0.163	0.039	0.149	0.126	0.068	0.057	0.118	0.087	0.279	0.051	0.178	0.082	0.11	0.264	0.149	0.076	0.13	0.045	0.073	1	0.28	0.037	0.175	0.055	0.048	0.031	0.046	0.042	0.057	0.054	0.097	0.046	0.099	0.054	0.196	0.054	0.039	0.115	0.152	0.126	0.19	0.087	0.044	0.136	0.065	0.037	0.183	0.447	0.118	0.074	0.108	0.057	0.21	0.043	0.118	0.323	0.098	0.183	0.101	0.095	0.26	0.23	0.049	0.266	0	0.08	0.282	0.242	0.102	0.142	0.183	0.068	0.228	0.105	0.153	0.302	0.043	0.293	0.126	0.041	0.293	0.064	0.056	0.405	0.356	0.067	0.043	0.149
GO:0060070	0.045	0.061	0.093	0.048	0.052	0.088	0.093	0.078	0.21	0.04	0.144	0.135	0.061	0.067	0.064	0.035	0.042	0.063	0.061	0.089	0.056	0.061	0.067	0.11	0.098	0.067	0.036	0.07	0.125	0.081	0.117	0.093	0.093	0.065	0.035	0.05	0.085	0.046	0.21	0.592	0.052	0.052	0.125	0.071	0.112	0.144	0.082	0.042	0.091	0.21	0.082	0.094	0.076	0.126	0.102	0.062	0.123	0.064	0.081	0.319	0.117	0.096	0.058	0.062	0.093	0.173	0.077	0.078	0.124	0.144	0.044	0.19	0.147	0.183	0.093	0.055	0.05	0.154	0	0.242	0.065	0.183	0.106	0.059	0.102	0.079	0.21	0.125	0.156	0.069	0.049	0.093	0.041	0.085	0.128	0.205	0.044	0.192	0.095	0.057	0.045	0.095	0.093	0.027	0.106	0.319	0.038	0.038	0.047	0.117	0.344	0.106	0.083	0.284	0.046	0.098	0.054	0.147	0.128	0.111	0.144	0.096	0.081	0.052	0.178	0.098	0.083	0.062	0.122	0.073	0.418	0.052	0.086	0.112	0.03	0.499	0.178	0.098	0.143	0.044	0.052	0.28	1	0.048	0.172	0.185	0.048	0.056	0.044	0.056	0.091	0.057	0.087	0.067	0.144	0.057	0.084	0.058	0.052	0.087	0.136	0.082	0.052	0.073	0.062	0.063	0.077	0.049	0.142	0.089	0.122	0.128	0.155	0.091	0.135	0.058	0.122	0.069	0.027	0.269	0.051	0.133	0.203	0.176	0.049	0.519	0	0.106	0.116	0.112	0.06	0.124	0.142	0.179	0.082	0.099	0.042	0.265	0.127	0.487	0.097	0.038	0.487	0.076	0.061	0.113	0.146	0.078	0.058	0.178
GO:0002478	0.027	0.044	0.064	0.032	0.04	0.054	0.064	0.032	0.129	0.056	0.09	0.082	0.041	0.097	0.046	0.048	0.064	0.09	0.042	0.055	0.077	0.045	0.097	0.076	0.062	0.043	0.026	0.049	0.075	0.054	0.077	0.064	0.064	0.045	0.047	0.038	0.057	0.03	0.129	0.058	0.077	0.077	0.075	0.046	0.03	0.09	0.064	0.027	0.129	0.129	0.064	0.054	0.046	0.076	0.065	0.039	0.074	0.041	0.056	0.046	0.077	0.064	0.039	0.087	0.064	0.101	0.046	0.107	0.111	0.09	0.028	0.064	0.097	0.047	0.064	0.03	0.038	0.097	0	0.107	0.041	0.047	0.068	0.04	0.065	0.048	0.129	0.075	0.079	0.036	0.034	0.058	0.038	0.057	0.182	0.047	0.062	0.115	0.059	0.031	0.065	0.049	0.064	0.045	0.055	0.073	0.026	0.053	0.069	0.077	0.04	0.077	0.115	0.063	0.03	0.062	0.034	0.097	0.182	0.077	0.09	0.079	0.054	0.077	0.092	0.028	0.056	0.039	0.065	0.039	0.085	0.04	0.053	0.073	0.049	0.052	0.225	0.062	0.063	0.028	0.077	0.037	0.048	1	0.12	0.279	0.283	0.118	0.032	0.077	0.129	0.036	0.048	0.097	0.09	0.04	0.052	0.036	0.187	0.064	0.039	0.064	0.077	0.039	0.087	0.04	0.051	0.071	0.097	0.062	0.065	0.182	0.133	0.129	0.082	0.195	0.065	0.034	0.045	0.028	0.038	0.081	0.048	0.046	0.034	0.04	0	0.068	0.056	0.031	0.035	0.03	0.097	0.049	0.044	0.052	0.064	0.028	0.081	0.058	0.028	0.026	0.058	0.05	0.038	0.059	0.028	0.047	0.081	0.092
GO:0002696	0.055	0.072	0.097	0.06	0.066	0.093	0.097	0.064	0.178	0.043	0.134	0.127	0.072	0.063	0.074	0.039	0.045	0.06	0.072	0.093	0.055	0.073	0.063	0.109	0.1	0.076	0.05	0.08	0.12	0.088	0.114	0.097	0.097	0.076	0.039	0.065	0.091	0.055	0.178	0.224	0.052	0.052	0.12	0.079	0.144	0.134	0.088	0.053	0.079	0.178	0.088	0.096	0.083	0.121	0.103	0.072	0.119	0.073	0.087	0.196	0.114	0.098	0.069	0.059	0.097	0.155	0.083	0.071	0.222	0.134	0.055	0.109	0.063	0.206	0.097	0.073	0.065	0.14	0	0.222	0.074	0.206	0.106	0.07	0.103	0.085	0.178	0.12	0.16	0.133	0.06	0.097	0.057	0.091	0.104	0.073	0.046	0.167	0.098	0.078	0.047	0.114	0.097	0.035	0.119	0.308	0.049	0.042	0.049	0.114	0.176	0.105	0.074	0.282	0.055	0.1	0.064	0.063	0.104	0.052	0.134	0.056	0.088	0.052	0.176	0.132	0.09	0.072	0.205	0.141	0.117	0.066	0.091	0.111	0.037	0.2	0.589	0.1	0.149	0.056	0.052	0.175	0.172	0.12	1	0.18	0.107	0.096	0.055	0.055	0.079	0.067	0.105	0.063	0.134	0.068	0.089	0.068	0.127	0.611	0.267	0.088	0.052	0.092	0.059	0.072	0.084	0.05	0.13	0.092	0.134	0.104	0.399	0.079	0.127	0.137	0.205	0.088	0.035	0.127	0.063	0.126	0.219	0.198	0.062	0.156	0	0.106	0.191	0.221	0.083	0.151	0.13	0.086	0.1	0.118	0.045	0.136	0.057	0.224	0.133	0.05	0.224	0.084	0.07	0.125	0.077	0.084	0.057	0.176
GO:0006955	0.045	0.075	0.113	0.057	0.077	0.089	0.113	0.117	0.193	0.091	0.141	0.128	0.075	0.154	0.078	0.078	0.113	0.141	0.076	0.09	0.12	0.087	0.154	0.118	0.101	0.074	0.049	0.091	0.116	0.094	0.129	0.113	0.113	0.082	0.076	0.075	0.101	0.047	0.193	0.217	0.129	0.129	0.116	0.079	0.054	0.141	0.113	0.048	0.193	0.193	0.113	0.081	0.074	0.117	0.107	0.067	0.114	0.07	0.092	0.074	0.129	0.098	0.071	0.136	0.113	0.148	0.075	0.156	0.465	0.141	0.05	0.208	0.373	0.082	0.113	0.051	0.075	0.154	0	0.156	0.071	0.082	0.112	0.073	0.107	0.078	0.193	0.116	0.113	0.058	0.057	0.095	0.075	0.101	0.259	0.092	0.101	0.17	0.097	0.059	0.107	0.085	0.113	0.09	0.083	0.112	0.043	0.087	0.114	0.129	0.165	0.129	0.17	0.096	0.047	0.101	0.057	0.373	0.259	0.313	0.141	0.259	0.094	0.129	0.134	0.051	0.097	0.067	0.099	0.063	0.133	0.077	0.086	0.122	0.095	0.211	0.325	0.102	0.096	0.051	0.129	0.055	0.185	0.279	0.18	1	0.159	0.402	0.05	0.12	0.193	0.061	0.077	0.154	0.141	0.068	0.084	0.062	0.313	0.107	0.066	0.113	0.129	0.063	0.136	0.068	0.088	0.119	0.154	0.101	0.099	0.259	0.488	0.193	0.128	0.304	0.099	0.057	0.09	0.116	0.066	0.126	0.077	0.075	0.065	0.141	0	0.112	0.084	0.049	0.07	0.051	0.154	0.192	0.071	0.09	0.113	0.108	0.306	0.217	0.052	0.047	0.217	0.087	0.065	0.089	0.046	0.076	0.126	0.134
GO:0002503	0.035	0.045	0.176	0.094	0.035	0.067	0.176	0.071	0.154	0.033	0.106	0.101	0.405	0.053	0.115	0.03	0.033	0.05	0.216	0.237	0.045	0.435	0.053	0.082	0.073	0.427	0.026	0.049	0.17	0.299	0.232	0.269	0.176	0.046	0.029	0.034	0.164	0.155	0.154	0.07	0.041	0.041	0.17	0.052	0.034	0.106	0.033	0.267	0.07	0.154	0.033	0.134	0.108	0.095	0.075	0.047	0.093	0.048	0.06	0.051	0.232	0.073	0.042	0.049	0.176	0.132	0.059	0.062	0.065	0.106	0.033	0.085	0.053	0.124	0.176	0.038	0.034	0.112	0	0.062	0.049	0.124	0.077	0.042	0.075	0.061	0.154	0.17	0.051	0.024	0.037	0.07	0.02	0.164	0.098	0.039	0.036	0.143	0.071	0.032	0.037	0.028	0.065	0.022	0.036	0.092	0.03	0.032	0.038	0.084	0.047	0.041	0.065	0.084	0.08	0.073	0.042	0.053	0.098	0.041	0.106	0.046	0.058	0.041	0.057	0.03	0.06	0.047	0.04	0.026	0.089	0.035	0.065	0.081	0.024	0.057	0.138	0.073	0.04	0.279	0.041	0.048	0.048	0.283	0.107	0.159	1	0.073	0.035	0.045	0.07	0.044	0.03	0.053	0.106	0.042	0.064	0.225	0.1	0.056	0.046	0.033	0.041	0.026	0.049	0.047	0.056	0.039	0.053	0.036	0.04	0.098	0.087	0.07	0.101	0.113	0.04	0.021	0.022	0.032	0.037	0.099	0.061	0.052	0.034	0.047	0	0.077	0.036	0.038	0.032	0.038	0.053	0.062	0.028	0.029	0.033	0.032	0.047	0.07	0.029	0.028	0.07	0.129	0.046	0.038	0.036	0.06	0.047	0.057
GO:0002381	0.169	0.062	0.043	0.147	0.125	0.041	0.043	0.047	0.084	0.278	0.062	0.058	0.031	0.065	0.034	0.037	0.325	0.062	0.031	0.081	0.055	0.032	0.065	0.055	0.045	0.033	0.059	0.035	0.054	0.039	0.052	0.043	0.043	0.033	0.166	0.102	0.04	0.025	0.084	0.075	0.052	0.052	0.054	0.148	0.09	0.062	0.043	0.113	0.179	0.084	0.043	0.042	0.062	0.055	0.046	0.096	0.189	0.09	0.139	0.036	0.052	0.202	0.029	0.123	0.043	0.072	0.12	0.074	0.305	0.126	0.093	0.128	0.133	0.035	0.043	0.025	0.102	0.065	0	0.074	0.092	0.035	0.094	0.123	0.046	0.112	0.084	0.054	0.06	0.135	0.027	0.043	0.027	0.04	0.115	0.033	0.045	0.078	0.043	0.024	0.154	0.036	0.043	0.031	0.043	0.053	0.161	0.04	0.048	0.052	0.058	0.052	0.078	0.048	0.025	0.045	0.085	0.133	0.115	0.102	0.062	0.09	0.039	0.052	0.067	0.138	0.124	0.031	0.1	0.143	0.059	0.125	0.04	0.05	0.034	0.064	0.163	0.135	0.048	0.106	0.052	0.031	0.056	0.118	0.096	0.402	0.073	1	0.106	0.231	0.179	0.089	0.247	0.065	0.126	0.097	0.039	0.029	0.445	0.054	0.03	0.043	0.052	0.143	0.123	0.031	0.106	0.165	0.065	0.045	0.1	0.115	0.212	0.179	0.058	0.627	0.1	0.027	0.031	0.037	0.03	0.057	0.037	0.036	0.101	0.051	0	0.048	0.043	0.026	0.026	0.025	0.065	0.074	0.035	0.238	0.043	0.039	0.117	0.075	0.08	0.064	0.075	0.037	0.179	0.045	0.023	0.036	0.182	0.067
GO:0006486	0.562	0.103	0.056	0.161	0.194	0.058	0.056	0.043	0.115	0.342	0.084	0.081	0.041	0.041	0.043	0.026	0.164	0.04	0.041	0.142	0.037	0.039	0.041	0.069	0.062	0.046	0.199	0.045	0.077	0.052	0.068	0.056	0.056	0.043	0.314	0.462	0.053	0.036	0.115	0.06	0.033	0.033	0.077	0.232	0.428	0.084	0.028	0.135	0.128	0.115	0.028	0.065	0.116	0.078	0.063	0.138	0.245	0.161	0.278	0.047	0.068	0.364	0.04	0.095	0.056	0.104	0.264	0.048	0.024	0.205	0.203	0.174	0.041	0.048	0.056	0.037	0.462	0.087	0	0.048	0.163	0.048	0.205	0.566	0.063	0.242	0.115	0.077	0.042	0.276	0.036	0.06	0.018	0.053	0.07	0.038	0.03	0.109	0.061	0.033	0.396	0.025	0.056	0.02	0.031	0.076	0.113	0.028	0.032	0.068	0.044	0.033	0.05	0.071	0.036	0.062	0.15	0.041	0.07	0.033	0.084	0.037	0.052	0.033	0.045	0.162	0.165	0.044	0.137	0.253	0.073	0.194	0.057	0.067	0.022	0.051	0.045	0.223	0.033	0.131	0.033	0.046	0.044	0.032	0.055	0.05	0.035	0.106	1	0.438	0.235	0.203	0.141	0.041	0.205	0.178	0.056	0.042	0.033	0.031	0.044	0.028	0.033	0.253	0.158	0.044	0.229	0.245	0.041	0.03	0.137	0.07	0.031	0.128	0.081	0.146	0.082	0.02	0.02	0.033	0.037	0.08	0.054	0.048	0.476	0.044	0	0.065	0.031	0.038	0.033	0.038	0.041	0.055	0.025	0.134	0.028	0.032	0.038	0.06	0.385	0.198	0.06	0.05	0.41	0.032	0.035	0.054	0.139	0.045
GO:0043413	0.186	0.125	0.073	0.194	0.264	0.062	0.073	0.038	0.133	0.335	0.097	0.089	0.05	0.104	0.053	0.055	0.415	0.097	0.05	0.152	0.084	0.055	0.104	0.083	0.07	0.051	0.12	0.058	0.082	0.062	0.085	0.073	0.073	0.054	0.287	0.34	0.066	0.035	0.133	0.066	0.085	0.085	0.082	0.28	0.254	0.097	0.073	0.155	0.323	0.133	0.073	0.06	0.119	0.083	0.073	0.176	0.319	0.172	0.247	0.053	0.085	0.49	0.047	0.228	0.073	0.107	0.205	0.112	0.054	0.235	0.178	0.172	0.104	0.056	0.073	0.036	0.34	0.104	0	0.112	0.175	0.056	0.185	0.357	0.073	0.198	0.133	0.082	0.085	0.223	0.04	0.066	0.047	0.066	0.181	0.057	0.07	0.12	0.067	0.039	0.28	0.057	0.073	0.055	0.061	0.08	0.176	0.061	0.077	0.085	0.047	0.085	0.12	0.07	0.035	0.07	0.152	0.104	0.181	0.085	0.097	0.086	0.063	0.085	0.098	0.179	0.243	0.047	0.174	0.24	0.092	0.264	0.06	0.081	0.059	0.061	0.098	0.252	0.07	0.155	0.085	0.042	0.056	0.077	0.055	0.12	0.045	0.231	0.438	1	0.595	0.161	0.289	0.104	0.235	0.179	0.059	0.043	0.085	0.032	0.046	0.073	0.085	0.24	0.228	0.047	0.211	0.307	0.104	0.07	0.174	0.181	0.061	0.323	0.089	0.352	0.174	0.04	0.055	0.034	0.046	0.088	0.055	0.053	0.31	0.047	0	0.076	0.062	0.036	0.044	0.036	0.104	0.056	0.051	0.313	0.073	0.033	0.088	0.066	0.241	0.121	0.066	0.058	0.236	0.065	0.033	0.054	0.321	0.098
GO:0070085	0.116	0.199	0.128	0.143	0.207	0.097	0.128	0.054	0.224	0.242	0.16	0.144	0.083	0.176	0.086	0.084	0.311	0.16	0.084	0.239	0.133	0.097	0.176	0.13	0.112	0.08	0.127	0.101	0.128	0.104	0.147	0.128	0.128	0.091	0.2	0.203	0.113	0.049	0.224	0.105	0.147	0.147	0.128	0.21	0.139	0.16	0.128	0.116	0.543	0.224	0.128	0.087	0.182	0.13	0.119	0.176	0.306	0.183	0.245	0.079	0.147	0.26	0.077	0.373	0.128	0.166	0.195	0.176	0.086	0.388	0.129	0.259	0.176	0.09	0.128	0.054	0.203	0.176	0	0.176	0.187	0.09	0.306	0.193	0.119	0.203	0.224	0.128	0.123	0.149	0.061	0.105	0.083	0.113	0.306	0.103	0.112	0.193	0.107	0.063	0.288	0.093	0.128	0.102	0.089	0.123	0.109	0.094	0.128	0.147	0.073	0.147	0.193	0.105	0.049	0.112	0.148	0.176	0.306	0.147	0.16	0.136	0.104	0.147	0.148	0.13	0.264	0.072	0.263	0.162	0.15	0.207	0.093	0.138	0.107	0.101	0.148	0.274	0.105	0.121	0.147	0.057	0.091	0.129	0.079	0.193	0.07	0.179	0.235	0.595	1	0.158	0.202	0.176	0.388	0.179	0.091	0.066	0.147	0.046	0.072	0.128	0.147	0.162	0.373	0.073	0.235	0.325	0.176	0.112	0.263	0.306	0.089	0.543	0.144	0.285	0.263	0.061	0.102	0.052	0.07	0.141	0.083	0.08	0.172	0.069	0	0.126	0.09	0.052	0.076	0.054	0.176	0.086	0.076	0.242	0.128	0.049	0.141	0.105	0.135	0.121	0.105	0.095	0.17	0.097	0.049	0.082	0.342	0.148
GO:0009083	0.209	0.131	0.075	0.153	0.19	0.075	0.075	0.051	0.158	0.256	0.113	0.108	0.053	0.049	0.056	0.028	0.138	0.047	0.053	0.183	0.043	0.052	0.049	0.09	0.081	0.059	0.172	0.059	0.102	0.068	0.093	0.075	0.075	0.056	0.439	0.227	0.071	0.043	0.158	0.078	0.038	0.038	0.102	0.38	0.203	0.113	0.031	0.129	0.158	0.158	0.031	0.081	0.257	0.102	0.084	0.633	0.534	0.255	0.231	0.059	0.093	0.247	0.051	0.432	0.075	0.137	0.355	0.058	0.025	0.276	0.283	0.223	0.049	0.063	0.075	0.045	0.227	0.119	0	0.058	0.355	0.063	0.281	0.257	0.083	0.33	0.158	0.102	0.048	0.198	0.045	0.078	0.018	0.071	0.09	0.051	0.033	0.148	0.079	0.041	0.154	0.026	0.075	0.02	0.034	0.1	0.094	0.03	0.036	0.093	0.056	0.038	0.061	0.091	0.043	0.081	0.321	0.049	0.09	0.038	0.113	0.043	0.068	0.038	0.053	0.152	0.368	0.055	0.093	0.101	0.097	0.19	0.073	0.09	0.023	0.067	0.053	0.253	0.037	0.128	0.038	0.054	0.057	0.036	0.067	0.061	0.044	0.089	0.203	0.161	0.158	1	0.116	0.049	0.276	0.252	0.072	0.052	0.038	0.037	0.055	0.031	0.038	0.101	0.205	0.056	0.326	0.344	0.049	0.033	0.093	0.09	0.034	0.158	0.108	0.129	0.17	0.02	0.02	0.04	0.046	0.107	0.068	0.06	0.221	0.054	0	0.086	0.034	0.045	0.043	0.046	0.049	0.07	0.027	0.113	0.031	0.039	0.044	0.078	0.186	0.384	0.078	0.065	0.263	0.036	0.043	0.068	0.268	0.053
GO:0010629	0.223	0.08	0.043	0.215	0.182	0.04	0.043	0.027	0.083	0.361	0.061	0.057	0.03	0.064	0.034	0.037	0.426	0.061	0.031	0.099	0.055	0.031	0.064	0.054	0.044	0.032	0.084	0.034	0.054	0.038	0.051	0.043	0.043	0.032	0.214	0.16	0.04	0.025	0.083	0.114	0.051	0.051	0.054	0.2	0.266	0.061	0.086	0.173	0.202	0.083	0.086	0.042	0.078	0.054	0.046	0.125	0.223	0.12	0.172	0.108	0.051	0.253	0.029	0.144	0.043	0.071	0.148	0.073	0.102	0.147	0.134	0.116	0.064	0.105	0.043	0.035	0.16	0.064	0	0.234	0.121	0.105	0.114	0.175	0.046	0.141	0.083	0.054	0.244	0.325	0.027	0.042	0.05	0.04	0.113	0.032	0.044	0.077	0.043	0.041	0.189	0.107	0.043	0.03	0.175	0.164	0.213	0.04	0.047	0.051	0.092	0.106	0.077	0.148	0.025	0.044	0.11	0.064	0.113	0.051	0.061	0.055	0.038	0.051	0.274	0.335	0.16	0.03	0.268	0.346	0.059	0.182	0.039	0.049	0.033	0.101	0.179	0.17	0.148	0.169	0.051	0.097	0.087	0.048	0.105	0.077	0.03	0.247	0.141	0.289	0.202	0.116	1	0.064	0.147	0.126	0.039	0.028	0.051	0.059	0.081	0.086	0.051	0.546	0.144	0.031	0.141	0.203	0.136	0.091	0.435	0.113	0.114	0.202	0.057	0.357	0.268	0.08	0.03	0.06	0.03	0.057	0.112	0.109	0.152	0.078	0	0.047	0.123	0.074	0.044	0.074	0.136	0.037	0.142	0.679	0.043	0.072	0.057	0.114	0.245	0.087	0.114	0.036	0.25	0.185	0.042	0.036	0.218	0.274
GO:0050877	0.036	0.061	0.093	0.045	0.06	0.151	0.093	0.079	0.176	0.076	0.123	0.112	0.06	0.135	0.064	0.065	0.093	0.123	0.06	0.075	0.23	0.068	0.135	0.102	0.085	0.06	0.038	0.073	0.1	0.077	0.11	0.093	0.093	0.065	0.063	0.058	0.083	0.038	0.176	0.08	0.11	0.491	0.1	0.064	0.042	0.123	0.093	0.037	0.176	0.176	0.093	0.069	0.061	0.102	0.184	0.054	0.099	0.056	0.077	0.061	0.11	0.084	0.056	0.119	0.093	0.133	0.062	0.141	0.064	0.123	0.039	0.084	0.135	0.067	0.093	0.04	0.058	0.135	0	0.141	0.057	0.067	0.095	0.058	0.09	0.064	0.176	0.1	0.101	0.048	0.094	0.08	0.058	0.083	0.246	0.072	0.207	0.154	0.081	0.045	0.09	0.308	0.093	0.07	0.071	0.097	0.034	0.154	0.234	0.11	0.055	0.11	0.154	0.083	0.038	0.085	0.046	0.135	0.246	0.11	0.123	0.106	0.077	0.812	0.12	0.04	0.08	0.112	0.085	0.052	0.116	0.06	0.071	0.103	0.075	0.074	0.12	0.085	0.201	0.039	0.11	0.046	0.067	0.097	0.063	0.154	0.053	0.065	0.041	0.104	0.176	0.049	0.064	1	0.123	0.055	0.07	0.113	0.11	0.035	0.054	0.093	0.11	0.052	0.119	0.055	0.072	0.101	0.135	0.085	0.085	0.246	0.071	0.176	0.112	0.109	0.085	0.046	0.07	0.038	0.053	0.11	0.064	0.062	0.05	0.393	0	0.095	0.072	0.04	0.053	0.099	0.135	0.066	0.059	0.073	0.093	0.273	0.11	0.08	0.04	0.037	0.08	0.071	0.052	0.077	0.037	0.134	0.11	0.12
GO:0006091	0.206	0.471	0.208	0.232	0.32	0.169	0.208	0.099	0.388	0.173	0.276	0.251	0.136	0.123	0.137	0.062	0.208	0.113	0.138	0.417	0.097	0.153	0.123	0.21	0.193	0.137	0.205	0.164	0.227	0.173	0.244	0.208	0.208	0.149	0.146	0.319	0.186	0.083	0.388	0.181	0.101	0.101	0.227	0.357	0.237	0.276	0.086	0.191	0.388	0.388	0.086	0.16	0.319	0.23	0.204	0.305	0.543	0.315	0.396	0.131	0.244	0.428	0.128	0.266	0.208	0.3	0.347	0.13	0.06	0.669	0.222	0.468	0.123	0.152	0.208	0.095	0.319	0.3	0	0.13	0.321	0.152	0.519	0.32	0.203	0.36	0.388	0.227	0.095	0.111	0.1	0.181	0.054	0.186	0.221	0.157	0.08	0.342	0.185	0.104	0.203	0.065	0.208	0.064	0.067	0.22	0.123	0.068	0.089	0.244	0.127	0.101	0.141	0.19	0.083	0.193	0.258	0.123	0.221	0.101	0.276	0.098	0.174	0.101	0.112	0.214	0.437	0.125	0.196	0.12	0.238	0.32	0.164	0.231	0.069	0.168	0.112	0.47	0.078	0.198	0.101	0.099	0.144	0.09	0.134	0.141	0.106	0.126	0.205	0.235	0.388	0.276	0.147	0.123	1	0.291	0.16	0.115	0.101	0.078	0.124	0.086	0.101	0.12	0.266	0.127	0.396	0.225	0.123	0.08	0.196	0.221	0.067	0.388	0.251	0.198	0.196	0.044	0.064	0.09	0.11	0.247	0.148	0.132	0.281	0.115	0	0.214	0.068	0.088	0.122	0.096	0.123	0.151	0.056	0.167	0.086	0.082	0.102	0.181	0.226	0.199	0.181	0.16	0.295	0.073	0.087	0.145	0.247	0.112
GO:0009141	0.216	0.228	0.077	0.3	0.412	0.076	0.077	0.051	0.171	0.246	0.12	0.113	0.052	0.055	0.055	0.031	0.155	0.052	0.053	0.187	0.047	0.051	0.055	0.094	0.083	0.058	0.67	0.059	0.106	0.069	0.097	0.077	0.077	0.055	0.218	0.197	0.072	0.042	0.171	0.08	0.043	0.043	0.106	0.197	0.179	0.12	0.035	0.242	0.179	0.171	0.035	0.083	0.145	0.107	0.086	0.234	0.442	0.251	0.411	0.059	0.097	0.257	0.05	0.229	0.077	0.146	0.549	0.065	0.028	0.291	0.342	0.23	0.055	0.063	0.077	0.044	0.197	0.126	0	0.065	0.219	0.063	0.371	0.233	0.086	0.303	0.171	0.106	0.053	0.186	0.044	0.08	0.02	0.072	0.103	0.05	0.037	0.159	0.081	0.039	0.171	0.029	0.077	0.023	0.037	0.104	0.096	0.033	0.04	0.097	0.055	0.043	0.068	0.094	0.042	0.083	0.366	0.055	0.103	0.043	0.12	0.048	0.069	0.043	0.059	0.307	0.3	0.055	0.102	0.108	0.101	0.412	0.074	0.093	0.025	0.067	0.059	0.318	0.041	0.236	0.043	0.054	0.057	0.04	0.068	0.068	0.042	0.097	0.178	0.179	0.179	0.252	0.126	0.055	0.291	1	0.073	0.051	0.043	0.036	0.054	0.035	0.043	0.108	0.229	0.055	0.321	0.248	0.055	0.037	0.102	0.103	0.037	0.179	0.113	0.143	0.102	0.022	0.023	0.038	0.045	0.112	0.069	0.06	0.307	0.054	0	0.089	0.037	0.044	0.041	0.045	0.055	0.07	0.029	0.126	0.035	0.037	0.049	0.08	0.16	0.166	0.08	0.065	0.243	0.039	0.041	0.068	0.298	0.059
GO:0036465	0.057	0.079	0.113	0.064	0.072	0.104	0.113	0.068	0.221	0.044	0.16	0.536	0.079	0.07	0.081	0.251	0.046	0.066	0.08	0.105	0.059	0.082	0.07	0.195	0.115	0.084	0.051	0.219	0.14	0.099	0.135	0.113	0.113	0.268	0.038	0.071	0.105	0.057	0.221	0.11	0.412	0.056	0.14	0.088	0.061	0.16	0.046	0.056	0.091	0.221	0.046	0.383	0.091	0.141	0.119	0.078	0.138	0.08	0.098	0.083	0.135	0.111	0.24	0.064	0.113	0.506	0.092	0.079	0.036	0.16	0.058	0.123	0.07	0.09	0.113	0.329	0.071	0.169	0	0.079	0.081	0.09	0.123	0.077	0.119	0.094	0.221	0.14	0.328	0.031	0.099	0.11	0.029	0.105	0.125	0.081	0.047	0.203	0.111	0.062	0.049	0.038	0.113	0.243	0.045	0.136	0.247	0.042	0.051	0.135	0.079	0.056	0.084	0.122	0.28	0.279	0.068	0.07	0.125	0.056	0.16	0.06	0.525	0.056	0.071	0.055	0.102	0.078	0.051	0.033	0.138	0.072	0.6	0.13	0.265	0.097	0.071	0.115	0.05	0.058	0.135	0.196	0.084	0.052	0.089	0.084	0.064	0.039	0.056	0.059	0.091	0.072	0.039	0.07	0.16	0.073	1	0.073	0.056	0.051	0.077	0.046	0.412	0.033	0.064	0.259	0.095	0.053	0.07	0.35	0.051	0.125	0.045	0.091	0.426	0.061	0.051	0.191	0.243	0.057	0.227	0.148	0.149	0.129	0.067	0.075	0	0.123	0.248	0.188	0.067	0.063	0.07	0.096	0.209	0.04	0.343	0.054	0.061	0.11	0.056	0.052	0.11	0.094	0.076	0.26	0.48	0.093	0.061	0.071
GO:0099054	0.042	0.054	0.231	0.135	0.046	0.306	0.231	0.218	0.16	0.032	0.115	0.109	0.299	0.204	0.229	0.029	0.031	0.175	0.321	0.34	0.37	0.314	0.204	0.091	0.184	0.316	0.035	0.06	0.219	0.62	0.412	0.231	0.231	0.056	0.028	0.045	0.217	0.271	0.16	0.079	0.039	0.087	0.219	0.062	0.043	0.115	0.031	0.215	0.066	0.16	0.031	0.175	0.151	0.158	0.324	0.056	0.102	0.057	0.069	0.06	0.285	0.082	0.051	0.046	0.231	0.139	0.067	0.202	0.025	0.115	0.041	0.092	0.049	0.173	0.231	0.046	0.045	0.12	0	0.136	0.058	0.173	0.087	0.052	0.084	0.069	0.16	0.219	0.049	0.023	0.156	0.177	0.019	0.217	0.091	0.051	0.423	0.149	0.167	0.041	0.035	0.059	0.076	0.021	0.078	0.1	0.037	0.225	0.205	0.094	0.056	0.039	0.143	0.14	0.112	0.082	0.05	0.049	0.091	0.039	0.115	0.043	0.069	0.087	0.054	0.038	0.07	0.236	0.038	0.025	0.098	0.046	0.074	0.091	0.023	0.067	0.054	0.082	0.258	0.223	0.039	0.054	0.058	0.036	0.068	0.062	0.225	0.029	0.042	0.043	0.066	0.052	0.028	0.113	0.115	0.051	0.073	1	0.039	0.038	0.055	0.031	0.039	0.025	0.046	0.056	0.066	0.037	0.049	0.034	0.038	0.091	0.034	0.066	0.109	0.044	0.038	0.02	0.021	0.04	0.046	0.165	0.069	0.06	0.044	0.086	0	0.087	0.034	0.045	0.043	0.252	0.049	0.07	0.027	0.027	0.031	0.06	0.044	0.079	0.038	0.036	0.079	0.178	0.054	0.036	0.043	0.247	0.044	0.054
GO:0002449	0.028	0.047	0.071	0.034	0.044	0.059	0.071	0.034	0.147	0.061	0.101	0.091	0.045	0.11	0.049	0.052	0.071	0.101	0.046	0.06	0.085	0.05	0.11	0.084	0.068	0.046	0.028	0.054	0.082	0.059	0.087	0.071	0.071	0.049	0.051	0.042	0.064	0.031	0.147	0.063	0.087	0.087	0.082	0.05	0.032	0.101	0.071	0.028	0.147	0.147	0.071	0.057	0.049	0.083	0.072	0.042	0.081	0.044	0.061	0.049	0.087	0.07	0.042	0.097	0.071	0.112	0.05	0.119	0.12	0.101	0.03	0.069	0.11	0.052	0.071	0.032	0.042	0.11	0	0.119	0.045	0.052	0.075	0.043	0.071	0.052	0.147	0.082	0.086	0.038	0.036	0.063	0.042	0.064	0.21	0.053	0.068	0.129	0.065	0.033	0.071	0.053	0.071	0.05	0.059	0.08	0.027	0.058	0.076	0.087	0.043	0.087	0.129	0.068	0.031	0.068	0.036	0.11	0.21	0.087	0.101	0.087	0.059	0.087	0.101	0.03	0.061	0.042	0.071	0.042	0.095	0.044	0.057	0.082	0.055	0.057	0.246	0.068	0.068	0.03	0.087	0.039	0.052	0.187	0.127	0.313	0.1	0.445	0.033	0.085	0.147	0.038	0.051	0.11	0.101	0.043	0.056	0.039	1	0.067	0.042	0.071	0.087	0.042	0.097	0.043	0.055	0.08	0.11	0.068	0.071	0.21	0.142	0.147	0.091	0.216	0.071	0.036	0.05	0.029	0.041	0.09	0.051	0.05	0.037	0.043	0	0.075	0.06	0.033	0.038	0.032	0.11	0.053	0.047	0.057	0.071	0.029	0.09	0.063	0.03	0.028	0.063	0.055	0.041	0.063	0.029	0.051	0.09	0.101
GO:0050870	0.032	0.038	0.05	0.031	0.03	0.053	0.05	0.039	0.107	0.024	0.273	0.075	0.036	0.035	0.038	0.022	0.022	0.034	0.036	0.053	0.032	0.034	0.035	0.063	0.056	0.041	0.024	0.039	0.072	0.046	0.062	0.05	0.05	0.038	0.022	0.029	0.048	0.033	0.107	0.126	0.028	0.028	0.072	0.043	0.078	0.184	0.046	0.028	0.046	0.107	0.046	0.06	0.048	0.072	0.058	0.039	0.071	0.04	0.048	0.115	0.062	0.058	0.035	0.034	0.05	0.097	0.049	0.043	0.12	0.078	0.029	0.066	0.035	0.114	0.05	0.04	0.029	0.08	0	0.139	0.04	0.114	0.059	0.036	0.058	0.05	0.107	0.072	0.1	0.077	0.032	0.055	0.026	0.048	0.063	0.033	0.025	0.102	0.055	0.038	0.026	0.061	0.05	0.015	0.072	0.362	0.027	0.023	0.026	0.062	0.098	0.059	0.044	0.178	0.033	0.056	0.036	0.035	0.063	0.028	0.184	0.032	0.046	0.028	0.108	0.07	0.047	0.039	0.12	0.081	0.066	0.03	0.052	0.212	0.017	0.105	0.361	0.056	0.092	0.029	0.028	0.115	0.087	0.064	0.611	0.107	0.056	0.054	0.031	0.032	0.046	0.037	0.059	0.035	0.078	0.036	0.051	0.038	0.067	1	0.637	0.046	0.028	0.053	0.034	0.04	0.045	0.027	0.077	0.053	0.079	0.063	0.24	0.046	0.075	0.079	0.12	0.05	0.015	0.067	0.032	0.074	0.132	0.116	0.03	0.088	0	0.059	0.116	0.132	0.037	0.089	0.077	0.05	0.057	0.063	0.022	0.079	0.032	0.126	0.067	0.026	0.126	0.044	0.039	0.075	0.044	0.049	0.032	0.108
GO:1903039	0.044	0.058	0.082	0.047	0.05	0.08	0.082	0.054	0.174	0.034	0.449	0.117	0.057	0.054	0.06	0.03	0.034	0.051	0.057	0.081	0.046	0.057	0.054	0.098	0.088	0.063	0.036	0.064	0.11	0.073	0.101	0.082	0.082	0.06	0.03	0.048	0.077	0.045	0.174	0.192	0.042	0.042	0.11	0.066	0.113	0.3	0.07	0.041	0.072	0.174	0.07	0.086	0.071	0.111	0.091	0.059	0.109	0.06	0.074	0.167	0.101	0.087	0.055	0.05	0.082	0.149	0.071	0.063	0.083	0.124	0.043	0.098	0.054	0.172	0.082	0.055	0.048	0.13	0	0.205	0.061	0.172	0.093	0.056	0.09	0.073	0.174	0.11	0.139	0.101	0.047	0.084	0.037	0.077	0.1	0.055	0.036	0.161	0.085	0.056	0.037	0.087	0.082	0.022	0.097	0.555	0.038	0.032	0.039	0.101	0.144	0.089	0.066	0.259	0.045	0.088	0.052	0.054	0.1	0.042	0.3	0.047	0.073	0.042	0.155	0.101	0.075	0.059	0.169	0.107	0.105	0.05	0.078	0.355	0.025	0.164	0.238	0.088	0.128	0.043	0.042	0.152	0.136	0.039	0.267	0.066	0.046	0.03	0.044	0.046	0.072	0.055	0.081	0.054	0.124	0.054	0.077	0.055	0.042	0.637	1	0.07	0.042	0.07	0.05	0.059	0.07	0.04	0.117	0.077	0.11	0.1	0.149	0.072	0.117	0.047	0.169	0.066	0.022	0.096	0.049	0.116	0.191	0.168	0.047	0.126	0	0.093	0.158	0.179	0.059	0.123	0.117	0.074	0.077	0.09	0.034	0.109	0.048	0.192	0.099	0.038	0.192	0.07	0.057	0.103	0.06	0.072	0.048	0.155
GO:0050801	0.023	0.038	0.057	0.027	0.033	0.049	0.057	0.029	0.128	0.051	0.086	0.078	0.035	0.093	0.04	0.043	0.057	0.086	0.036	0.05	0.073	0.038	0.093	0.072	0.056	0.038	0.021	0.042	0.071	0.048	0.071	0.057	0.057	0.038	0.042	0.031	0.051	0.026	0.128	0.106	0.071	0.071	0.071	0.04	0.057	0.086	0.139	0.022	0.128	0.128	0.139	0.049	0.041	0.071	0.059	0.034	0.069	0.035	0.051	0.089	0.071	0.06	0.033	0.083	0.057	0.099	0.041	0.104	0.089	0.086	0.024	0.06	0.093	0.092	0.057	0.251	0.031	0.093	0	0.22	0.036	0.092	0.062	0.034	0.059	0.043	0.128	0.071	0.143	0.064	0.029	0.053	0.539	0.051	0.187	0.04	0.056	0.113	0.054	0.376	0.059	0.095	0.057	0.037	0.098	0.146	0.022	0.048	0.063	0.071	0.077	0.825	0.113	0.126	0.026	0.056	0.029	0.093	0.187	0.071	0.086	0.074	0.048	0.071	0.169	0.053	0.049	0.034	0.117	0.07	0.081	0.033	0.048	0.067	0.041	0.095	0.169	0.056	0.126	0.024	0.071	0.126	0.082	0.064	0.088	0.113	0.033	0.043	0.028	0.073	0.128	0.031	0.086	0.093	0.086	0.035	0.046	0.031	0.071	0.046	0.07	1	0.071	0.07	0.083	0.035	0.045	0.066	0.417	0.252	0.117	0.187	0.098	0.128	0.078	0.076	0.117	0.064	0.037	0.049	0.033	0.077	0.093	0.09	0.028	0.067	0	0.062	0.11	0.06	0.438	0.058	0.417	0.044	0.079	0.101	0.057	0.057	0.077	0.106	0.052	0.022	0.106	0.044	0.033	0.106	0.093	0.042	0.077	0.169
GO:0098657	0.028	0.047	0.071	0.034	0.044	0.059	0.071	0.034	0.147	0.061	0.101	0.5	0.045	0.11	0.049	0.335	0.071	0.101	0.046	0.06	0.085	0.05	0.11	0.182	0.068	0.046	0.028	0.132	0.082	0.059	0.087	0.071	0.071	0.311	0.051	0.042	0.064	0.031	0.147	0.063	0.639	0.087	0.082	0.05	0.032	0.101	0.071	0.028	0.147	0.147	0.071	0.313	0.049	0.083	0.072	0.042	0.081	0.044	0.061	0.049	0.087	0.07	0.267	0.097	0.071	0.584	0.05	0.119	0.05	0.101	0.03	0.069	0.11	0.052	0.071	0.205	0.042	0.11	0	0.119	0.045	0.052	0.075	0.043	0.071	0.052	0.147	0.082	0.446	0.038	0.08	0.063	0.042	0.064	0.21	0.053	0.068	0.129	0.065	0.033	0.071	0.053	0.071	0.368	0.059	0.08	0.162	0.058	0.076	0.087	0.043	0.087	0.129	0.068	0.191	0.165	0.036	0.11	0.21	0.087	0.101	0.087	0.402	0.087	0.101	0.03	0.061	0.042	0.071	0.042	0.095	0.044	0.38	0.082	0.403	0.057	0.101	0.068	0.068	0.03	0.21	0.19	0.052	0.077	0.052	0.129	0.041	0.052	0.033	0.085	0.147	0.038	0.051	0.11	0.101	0.043	0.412	0.039	0.087	0.028	0.042	0.071	1	0.042	0.097	0.437	0.055	0.08	0.11	0.501	0.071	0.21	0.059	0.147	0.5	0.089	0.071	0.242	0.368	0.029	0.184	0.09	0.125	0.11	0.037	0.043	0	0.075	0.326	0.188	0.038	0.032	0.11	0.053	0.272	0.057	0.527	0.029	0.09	0.063	0.03	0.028	0.063	0.055	0.041	0.347	0.197	0.051	0.09	0.101
GO:0010558	0.271	0.068	0.035	0.124	0.152	0.034	0.035	0.024	0.067	0.204	0.049	0.047	0.026	0.052	0.029	0.032	0.227	0.049	0.026	0.083	0.045	0.026	0.052	0.045	0.037	0.028	0.153	0.028	0.045	0.032	0.042	0.035	0.035	0.027	0.184	0.134	0.033	0.022	0.067	0.096	0.042	0.042	0.045	0.17	0.232	0.049	0.07	0.102	0.162	0.067	0.07	0.036	0.068	0.045	0.038	0.107	0.187	0.103	0.302	0.093	0.042	0.215	0.025	0.118	0.035	0.058	0.128	0.06	0.086	0.12	0.117	0.098	0.052	0.088	0.035	0.031	0.134	0.052	0	0.192	0.104	0.088	0.094	0.148	0.038	0.121	0.067	0.045	0.208	0.287	0.023	0.035	0.042	0.033	0.09	0.027	0.037	0.063	0.036	0.035	0.328	0.09	0.035	0.025	0.151	0.137	0.125	0.034	0.039	0.042	0.079	0.086	0.063	0.126	0.022	0.037	0.096	0.052	0.09	0.042	0.049	0.046	0.032	0.042	0.229	0.236	0.133	0.026	0.394	0.631	0.048	0.152	0.033	0.04	0.027	0.084	0.15	0.142	0.126	0.1	0.042	0.087	0.073	0.039	0.092	0.063	0.026	0.143	0.253	0.24	0.162	0.101	0.546	0.052	0.12	0.108	0.033	0.025	0.042	0.053	0.07	0.07	0.042	1	0.217	0.026	0.118	0.166	0.11	0.076	0.655	0.09	0.099	0.162	0.047	0.2	0.227	0.07	0.025	0.053	0.026	0.047	0.096	0.094	0.13	0.068	0	0.039	0.106	0.066	0.037	0.065	0.11	0.032	0.123	0.371	0.035	0.065	0.047	0.096	0.213	0.077	0.096	0.03	0.151	0.159	0.037	0.031	0.18	0.229
GO:0044283	0.154	0.137	0.083	0.097	0.133	0.068	0.083	0.04	0.154	0.169	0.11	0.1	0.055	0.119	0.059	0.06	0.201	0.11	0.055	0.167	0.094	0.061	0.119	0.092	0.077	0.055	0.231	0.065	0.091	0.069	0.097	0.083	0.083	0.06	0.143	0.128	0.074	0.037	0.154	0.073	0.097	0.097	0.091	0.143	0.096	0.11	0.083	0.079	0.373	0.154	0.083	0.065	0.129	0.092	0.081	0.226	0.4	0.21	0.315	0.057	0.097	0.189	0.052	0.474	0.083	0.12	0.14	0.126	0.059	0.266	0.09	0.188	0.119	0.061	0.083	0.038	0.128	0.119	0	0.126	0.129	0.061	0.207	0.129	0.081	0.145	0.154	0.091	0.093	0.109	0.043	0.073	0.053	0.074	0.211	0.065	0.077	0.136	0.074	0.042	0.362	0.063	0.083	0.062	0.066	0.088	0.079	0.066	0.086	0.097	0.051	0.097	0.136	0.076	0.037	0.077	0.105	0.119	0.211	0.097	0.11	0.096	0.07	0.097	0.109	0.091	0.322	0.05	0.351	0.217	0.104	0.133	0.066	0.092	0.067	0.067	0.109	0.188	0.076	0.082	0.097	0.044	0.062	0.087	0.059	0.136	0.049	0.123	0.158	0.228	0.373	0.205	0.144	0.119	0.266	0.229	0.064	0.046	0.097	0.034	0.05	0.083	0.097	0.217	1	0.051	0.159	0.218	0.119	0.077	0.351	0.211	0.066	0.373	0.1	0.192	0.191	0.043	0.062	0.036	0.049	0.099	0.059	0.058	0.113	0.05	0	0.085	0.067	0.038	0.049	0.039	0.119	0.061	0.055	0.162	0.083	0.035	0.099	0.073	0.091	0.084	0.073	0.064	0.119	0.071	0.035	0.059	0.441	0.109
GO:0098659	0.044	0.059	0.084	0.048	0.051	0.082	0.084	0.055	0.178	0.034	0.127	0.295	0.058	0.055	0.061	0.205	0.035	0.052	0.058	0.082	0.047	0.058	0.055	0.146	0.089	0.064	0.037	0.097	0.112	0.075	0.104	0.084	0.084	0.674	0.03	0.049	0.078	0.046	0.178	0.086	0.282	0.043	0.112	0.067	0.046	0.127	0.035	0.042	0.073	0.178	0.035	0.216	0.072	0.113	0.093	0.06	0.111	0.061	0.075	0.064	0.104	0.088	0.61	0.051	0.084	0.369	0.072	0.065	0.027	0.127	0.043	0.1	0.055	0.069	0.084	0.427	0.049	0.133	0	0.065	0.062	0.069	0.095	0.057	0.092	0.074	0.178	0.112	0.235	0.025	0.07	0.086	0.02	0.078	0.102	0.057	0.037	0.165	0.087	0.045	0.038	0.029	0.084	0.251	0.037	0.109	0.122	0.033	0.04	0.104	0.06	0.043	0.068	0.099	0.147	0.135	0.053	0.055	0.102	0.043	0.127	0.048	0.219	0.043	0.059	0.04	0.077	0.06	0.042	0.026	0.108	0.051	0.235	0.1	0.296	0.073	0.059	0.089	0.041	0.044	0.096	0.136	0.063	0.04	0.072	0.068	0.047	0.031	0.044	0.047	0.073	0.056	0.031	0.055	0.127	0.055	0.259	0.056	0.043	0.04	0.059	0.035	0.437	0.026	0.051	1	0.072	0.041	0.055	0.243	0.042	0.102	0.037	0.073	0.539	0.048	0.042	0.155	0.183	0.043	0.121	0.118	0.112	0.095	0.048	0.058	0	0.095	0.169	0.24	0.047	0.049	0.055	0.076	0.245	0.03	0.222	0.041	0.049	0.086	0.041	0.038	0.086	0.071	0.058	0.177	0.132	0.073	0.049	0.059
GO:0006576	0.282	0.173	0.108	0.235	0.319	0.1	0.108	0.062	0.235	0.318	0.163	0.151	0.071	0.072	0.074	0.037	0.186	0.067	0.072	0.245	0.059	0.073	0.072	0.124	0.111	0.077	0.218	0.083	0.139	0.094	0.134	0.108	0.108	0.076	0.274	0.283	0.099	0.051	0.235	0.106	0.055	0.055	0.139	0.246	0.235	0.163	0.045	0.191	0.235	0.235	0.045	0.103	0.187	0.141	0.116	0.224	0.438	0.221	0.3	0.076	0.134	0.318	0.067	0.159	0.108	0.192	0.54	0.082	0.033	0.396	0.242	0.295	0.072	0.084	0.108	0.056	0.283	0.174	0	0.082	0.225	0.084	0.54	0.317	0.116	0.48	0.235	0.139	0.064	0.226	0.056	0.106	0.025	0.099	0.138	0.072	0.046	0.213	0.107	0.053	0.201	0.035	0.108	0.029	0.043	0.136	0.106	0.04	0.05	0.134	0.072	0.055	0.088	0.12	0.051	0.111	0.194	0.072	0.138	0.055	0.163	0.06	0.094	0.055	0.073	0.229	0.303	0.071	0.123	0.118	0.137	0.319	0.097	0.129	0.032	0.091	0.073	0.336	0.049	0.191	0.055	0.065	0.077	0.051	0.084	0.088	0.056	0.106	0.229	0.211	0.235	0.326	0.141	0.072	0.396	0.321	0.095	0.066	0.055	0.045	0.07	0.045	0.055	0.118	0.159	0.072	1	0.647	0.072	0.046	0.123	0.138	0.043	0.235	0.151	0.167	0.123	0.025	0.029	0.049	0.059	0.149	0.089	0.077	0.267	0.068	0	0.121	0.044	0.054	0.057	0.056	0.072	0.091	0.034	0.144	0.045	0.047	0.061	0.106	0.214	0.226	0.106	0.088	0.316	0.046	0.051	0.088	0.237	0.073
GO:0009308	0.242	0.109	0.066	0.185	0.263	0.056	0.066	0.033	0.134	0.479	0.093	0.085	0.042	0.101	0.047	0.049	0.294	0.093	0.043	0.137	0.08	0.046	0.101	0.078	0.063	0.044	0.17	0.051	0.077	0.055	0.08	0.066	0.066	0.046	0.405	0.352	0.059	0.03	0.134	0.06	0.08	0.08	0.077	0.198	0.257	0.093	0.066	0.148	0.325	0.134	0.066	0.055	0.104	0.078	0.067	0.18	0.339	0.175	0.259	0.047	0.08	0.254	0.04	0.218	0.066	0.105	0.446	0.11	0.047	0.225	0.175	0.159	0.101	0.049	0.066	0.031	0.352	0.101	0	0.11	0.179	0.049	0.312	0.358	0.066	0.411	0.134	0.077	0.081	0.321	0.034	0.06	0.039	0.059	0.189	0.049	0.063	0.119	0.061	0.032	0.297	0.05	0.066	0.046	0.056	0.075	0.116	0.055	0.071	0.08	0.041	0.08	0.119	0.065	0.03	0.063	0.153	0.101	0.189	0.08	0.093	0.081	0.055	0.08	0.095	0.176	0.256	0.04	0.162	0.166	0.088	0.263	0.054	0.075	0.05	0.054	0.095	0.265	0.065	0.15	0.08	0.037	0.049	0.071	0.05	0.119	0.039	0.165	0.245	0.307	0.325	0.344	0.203	0.101	0.225	0.248	0.053	0.037	0.08	0.027	0.04	0.066	0.08	0.166	0.218	0.041	0.647	1	0.101	0.063	0.162	0.189	0.056	0.325	0.085	0.259	0.162	0.034	0.046	0.028	0.039	0.083	0.049	0.047	0.313	0.041	0	0.07	0.057	0.032	0.036	0.031	0.101	0.05	0.045	0.224	0.066	0.028	0.083	0.06	0.245	0.254	0.06	0.051	0.334	0.06	0.028	0.048	0.343	0.095
GO:0099072	0.036	0.061	0.093	0.045	0.06	0.074	0.093	0.042	0.176	0.076	0.123	0.112	0.06	0.135	0.064	0.065	0.093	0.123	0.06	0.075	0.104	0.068	0.135	0.102	0.085	0.06	0.038	0.073	0.1	0.077	0.11	0.093	0.093	0.065	0.063	0.058	0.083	0.038	0.176	0.169	0.11	0.11	0.1	0.064	0.097	0.123	0.227	0.037	0.176	0.176	0.227	0.069	0.061	0.102	0.09	0.054	0.099	0.056	0.077	0.137	0.11	0.084	0.056	0.119	0.093	0.133	0.062	0.141	0.146	0.123	0.039	0.084	0.135	0.153	0.093	0.137	0.058	0.135	0	0.307	0.057	0.153	0.095	0.058	0.09	0.064	0.176	0.1	0.201	0.101	0.046	0.08	0.259	0.083	0.246	0.072	0.085	0.154	0.081	0.187	0.09	0.158	0.093	0.07	0.146	0.214	0.034	0.072	0.096	0.11	0.126	0.491	0.154	0.183	0.038	0.085	0.046	0.135	0.246	0.11	0.123	0.106	0.077	0.11	0.24	0.092	0.08	0.054	0.176	0.11	0.116	0.06	0.071	0.103	0.075	0.162	0.24	0.085	0.183	0.039	0.11	0.183	0.142	0.097	0.13	0.154	0.053	0.065	0.041	0.104	0.176	0.049	0.136	0.135	0.123	0.055	0.07	0.049	0.11	0.077	0.117	0.417	0.11	0.11	0.119	0.055	0.072	0.101	1	0.381	0.176	0.246	0.146	0.176	0.112	0.109	0.176	0.105	0.07	0.086	0.053	0.11	0.144	0.139	0.05	0.109	0	0.095	0.159	0.091	0.225	0.094	0.605	0.066	0.125	0.168	0.093	0.09	0.11	0.169	0.094	0.037	0.169	0.071	0.052	0.158	0.153	0.063	0.11	0.24
GO:0009914	0.026	0.04	0.056	0.03	0.036	0.05	0.056	0.031	0.112	0.051	0.08	0.403	0.038	0.085	0.042	0.287	0.056	0.08	0.038	0.05	0.07	0.04	0.085	0.149	0.056	0.04	0.025	0.107	0.068	0.048	0.068	0.056	0.056	0.257	0.044	0.034	0.051	0.028	0.112	0.109	0.501	0.068	0.068	0.042	0.064	0.08	0.137	0.025	0.112	0.112	0.137	0.272	0.043	0.068	0.058	0.037	0.067	0.038	0.051	0.094	0.068	0.059	0.226	0.077	0.056	0.473	0.043	0.095	0.094	0.08	0.026	0.059	0.085	0.097	0.056	0.244	0.034	0.085	0	0.203	0.038	0.097	0.061	0.037	0.058	0.044	0.112	0.068	0.446	0.071	0.071	0.053	0.153	0.051	0.157	0.042	0.056	0.101	0.054	0.116	0.058	0.1	0.056	0.293	0.102	0.143	0.147	0.049	0.061	0.068	0.083	0.303	0.101	0.126	0.174	0.135	0.032	0.085	0.157	0.068	0.08	0.071	0.329	0.068	0.162	0.061	0.05	0.036	0.119	0.076	0.076	0.036	0.321	0.065	0.32	0.1	0.162	0.056	0.126	0.027	0.165	0.447	0.089	0.062	0.092	0.101	0.036	0.045	0.03	0.07	0.112	0.033	0.091	0.085	0.08	0.037	0.35	0.034	0.068	0.053	0.077	0.252	0.501	0.076	0.077	0.243	0.046	0.063	0.381	1	0.119	0.157	0.102	0.112	0.403	0.072	0.119	0.253	0.293	0.057	0.159	0.073	0.161	0.147	0.032	0.074	0	0.061	0.342	0.206	0.132	0.064	0.381	0.045	0.28	0.105	0.416	0.064	0.073	0.109	0.06	0.025	0.109	0.045	0.035	0.352	0.257	0.044	0.073	0.162
GO:0009890	0.134	0.109	0.061	0.08	0.103	0.054	0.061	0.035	0.108	0.133	0.081	0.075	0.043	0.085	0.046	0.049	0.147	0.081	0.044	0.132	0.072	0.046	0.085	0.071	0.059	0.044	0.133	0.049	0.07	0.053	0.071	0.061	0.061	0.046	0.116	0.099	0.056	0.032	0.108	0.153	0.071	0.071	0.07	0.114	0.195	0.081	0.117	0.067	0.263	0.108	0.117	0.053	0.105	0.071	0.062	0.1	0.168	0.103	0.247	0.14	0.071	0.15	0.041	0.191	0.061	0.09	0.114	0.094	0.137	0.196	0.076	0.15	0.085	0.141	0.061	0.049	0.099	0.085	0	0.294	0.105	0.141	0.156	0.102	0.062	0.118	0.108	0.07	0.306	0.213	0.036	0.057	0.073	0.056	0.145	0.048	0.059	0.099	0.057	0.058	0.276	0.145	0.061	0.046	0.223	0.209	0.069	0.053	0.065	0.071	0.122	0.141	0.099	0.187	0.032	0.059	0.088	0.085	0.145	0.071	0.081	0.073	0.053	0.071	0.347	0.186	0.133	0.041	0.602	0.394	0.077	0.103	0.052	0.068	0.049	0.14	0.227	0.145	0.187	0.069	0.071	0.118	0.122	0.065	0.134	0.099	0.04	0.1	0.137	0.174	0.263	0.093	0.435	0.085	0.196	0.102	0.051	0.038	0.071	0.079	0.11	0.117	0.071	0.655	0.351	0.042	0.123	0.162	0.176	0.119	1	0.145	0.146	0.263	0.075	0.145	0.347	0.106	0.046	0.083	0.04	0.074	0.145	0.141	0.091	0.104	0	0.064	0.156	0.094	0.065	0.097	0.176	0.049	0.187	0.309	0.061	0.094	0.074	0.153	0.182	0.072	0.153	0.05	0.098	0.238	0.055	0.048	0.181	0.347
GO:0007610	0.065	0.115	0.187	0.086	0.125	0.133	0.187	0.072	0.306	0.137	0.221	0.197	0.119	0.246	0.121	0.115	0.187	0.221	0.121	0.136	0.181	0.144	0.246	0.177	0.157	0.113	0.075	0.148	0.174	0.149	0.21	0.187	0.187	0.132	0.112	0.125	0.163	0.065	0.306	0.145	0.21	0.21	0.174	0.122	0.081	0.221	0.187	0.071	0.306	0.306	0.187	0.115	0.109	0.176	0.167	0.101	0.17	0.105	0.14	0.108	0.21	0.143	0.111	0.211	0.187	0.219	0.109	0.234	0.121	0.221	0.075	0.142	0.246	0.127	0.187	0.074	0.125	0.246	0	0.234	0.108	0.127	0.177	0.114	0.166	0.114	0.306	0.174	0.16	0.082	0.084	0.145	0.124	0.163	0.412	0.155	0.157	0.259	0.148	0.091	0.166	0.132	0.187	0.155	0.118	0.167	0.061	0.13	0.18	0.21	0.103	0.21	0.259	0.14	0.065	0.157	0.084	0.246	0.412	0.21	0.221	0.185	0.149	0.21	0.194	0.076	0.156	0.101	0.145	0.09	0.206	0.125	0.128	0.195	0.162	0.143	0.194	0.157	0.14	0.075	0.21	0.074	0.128	0.182	0.104	0.259	0.098	0.115	0.07	0.181	0.306	0.09	0.113	0.246	0.221	0.103	0.125	0.091	0.21	0.063	0.1	0.187	0.21	0.09	0.211	0.102	0.138	0.189	0.246	0.157	0.145	1	0.118	0.306	0.197	0.191	0.145	0.084	0.155	0.073	0.098	0.192	0.114	0.109	0.103	0.093	0	0.177	0.12	0.069	0.113	0.075	0.246	0.117	0.103	0.142	0.187	0.067	0.192	0.145	0.08	0.07	0.145	0.135	0.097	0.128	0.067	0.112	0.192	0.194
GO:0050778	0.027	0.039	0.051	0.031	0.036	0.047	0.051	0.071	0.089	0.047	0.067	0.064	0.037	0.071	0.04	0.043	0.051	0.067	0.038	0.047	0.061	0.039	0.071	0.06	0.051	0.039	0.027	0.042	0.06	0.045	0.059	0.051	0.051	0.039	0.042	0.035	0.047	0.029	0.089	0.193	0.059	0.059	0.06	0.041	0.085	0.067	0.098	0.027	0.089	0.089	0.098	0.047	0.041	0.06	0.053	0.036	0.059	0.037	0.048	0.123	0.059	0.054	0.036	0.066	0.051	0.076	0.041	0.079	0.543	0.067	0.028	0.111	0.172	0.122	0.051	0.044	0.035	0.071	0	0.247	0.038	0.122	0.054	0.036	0.052	0.043	0.089	0.06	0.174	0.142	0.032	0.049	0.063	0.047	0.118	0.04	0.051	0.083	0.049	0.051	0.052	0.125	0.051	0.039	0.129	0.179	0.026	0.046	0.054	0.059	0.22	0.117	0.083	0.163	0.029	0.051	0.032	0.172	0.118	0.142	0.067	0.127	0.045	0.059	0.194	0.082	0.046	0.036	0.223	0.151	0.065	0.036	0.046	0.057	0.041	0.177	0.648	0.051	0.163	0.028	0.059	0.108	0.155	0.133	0.399	0.488	0.087	0.212	0.031	0.061	0.089	0.034	0.114	0.071	0.067	0.037	0.045	0.034	0.142	0.24	0.149	0.098	0.059	0.099	0.066	0.037	0.043	0.056	0.146	0.102	0.146	0.118	1	0.089	0.064	0.152	0.223	0.095	0.039	0.111	0.036	0.063	0.127	0.124	0.033	0.135	0	0.054	0.207	0.13	0.056	0.088	0.146	0.105	0.108	0.13	0.051	0.16	0.153	0.193	0.079	0.027	0.193	0.043	0.036	0.136	0.05	0.042	0.063	0.194
GO:0046034	0.116	0.365	0.128	0.143	0.207	0.097	0.128	0.054	0.224	0.242	0.16	0.144	0.083	0.176	0.086	0.084	0.311	0.16	0.084	0.239	0.133	0.097	0.176	0.13	0.112	0.08	0.127	0.101	0.128	0.104	0.147	0.128	0.128	0.091	0.2	0.203	0.113	0.049	0.224	0.105	0.147	0.147	0.128	0.21	0.139	0.16	0.128	0.116	0.543	0.224	0.128	0.087	0.182	0.13	0.119	0.176	0.306	0.183	0.245	0.079	0.147	0.26	0.077	0.373	0.128	0.166	0.195	0.176	0.086	0.388	0.129	0.259	0.176	0.09	0.128	0.054	0.203	0.176	0	0.176	0.187	0.09	0.306	0.193	0.119	0.203	0.224	0.128	0.123	0.149	0.061	0.105	0.083	0.113	0.306	0.103	0.112	0.193	0.107	0.063	0.288	0.093	0.128	0.102	0.089	0.123	0.109	0.094	0.128	0.147	0.073	0.147	0.193	0.105	0.049	0.112	0.148	0.176	0.306	0.147	0.16	0.136	0.104	0.147	0.148	0.13	0.264	0.072	0.263	0.162	0.15	0.207	0.093	0.138	0.107	0.101	0.148	0.274	0.105	0.121	0.147	0.057	0.091	0.129	0.079	0.193	0.07	0.179	0.128	0.323	0.543	0.158	0.202	0.176	0.388	0.179	0.091	0.066	0.147	0.046	0.072	0.128	0.147	0.162	0.373	0.073	0.235	0.325	0.176	0.112	0.263	0.306	0.089	1	0.144	0.285	0.263	0.061	0.102	0.052	0.07	0.141	0.083	0.08	0.172	0.069	0	0.126	0.09	0.052	0.076	0.054	0.176	0.086	0.076	0.242	0.128	0.049	0.141	0.105	0.135	0.121	0.105	0.095	0.17	0.097	0.049	0.082	0.342	0.148
GO:0098739	0.082	0.124	0.19	0.098	0.122	0.158	0.19	0.095	0.349	0.067	0.251	0.529	0.127	0.112	0.128	0.271	0.078	0.103	0.129	0.16	0.089	0.141	0.112	0.269	0.179	0.129	0.081	0.206	0.211	0.16	0.222	0.19	0.19	0.432	0.057	0.122	0.171	0.08	0.349	0.169	0.5	0.091	0.211	0.137	0.093	0.251	0.078	0.083	0.144	0.349	0.078	0.346	0.134	0.213	0.188	0.118	0.207	0.122	0.152	0.123	0.222	0.165	0.377	0.1	0.19	0.632	0.135	0.119	0.056	0.251	0.087	0.18	0.112	0.142	0.19	0.283	0.122	0.271	0	0.119	0.124	0.142	0.196	0.123	0.187	0.14	0.349	0.211	0.368	0.044	0.128	0.169	0.05	0.171	0.197	0.144	0.074	0.311	0.172	0.099	0.077	0.06	0.19	0.271	0.064	0.204	0.172	0.064	0.082	0.222	0.12	0.091	0.128	0.178	0.204	0.253	0.101	0.112	0.197	0.091	0.251	0.091	0.407	0.091	0.104	0.084	0.166	0.118	0.075	0.047	0.218	0.122	0.397	0.211	0.3	0.156	0.104	0.179	0.073	0.088	0.183	0.21	0.135	0.082	0.127	0.128	0.101	0.058	0.081	0.089	0.144	0.108	0.057	0.112	0.251	0.113	0.426	0.109	0.091	0.075	0.117	0.078	0.5	0.047	0.1	0.539	0.151	0.085	0.112	0.403	0.075	0.197	0.064	0.144	1	0.093	0.075	0.196	0.271	0.086	0.213	0.227	0.196	0.171	0.109	0.109	0	0.196	0.267	0.269	0.113	0.092	0.112	0.143	0.219	0.064	0.406	0.078	0.094	0.169	0.088	0.078	0.169	0.149	0.115	0.282	0.211	0.137	0.094	0.104
GO:0002377	0.229	0.095	0.076	0.222	0.205	0.064	0.076	0.039	0.14	0.415	0.101	0.093	0.051	0.109	0.055	0.057	0.525	0.101	0.052	0.121	0.087	0.057	0.109	0.086	0.072	0.052	0.089	0.061	0.085	0.065	0.089	0.076	0.076	0.056	0.24	0.176	0.069	0.035	0.14	0.068	0.089	0.089	0.085	0.227	0.136	0.101	0.076	0.17	0.285	0.14	0.076	0.061	0.092	0.086	0.076	0.141	0.279	0.136	0.207	0.054	0.089	0.294	0.049	0.192	0.076	0.111	0.171	0.116	0.134	0.198	0.138	0.143	0.109	0.057	0.076	0.037	0.176	0.109	0	0.116	0.138	0.057	0.148	0.194	0.075	0.163	0.14	0.085	0.087	0.186	0.041	0.068	0.049	0.069	0.191	0.06	0.072	0.125	0.069	0.04	0.236	0.059	0.076	0.057	0.063	0.082	0.217	0.063	0.08	0.089	0.048	0.089	0.125	0.072	0.035	0.072	0.121	0.109	0.191	0.089	0.101	0.089	0.065	0.089	0.102	0.203	0.197	0.048	0.145	0.2	0.096	0.205	0.062	0.085	0.062	0.063	0.247	0.208	0.072	0.165	0.089	0.043	0.058	0.195	0.137	0.304	0.113	0.627	0.146	0.352	0.285	0.129	0.357	0.109	0.198	0.143	0.061	0.044	0.216	0.079	0.047	0.076	0.089	0.2	0.192	0.048	0.167	0.259	0.109	0.072	0.145	0.191	0.152	0.285	0.093	1	0.145	0.041	0.057	0.035	0.047	0.092	0.056	0.055	0.163	0.048	0	0.079	0.064	0.037	0.046	0.037	0.109	0.058	0.052	0.374	0.076	0.034	0.092	0.068	0.126	0.093	0.068	0.06	0.266	0.067	0.034	0.056	0.277	0.102
GO:0009896	0.073	0.109	0.061	0.08	0.103	0.054	0.061	0.035	0.108	0.133	0.081	0.075	0.043	0.085	0.046	0.049	0.147	0.081	0.044	0.132	0.072	0.046	0.085	0.071	0.059	0.044	0.072	0.049	0.07	0.053	0.071	0.061	0.061	0.046	0.202	0.099	0.056	0.032	0.108	0.153	0.071	0.071	0.07	0.209	0.195	0.081	0.117	0.067	0.263	0.108	0.117	0.053	0.189	0.071	0.062	0.185	0.168	0.103	0.134	0.14	0.071	0.15	0.041	0.351	0.061	0.09	0.114	0.094	0.137	0.196	0.14	0.15	0.085	0.141	0.061	0.049	0.099	0.085	0	0.294	0.192	0.141	0.156	0.102	0.062	0.118	0.108	0.07	0.2	0.345	0.036	0.057	0.073	0.056	0.145	0.048	0.059	0.099	0.057	0.058	0.15	0.145	0.061	0.046	0.146	0.209	0.069	0.053	0.065	0.071	0.122	0.141	0.099	0.187	0.032	0.059	0.162	0.085	0.145	0.071	0.081	0.073	0.053	0.071	0.227	0.186	0.133	0.041	0.563	0.369	0.077	0.103	0.052	0.068	0.049	0.14	0.347	0.145	0.187	0.069	0.071	0.118	0.122	0.065	0.205	0.099	0.04	0.1	0.082	0.174	0.263	0.17	0.268	0.085	0.196	0.102	0.051	0.038	0.071	0.12	0.169	0.117	0.071	0.227	0.191	0.042	0.123	0.162	0.176	0.119	0.347	0.145	0.223	0.263	0.075	0.145	1	0.106	0.046	0.083	0.04	0.074	0.145	0.141	0.091	0.104	0	0.064	0.235	0.142	0.065	0.097	0.176	0.049	0.122	0.309	0.061	0.094	0.074	0.153	0.182	0.133	0.153	0.05	0.098	0.155	0.055	0.048	0.181	0.227
GO:0002791	0.017	0.023	0.029	0.017	0.019	0.029	0.029	0.02	0.061	0.03	0.044	0.196	0.021	0.046	0.024	0.457	0.029	0.044	0.021	0.029	0.04	0.02	0.046	0.085	0.031	0.023	0.014	0.056	0.039	0.026	0.036	0.029	0.029	0.149	0.027	0.017	0.027	0.019	0.061	0.091	0.242	0.036	0.039	0.024	0.057	0.044	0.064	0.015	0.061	0.061	0.064	0.15	0.026	0.04	0.032	0.022	0.039	0.022	0.03	0.089	0.036	0.036	0.136	0.043	0.029	0.244	0.026	0.055	0.082	0.044	0.016	0.036	0.046	0.084	0.029	0.131	0.017	0.046	0	0.187	0.022	0.084	0.033	0.02	0.032	0.027	0.061	0.039	0.436	0.067	0.043	0.03	0.037	0.027	0.084	0.021	0.031	0.057	0.031	0.031	0.032	0.085	0.029	0.16	0.095	0.133	0.209	0.029	0.034	0.036	0.075	0.08	0.057	0.122	0.217	0.076	0.019	0.046	0.084	0.036	0.044	0.041	0.155	0.036	0.145	0.055	0.027	0.022	0.106	0.07	0.043	0.019	0.169	0.035	0.185	0.079	0.145	0.032	0.122	0.016	0.087	0.323	0.069	0.034	0.088	0.057	0.021	0.027	0.02	0.04	0.061	0.02	0.08	0.046	0.044	0.022	0.191	0.02	0.036	0.05	0.066	0.064	0.242	0.07	0.043	0.155	0.025	0.034	0.105	0.253	0.106	0.084	0.095	0.061	0.196	0.041	0.106	1	0.288	0.049	0.089	0.041	0.185	0.165	0.017	0.065	0	0.033	0.33	0.27	0.032	0.062	0.105	0.027	0.36	0.088	0.389	0.061	0.041	0.091	0.051	0.015	0.091	0.025	0.021	0.508	0.149	0.027	0.041	0.145
GO:0015701	0.015	0.025	0.037	0.016	0.018	0.035	0.037	0.02	0.102	0.036	0.064	0.271	0.021	0.07	0.026	0.403	0.037	0.064	0.021	0.035	0.055	0.02	0.07	0.112	0.04	0.025	0.012	0.061	0.053	0.031	0.05	0.037	0.037	0.181	0.03	0.015	0.033	0.019	0.102	0.037	0.368	0.05	0.053	0.026	0.015	0.064	0.037	0.013	0.102	0.102	0.037	0.174	0.029	0.054	0.042	0.022	0.053	0.023	0.036	0.029	0.05	0.046	0.157	0.062	0.037	0.354	0.029	0.083	0.026	0.064	0.014	0.045	0.07	0.027	0.037	0.128	0.015	0.07	0	0.083	0.024	0.027	0.044	0.02	0.042	0.031	0.102	0.053	0.274	0.023	0.04	0.037	0.015	0.033	0.155	0.021	0.04	0.09	0.038	0.014	0.042	0.028	0.037	0.208	0.039	0.052	0.163	0.034	0.044	0.05	0.023	0.05	0.09	0.045	0.18	0.096	0.019	0.07	0.155	0.05	0.064	0.056	0.194	0.05	0.072	0.014	0.032	0.022	0.046	0.025	0.061	0.018	0.209	0.047	0.255	0.03	0.072	0.04	0.045	0.014	0.121	0.098	0.027	0.045	0.035	0.09	0.022	0.031	0.02	0.055	0.102	0.02	0.03	0.07	0.064	0.023	0.243	0.021	0.05	0.015	0.022	0.037	0.368	0.025	0.062	0.183	0.029	0.046	0.07	0.293	0.046	0.155	0.039	0.102	0.271	0.057	0.046	0.288	1	0.014	0.098	0.058	0.074	0.061	0.015	0.026	0	0.044	0.18	0.132	0.014	0.017	0.07	0.031	0.203	0.03	0.271	0.016	0.058	0.037	0.012	0.013	0.037	0.029	0.022	0.191	0.098	0.03	0.058	0.072
GO:0008286	0.033	0.041	0.056	0.033	0.032	0.059	0.056	0.081	0.127	0.025	0.09	0.086	0.039	0.038	0.042	0.023	0.023	0.037	0.039	0.059	0.034	0.037	0.038	0.071	0.063	0.045	0.025	0.043	0.081	0.051	0.071	0.056	0.056	0.041	0.022	0.031	0.053	0.035	0.127	0.397	0.029	0.029	0.081	0.047	0.082	0.09	0.049	0.03	0.052	0.127	0.049	0.066	0.053	0.082	0.065	0.043	0.081	0.043	0.053	0.187	0.071	0.065	0.038	0.036	0.056	0.112	0.053	0.047	0.084	0.09	0.031	0.206	0.157	0.124	0.056	0.04	0.031	0.093	0	0.156	0.044	0.124	0.067	0.038	0.065	0.054	0.127	0.081	0.108	0.05	0.034	0.061	0.025	0.053	0.073	0.08	0.026	0.12	0.062	0.038	0.027	0.062	0.056	0.014	0.075	0.216	0.028	0.024	0.028	0.071	0.239	0.064	0.049	0.199	0.035	0.063	0.038	0.089	0.073	0.067	0.09	0.061	0.051	0.029	0.118	0.072	0.052	0.042	0.083	0.053	0.179	0.032	0.058	0.069	0.016	0.537	0.118	0.063	0.098	0.031	0.029	0.183	0.269	0.028	0.127	0.116	0.032	0.037	0.033	0.034	0.052	0.04	0.06	0.038	0.09	0.038	0.057	0.04	0.029	0.067	0.096	0.049	0.029	0.053	0.036	0.043	0.049	0.028	0.086	0.057	0.083	0.073	0.111	0.052	0.086	0.035	0.083	0.049	0.014	1	0.034	0.085	0.144	0.126	0.032	0.268	0	0.067	0.082	0.087	0.038	0.094	0.086	0.298	0.057	0.064	0.023	0.175	0.193	0.324	0.07	0.027	0.324	0.049	0.042	0.078	0.078	0.054	0.035	0.118
GO:1903540	0.037	0.048	0.069	0.038	0.039	0.07	0.069	0.047	0.158	0.033	0.11	0.213	0.046	0.053	0.049	0.326	0.033	0.05	0.047	0.07	0.046	0.045	0.053	0.137	0.076	0.053	0.028	0.362	0.098	0.062	0.088	0.069	0.069	0.116	0.03	0.037	0.064	0.039	0.158	0.073	0.184	0.041	0.098	0.055	0.037	0.11	0.033	0.034	0.07	0.158	0.033	0.157	0.062	0.098	0.078	0.05	0.097	0.051	0.063	0.054	0.088	0.076	0.106	0.049	0.069	0.266	0.062	0.063	0.027	0.11	0.035	0.088	0.053	0.057	0.069	0.138	0.037	0.116	0	0.063	0.051	0.057	0.081	0.045	0.078	0.064	0.158	0.098	0.161	0.024	0.065	0.073	0.02	0.064	0.098	0.043	0.036	0.147	0.074	0.035	0.037	0.028	0.069	0.098	0.036	0.096	0.229	0.032	0.038	0.088	0.05	0.041	0.066	0.087	0.281	0.339	0.044	0.053	0.098	0.041	0.11	0.046	0.202	0.041	0.057	0.032	0.063	0.049	0.04	0.026	0.092	0.039	0.219	0.085	0.109	0.06	0.057	0.076	0.04	0.035	0.404	0.101	0.051	0.038	0.063	0.066	0.037	0.03	0.037	0.046	0.07	0.046	0.03	0.053	0.11	0.045	0.227	0.046	0.041	0.032	0.049	0.033	0.184	0.026	0.049	0.121	0.059	0.039	0.053	0.159	0.04	0.098	0.036	0.07	0.213	0.047	0.04	0.089	0.098	0.034	1	0.103	0.106	0.089	0.037	0.049	0	0.081	0.118	0.092	0.035	0.041	0.053	0.064	0.096	0.029	0.149	0.034	0.047	0.073	0.032	0.03	0.073	0.059	0.048	0.124	0.129	0.063	0.047	0.057
GO:0045165	0.081	0.122	0.186	0.097	0.121	0.534	0.186	0.249	0.342	0.066	0.247	0.227	0.126	0.266	0.308	0.057	0.077	0.247	0.127	0.158	0.214	0.139	0.266	0.192	0.603	0.128	0.08	0.149	0.207	0.158	0.218	0.186	0.186	0.136	0.056	0.12	0.169	0.251	0.342	0.166	0.09	0.09	0.207	0.136	0.092	0.247	0.077	0.083	0.141	0.342	0.077	0.15	0.133	0.874	0.265	0.117	0.205	0.121	0.15	0.122	0.218	0.163	0.119	0.099	0.186	0.272	0.133	0.285	0.056	0.247	0.087	0.178	0.11	0.14	0.186	0.09	0.12	0.266	0	0.285	0.123	0.14	0.193	0.122	0.184	0.138	0.342	0.207	0.088	0.043	0.299	0.543	0.049	0.169	0.192	0.141	0.176	0.306	0.578	0.097	0.076	0.059	0.186	0.058	0.153	0.201	0.072	0.153	0.171	0.218	0.118	0.09	0.306	0.553	0.08	0.176	0.1	0.11	0.192	0.09	0.247	0.089	0.159	0.09	0.102	0.083	0.164	0.382	0.074	0.047	0.214	0.121	0.151	0.207	0.062	0.154	0.102	0.177	0.176	0.087	0.09	0.095	0.133	0.081	0.126	0.126	0.099	0.057	0.08	0.088	0.141	0.107	0.057	0.11	0.247	0.112	0.148	0.165	0.09	0.074	0.116	0.077	0.09	0.047	0.099	0.118	0.149	0.083	0.11	0.073	0.074	0.192	0.063	0.141	0.227	0.092	0.074	0.041	0.058	0.085	0.103	1	0.138	0.124	0.107	0.108	0	0.193	0.064	0.084	0.112	0.308	0.11	0.141	0.052	0.063	0.077	0.078	0.092	0.166	0.087	0.078	0.166	0.147	0.114	0.068	0.083	0.463	0.092	0.102
GO:0060632	0.055	0.074	0.104	0.06	0.067	0.098	0.104	0.12	0.202	0.041	0.148	0.196	0.074	0.064	0.076	0.09	0.043	0.061	0.075	0.099	0.055	0.076	0.064	0.273	0.107	0.079	0.049	0.133	0.24	0.093	0.125	0.104	0.104	0.117	0.036	0.066	0.097	0.055	0.373	0.263	0.125	0.051	0.13	0.083	0.164	0.148	0.093	0.053	0.083	0.202	0.093	0.143	0.086	0.131	0.111	0.074	0.129	0.076	0.092	0.225	0.125	0.104	0.106	0.059	0.104	0.239	0.087	0.073	0.116	0.148	0.055	0.116	0.064	0.241	0.104	0.11	0.066	0.156	0	0.252	0.077	0.241	0.115	0.072	0.111	0.089	0.202	0.13	0.31	0.09	0.142	0.103	0.057	0.097	0.114	0.075	0.044	0.187	0.104	0.08	0.046	0.122	0.104	0.074	0.127	0.362	0.075	0.04	0.048	0.125	0.203	0.114	0.077	0.327	0.091	0.17	0.065	0.064	0.114	0.051	0.148	0.055	0.147	0.051	0.195	0.149	0.095	0.074	0.145	0.096	0.128	0.067	0.152	0.12	0.081	0.237	0.195	0.107	0.162	0.055	0.125	0.26	0.203	0.048	0.219	0.077	0.061	0.037	0.054	0.055	0.083	0.068	0.112	0.064	0.148	0.069	0.149	0.069	0.051	0.132	0.191	0.093	0.125	0.096	0.059	0.112	0.089	0.049	0.144	0.161	0.145	0.114	0.127	0.083	0.196	0.056	0.145	0.185	0.074	0.144	0.106	0.138	1	0.483	0.063	0.177	0	0.115	0.241	0.221	0.087	0.17	0.144	0.09	0.194	0.127	0.104	0.152	0.057	0.263	0.152	0.049	0.263	0.088	0.072	0.244	0.111	0.088	0.057	0.195
GO:0030334	0.048	0.064	0.09	0.052	0.056	0.087	0.09	0.136	0.184	0.04	0.132	0.171	0.063	0.062	0.066	0.08	0.042	0.059	0.064	0.088	0.053	0.064	0.062	0.644	0.095	0.069	0.041	0.11	0.117	0.081	0.11	0.09	0.09	0.096	0.035	0.055	0.084	0.049	0.184	0.235	0.11	0.05	0.117	0.072	0.145	0.132	0.09	0.046	0.08	0.184	0.09	0.125	0.077	0.118	0.098	0.065	0.116	0.066	0.081	0.202	0.11	0.093	0.087	0.058	0.09	0.212	0.077	0.071	0.113	0.132	0.048	0.105	0.062	0.214	0.09	0.096	0.055	0.139	0	0.244	0.067	0.214	0.101	0.062	0.098	0.079	0.184	0.117	0.282	0.088	0.321	0.091	0.055	0.084	0.109	0.063	0.043	0.171	0.092	0.071	0.044	0.119	0.09	0.061	0.124	0.33	0.063	0.039	0.046	0.11	0.18	0.11	0.075	0.299	0.079	0.147	0.057	0.062	0.266	0.05	0.132	0.054	0.124	0.05	0.19	0.131	0.083	0.064	0.141	0.094	0.114	0.056	0.132	0.106	0.068	0.208	0.19	0.095	0.158	0.048	0.11	0.23	0.176	0.046	0.198	0.075	0.052	0.036	0.048	0.053	0.08	0.06	0.109	0.062	0.132	0.06	0.129	0.06	0.05	0.116	0.168	0.09	0.11	0.094	0.058	0.095	0.077	0.047	0.139	0.147	0.141	0.109	0.124	0.08	0.171	0.055	0.141	0.165	0.061	0.126	0.089	0.124	0.483	1	0.053	0.157	0	0.101	0.217	0.191	0.076	0.152	0.139	0.08	0.173	0.124	0.09	0.135	0.055	0.235	0.132	0.042	0.235	0.077	0.063	0.219	0.098	0.078	0.055	0.387
GO:0046777	0.37	0.266	0.069	0.157	0.206	0.07	0.069	0.045	0.172	0.419	0.116	0.109	0.044	0.05	0.047	0.026	0.195	0.048	0.044	0.171	0.043	0.042	0.05	0.088	0.077	0.051	0.186	0.05	0.101	0.061	0.09	0.069	0.069	0.047	0.368	0.517	0.064	0.037	0.172	0.073	0.037	0.037	0.101	0.272	0.453	0.116	0.028	0.121	0.172	0.172	0.028	0.078	0.128	0.102	0.08	0.152	0.322	0.18	0.274	0.053	0.09	0.448	0.042	0.113	0.069	0.145	0.312	0.062	0.022	0.281	0.209	0.218	0.05	0.055	0.069	0.038	0.517	0.123	0	0.062	0.183	0.055	0.264	0.668	0.079	0.28	0.172	0.101	0.049	0.305	0.037	0.073	0.014	0.064	0.103	0.039	0.032	0.158	0.074	0.031	0.141	0.023	0.069	0.015	0.033	0.099	0.11	0.028	0.034	0.09	0.048	0.037	0.065	0.089	0.037	0.077	0.259	0.05	0.103	0.037	0.116	0.043	0.061	0.037	0.055	0.158	0.198	0.048	0.091	0.13	0.096	0.206	0.068	0.087	0.018	0.059	0.055	0.282	0.037	0.116	0.037	0.049	0.049	0.034	0.062	0.065	0.034	0.101	0.476	0.31	0.172	0.221	0.152	0.05	0.281	0.307	0.067	0.044	0.037	0.03	0.047	0.028	0.037	0.13	0.113	0.048	0.267	0.313	0.05	0.032	0.091	0.103	0.033	0.172	0.109	0.163	0.091	0.017	0.015	0.032	0.037	0.107	0.063	0.053	1	0.047	0	0.082	0.033	0.038	0.031	0.038	0.05	0.064	0.024	0.143	0.028	0.031	0.044	0.073	0.392	0.165	0.073	0.057	0.476	0.035	0.035	0.062	0.171	0.055
GO:0099565	0.044	0.057	0.078	0.047	0.05	0.111	0.078	0.093	0.157	0.035	0.115	0.109	0.056	0.053	0.059	0.032	0.036	0.051	0.057	0.078	0.102	0.056	0.053	0.092	0.083	0.062	0.038	0.063	0.103	0.071	0.095	0.078	0.078	0.059	0.032	0.048	0.074	0.045	0.157	0.509	0.043	0.192	0.103	0.064	0.108	0.115	0.067	0.042	0.069	0.157	0.067	0.083	0.069	0.104	0.123	0.058	0.102	0.059	0.071	0.537	0.095	0.083	0.054	0.05	0.078	0.137	0.069	0.062	0.109	0.115	0.043	0.164	0.113	0.16	0.078	0.055	0.048	0.12	0	0.187	0.06	0.16	0.088	0.055	0.086	0.071	0.157	0.103	0.13	0.065	0.071	0.08	0.039	0.074	0.093	0.49	0.092	0.148	0.081	0.056	0.039	0.189	0.078	0.026	0.093	0.26	0.039	0.071	0.098	0.095	0.316	0.084	0.065	0.238	0.045	0.083	0.052	0.113	0.093	0.088	0.115	0.08	0.071	0.317	0.144	0.097	0.072	0.084	0.104	0.068	0.446	0.05	0.076	0.092	0.028	0.437	0.144	0.084	0.179	0.044	0.043	0.266	0.519	0.04	0.156	0.141	0.047	0.051	0.044	0.047	0.069	0.054	0.078	0.393	0.115	0.054	0.075	0.086	0.043	0.088	0.126	0.067	0.043	0.068	0.05	0.058	0.068	0.041	0.109	0.074	0.104	0.093	0.135	0.069	0.109	0.048	0.104	0.065	0.026	0.268	0.049	0.108	0.177	0.157	0.047	1	0	0.088	0.101	0.108	0.058	0.15	0.109	0.156	0.074	0.086	0.036	0.558	0.102	0.419	0.095	0.039	0.419	0.068	0.057	0.098	0.294	0.104	0.048	0.144
GO:0141193	0	0	0	0	0	0	0	0	0	0	0	0	0	0	0	0	0	0	0	0	0	0	0	0	0	0	0	0	0	0	0	0	0	0	0	0	0	0	0	0	0	0	0	0	0	0	0	0	0	0	0	0	0	0	0	0	0	0	0	0	0	0	0	0	0	0	0	0	0	0	0	0	0	0	0	0	0	0	0	0	0	0	0	0	0	0	0	0	0	0	0	0	0	0	0	0	0	0	0	0	0	0	0	0	0	0	0	0	0	0	0	0	0	0	0	0	0	0	0	0	0	0	0	0	0	0	0	0	0	0	0	0	0	0	0	0	0	0	0	0	0	0	0	0	0	0	0	0	0	0	0	0	0	0	0	0	0	0	0	0	0	0	0	0	0	0	0	0	0	0	0	0	0	0	0	0	0	0	0	0	0	0	0	0	0	0	1	0	0	0	0	0	0	0	0	0	0	0	0	0	0	0	0	0	0	0	0	0	0	0
GO:0061640	0.065	0.097	0.151	0.076	0.092	0.13	0.151	0.078	0.306	0.055	0.214	0.196	0.099	0.095	0.101	0.048	0.062	0.088	0.1	0.132	0.076	0.107	0.095	0.163	0.147	0.103	0.06	0.117	0.179	0.128	0.183	0.151	0.151	0.107	0.047	0.091	0.137	0.065	0.306	0.139	0.075	0.075	0.179	0.11	0.072	0.214	0.062	0.065	0.126	0.306	0.062	0.129	0.11	0.181	0.155	0.095	0.176	0.098	0.123	0.1	0.183	0.138	0.093	0.085	0.151	0.242	0.111	0.105	0.045	0.214	0.068	0.153	0.095	0.114	0.151	0.072	0.091	0.401	0	0.105	0.099	0.114	0.162	0.096	0.154	0.115	0.306	0.179	0.078	0.036	0.075	0.139	0.037	0.137	0.177	0.108	0.061	0.663	0.141	0.075	0.063	0.048	0.151	0.044	0.054	0.173	0.057	0.052	0.067	0.183	0.096	0.075	0.112	0.151	0.065	0.147	0.081	0.095	0.177	0.075	0.214	0.077	0.129	0.075	0.091	0.064	0.133	0.094	0.064	0.039	0.182	0.092	0.126	0.173	0.048	0.125	0.091	0.148	0.062	0.068	0.075	0.08	0.106	0.068	0.106	0.112	0.077	0.048	0.065	0.076	0.126	0.086	0.047	0.095	0.214	0.089	0.123	0.087	0.075	0.059	0.093	0.062	0.075	0.039	0.085	0.095	0.121	0.07	0.095	0.061	0.064	0.177	0.054	0.126	0.196	0.079	0.064	0.033	0.044	0.067	0.081	0.193	0.115	0.101	0.082	0.088	0	1	0.055	0.068	0.084	0.073	0.095	0.117	0.044	0.051	0.062	0.062	0.08	0.139	0.067	0.06	0.139	0.119	0.092	0.058	0.067	0.113	0.08	0.091
GO:0032411	0.027	0.04	0.051	0.031	0.037	0.047	0.051	0.032	0.09	0.048	0.068	0.267	0.038	0.072	0.041	0.203	0.051	0.068	0.038	0.048	0.062	0.04	0.072	0.113	0.052	0.039	0.027	0.08	0.061	0.046	0.06	0.051	0.051	0.165	0.043	0.035	0.048	0.03	0.09	0.142	0.326	0.06	0.061	0.041	0.093	0.068	0.194	0.027	0.09	0.09	0.194	0.196	0.042	0.061	0.053	0.037	0.06	0.038	0.048	0.132	0.06	0.054	0.15	0.067	0.051	0.32	0.042	0.08	0.129	0.068	0.028	0.054	0.072	0.132	0.051	0.154	0.035	0.072	0	0.261	0.038	0.132	0.055	0.037	0.053	0.043	0.09	0.061	0.547	0.15	0.059	0.049	0.072	0.048	0.12	0.041	0.052	0.084	0.05	0.059	0.053	0.135	0.051	0.18	0.138	0.191	0.108	0.046	0.055	0.06	0.116	0.13	0.084	0.173	0.132	0.103	0.033	0.072	0.12	0.06	0.068	0.063	0.216	0.06	0.206	0.089	0.047	0.037	0.235	0.159	0.066	0.037	0.224	0.058	0.199	0.13	0.31	0.052	0.173	0.029	0.119	0.282	0.116	0.056	0.191	0.084	0.036	0.043	0.031	0.062	0.09	0.034	0.123	0.072	0.068	0.037	0.248	0.034	0.06	0.116	0.158	0.11	0.326	0.106	0.067	0.169	0.044	0.057	0.159	0.342	0.156	0.12	0.207	0.09	0.267	0.064	0.235	0.33	0.18	0.082	0.118	0.064	0.241	0.217	0.033	0.101	0	0.055	1	0.629	0.065	0.095	0.159	0.044	0.341	0.14	0.267	0.137	0.064	0.142	0.087	0.027	0.142	0.044	0.036	0.429	0.159	0.042	0.064	0.206
GO:0032414	0.038	0.046	0.06	0.039	0.039	0.061	0.06	0.046	0.118	0.028	0.088	0.202	0.045	0.04	0.047	0.157	0.027	0.039	0.045	0.062	0.036	0.043	0.04	0.104	0.065	0.049	0.031	0.07	0.081	0.055	0.072	0.06	0.06	0.236	0.026	0.038	0.057	0.039	0.118	0.151	0.188	0.033	0.081	0.051	0.099	0.088	0.106	0.035	0.052	0.118	0.106	0.162	0.056	0.081	0.067	0.047	0.08	0.048	0.057	0.137	0.072	0.066	0.22	0.038	0.06	0.252	0.056	0.048	0.074	0.088	0.036	0.075	0.04	0.138	0.06	0.197	0.038	0.091	0	0.157	0.048	0.138	0.068	0.044	0.067	0.058	0.118	0.081	0.345	0.095	0.056	0.063	0.038	0.057	0.069	0.042	0.03	0.113	0.064	0.052	0.03	0.077	0.06	0.132	0.086	0.216	0.103	0.027	0.031	0.072	0.121	0.072	0.049	0.201	0.123	0.097	0.043	0.04	0.069	0.033	0.088	0.037	0.153	0.033	0.125	0.09	0.056	0.047	0.142	0.099	0.076	0.039	0.17	0.071	0.151	0.131	0.188	0.065	0.107	0.036	0.067	0.242	0.112	0.031	0.221	0.049	0.038	0.026	0.038	0.036	0.052	0.045	0.074	0.04	0.088	0.044	0.188	0.045	0.033	0.132	0.179	0.06	0.188	0.066	0.038	0.24	0.054	0.032	0.091	0.206	0.094	0.069	0.13	0.052	0.269	0.037	0.142	0.27	0.132	0.087	0.092	0.084	0.221	0.191	0.038	0.108	0	0.068	0.629	1	0.053	0.108	0.091	0.058	0.295	0.079	0.15	0.127	0.037	0.151	0.088	0.033	0.151	0.053	0.046	0.266	0.124	0.057	0.037	0.125
GO:0051453	0.033	0.044	0.069	0.033	0.032	0.07	0.069	0.044	0.186	0.029	0.122	0.113	0.042	0.053	0.045	0.026	0.029	0.05	0.042	0.071	0.044	0.039	0.053	0.09	0.078	0.05	0.022	0.048	0.105	0.06	0.093	0.069	0.069	0.045	0.026	0.03	0.064	0.035	0.186	0.095	0.038	0.038	0.105	0.053	0.043	0.122	0.064	0.029	0.076	0.186	0.064	0.079	0.061	0.106	0.081	0.046	0.103	0.048	0.062	0.075	0.093	0.078	0.04	0.049	0.069	0.153	0.061	0.066	0.042	0.122	0.03	0.092	0.053	0.075	0.069	0.198	0.03	0.13	0	0.129	0.048	0.075	0.084	0.041	0.081	0.063	0.186	0.105	0.087	0.034	0.035	0.074	0.32	0.064	0.113	0.037	0.032	0.169	0.075	0.401	0.033	0.044	0.069	0.014	0.056	0.142	0.027	0.028	0.035	0.093	0.064	0.404	0.07	0.126	0.035	0.078	0.04	0.053	0.113	0.038	0.122	0.045	0.06	0.038	0.099	0.038	0.062	0.046	0.065	0.037	0.099	0.032	0.068	0.089	0.017	0.076	0.099	0.078	0.073	0.03	0.038	0.102	0.06	0.035	0.083	0.07	0.032	0.026	0.033	0.044	0.076	0.043	0.044	0.053	0.122	0.041	0.067	0.043	0.038	0.037	0.059	0.438	0.038	0.037	0.049	0.047	0.057	0.036	0.225	0.132	0.065	0.113	0.056	0.076	0.113	0.046	0.065	0.032	0.014	0.038	0.035	0.112	0.087	0.076	0.031	0.058	0	0.084	0.065	0.053	1	0.051	0.225	0.064	0.041	0.046	0.029	0.046	0.046	0.095	0.035	0.025	0.095	0.057	0.045	0.06	0.065	0.062	0.046	0.099
GO:0050767	0.038	0.047	0.063	0.039	0.04	0.588	0.063	0.332	0.132	0.027	0.096	0.092	0.046	0.183	0.155	0.025	0.026	0.16	0.046	0.065	0.338	0.044	0.183	0.077	0.311	0.051	0.031	0.05	0.087	0.058	0.078	0.063	0.063	0.048	0.025	0.038	0.06	0.19	0.132	0.169	0.032	0.078	0.087	0.053	0.107	0.096	0.058	0.035	0.054	0.132	0.058	0.072	0.059	0.282	0.299	0.049	0.086	0.049	0.059	0.151	0.078	0.07	0.044	0.039	0.063	0.117	0.059	0.182	0.075	0.096	0.036	0.08	0.041	0.154	0.063	0.05	0.038	0.099	0	0.341	0.05	0.154	0.073	0.045	0.071	0.06	0.132	0.087	0.121	0.062	0.272	0.367	0.033	0.06	0.075	0.043	0.384	0.124	0.293	0.05	0.029	0.156	0.063	0.017	0.179	0.243	0.033	0.216	0.198	0.078	0.133	0.072	0.124	0.561	0.039	0.07	0.044	0.041	0.075	0.032	0.096	0.037	0.058	0.078	0.132	0.097	0.059	0.493	0.097	0.065	0.082	0.04	0.064	0.076	0.019	0.146	0.132	0.07	0.552	0.036	0.032	0.142	0.124	0.03	0.151	0.051	0.038	0.025	0.038	0.036	0.054	0.046	0.074	0.099	0.096	0.045	0.063	0.252	0.032	0.089	0.123	0.058	0.032	0.065	0.039	0.049	0.056	0.031	0.094	0.064	0.097	0.075	0.088	0.054	0.092	0.037	0.097	0.062	0.017	0.094	0.041	0.308	0.17	0.152	0.038	0.15	0	0.073	0.095	0.108	0.051	1	0.094	0.061	0.071	0.08	0.026	0.159	0.037	0.169	0.096	0.032	0.169	0.056	0.048	0.092	0.054	0.358	0.037	0.132
GO:0031647	0.036	0.061	0.093	0.045	0.06	0.074	0.093	0.042	0.176	0.076	0.123	0.112	0.06	0.135	0.064	0.065	0.093	0.123	0.06	0.075	0.104	0.068	0.135	0.102	0.085	0.06	0.038	0.073	0.1	0.077	0.11	0.093	0.093	0.065	0.063	0.058	0.083	0.038	0.176	0.169	0.11	0.11	0.1	0.064	0.097	0.123	0.227	0.037	0.176	0.176	0.227	0.069	0.061	0.102	0.09	0.054	0.099	0.056	0.077	0.137	0.11	0.084	0.056	0.119	0.093	0.133	0.062	0.141	0.146	0.123	0.039	0.084	0.135	0.153	0.093	0.137	0.058	0.135	0	0.307	0.057	0.153	0.095	0.058	0.09	0.064	0.176	0.1	0.201	0.101	0.046	0.08	0.259	0.083	0.246	0.072	0.085	0.154	0.081	0.187	0.09	0.158	0.093	0.07	0.146	0.214	0.034	0.072	0.096	0.11	0.126	0.491	0.154	0.183	0.038	0.085	0.046	0.135	0.246	0.11	0.123	0.106	0.077	0.11	0.24	0.092	0.08	0.054	0.176	0.11	0.116	0.06	0.071	0.103	0.075	0.162	0.24	0.085	0.183	0.039	0.11	0.183	0.142	0.097	0.13	0.154	0.053	0.065	0.041	0.104	0.176	0.049	0.136	0.135	0.123	0.055	0.07	0.049	0.11	0.077	0.117	0.417	0.11	0.11	0.119	0.055	0.072	0.101	0.605	0.381	0.176	0.246	0.146	0.176	0.112	0.109	0.176	0.105	0.07	0.086	0.053	0.11	0.144	0.139	0.05	0.109	0	0.095	0.159	0.091	0.225	0.094	1	0.066	0.125	0.168	0.093	0.09	0.11	0.169	0.094	0.037	0.169	0.071	0.052	0.158	0.153	0.063	0.11	0.24
GO:0035967	0.055	0.075	0.107	0.061	0.069	0.1	0.107	0.138	0.208	0.042	0.151	0.143	0.076	0.066	0.078	0.038	0.044	0.062	0.076	0.101	0.056	0.078	0.066	0.121	0.11	0.08	0.05	0.086	0.133	0.095	0.128	0.107	0.107	0.08	0.037	0.068	0.099	0.056	0.208	0.232	0.053	0.053	0.133	0.084	0.059	0.151	0.044	0.054	0.086	0.208	0.044	0.103	0.088	0.134	0.114	0.075	0.132	0.077	0.094	0.08	0.128	0.106	0.072	0.061	0.107	0.176	0.088	0.075	0.084	0.151	0.056	0.376	0.277	0.087	0.107	0.06	0.068	0.16	0	0.075	0.078	0.087	0.117	0.074	0.113	0.091	0.208	0.133	0.06	0.03	0.061	0.105	0.028	0.099	0.117	0.077	0.045	0.192	0.106	0.059	0.047	0.036	0.107	0.031	0.043	0.13	0.049	0.04	0.049	0.128	0.176	0.053	0.079	0.117	0.056	0.11	0.066	0.294	0.117	0.128	0.151	0.113	0.095	0.053	0.068	0.053	0.097	0.075	0.049	0.032	0.131	0.069	0.098	0.123	0.034	0.209	0.068	0.11	0.048	0.056	0.053	0.068	0.179	0.049	0.086	0.192	0.062	0.074	0.055	0.056	0.086	0.07	0.037	0.066	0.151	0.07	0.096	0.07	0.053	0.05	0.074	0.044	0.053	0.032	0.061	0.076	0.091	0.05	0.066	0.045	0.049	0.117	0.105	0.086	0.143	0.058	0.049	0.027	0.031	0.298	0.064	0.141	0.09	0.08	0.064	0.156	0	0.117	0.044	0.058	0.064	0.061	0.066	1	0.035	0.038	0.044	0.118	0.63	0.232	0.054	0.05	0.232	0.09	0.073	0.046	0.056	0.089	0.058	0.068
GO:0010766	0.022	0.031	0.04	0.024	0.027	0.038	0.04	0.026	0.076	0.038	0.056	0.219	0.028	0.059	0.032	0.219	0.04	0.056	0.029	0.038	0.051	0.029	0.059	0.094	0.041	0.03	0.02	0.062	0.05	0.035	0.047	0.04	0.04	0.256	0.034	0.025	0.037	0.024	0.076	0.106	0.272	0.047	0.05	0.032	0.066	0.056	0.079	0.021	0.076	0.076	0.079	0.163	0.033	0.05	0.042	0.029	0.049	0.029	0.039	0.102	0.047	0.045	0.233	0.055	0.04	0.271	0.034	0.068	0.095	0.056	0.022	0.045	0.059	0.098	0.04	0.196	0.025	0.059	0	0.216	0.03	0.098	0.044	0.028	0.042	0.035	0.076	0.05	0.652	0.076	0.046	0.039	0.047	0.037	0.103	0.03	0.041	0.071	0.04	0.038	0.042	0.1	0.04	0.282	0.165	0.153	0.114	0.037	0.044	0.047	0.087	0.098	0.071	0.139	0.135	0.085	0.025	0.059	0.103	0.047	0.056	0.051	0.173	0.047	0.255	0.064	0.036	0.029	0.122	0.08	0.054	0.027	0.185	0.046	0.324	0.094	0.167	0.041	0.139	0.022	0.098	0.228	0.082	0.044	0.1	0.071	0.028	0.035	0.025	0.051	0.076	0.027	0.142	0.059	0.056	0.029	0.209	0.027	0.047	0.057	0.077	0.079	0.272	0.123	0.055	0.245	0.034	0.045	0.125	0.28	0.187	0.103	0.108	0.076	0.219	0.052	0.122	0.36	0.203	0.057	0.096	0.052	0.194	0.173	0.024	0.074	0	0.044	0.341	0.295	0.041	0.071	0.125	0.035	1	0.104	0.216	0.069	0.052	0.106	0.06	0.021	0.106	0.034	0.028	0.495	0.124	0.034	0.052	0.255
GO:0010608	0.214	0.079	0.046	0.202	0.178	0.042	0.046	0.026	0.1	0.376	0.069	0.064	0.03	0.073	0.034	0.038	0.465	0.069	0.03	0.103	0.06	0.031	0.073	0.059	0.047	0.032	0.077	0.035	0.059	0.039	0.057	0.046	0.046	0.032	0.217	0.151	0.042	0.024	0.1	0.133	0.057	0.057	0.059	0.201	0.277	0.069	0.101	0.155	0.242	0.1	0.101	0.043	0.078	0.059	0.049	0.124	0.247	0.118	0.182	0.122	0.057	0.265	0.028	0.162	0.046	0.081	0.152	0.084	0.117	0.167	0.124	0.123	0.073	0.121	0.046	0.036	0.151	0.073	0	0.289	0.12	0.121	0.123	0.171	0.049	0.144	0.1	0.059	0.187	0.345	0.026	0.044	0.054	0.042	0.142	0.032	0.047	0.09	0.045	0.042	0.205	0.124	0.046	0.03	0.13	0.195	0.203	0.041	0.051	0.057	0.103	0.128	0.09	0.172	0.024	0.047	0.107	0.073	0.142	0.057	0.069	0.061	0.039	0.057	0.215	0.342	0.169	0.03	0.309	0.371	0.066	0.178	0.041	0.054	0.033	0.117	0.215	0.181	0.172	0.149	0.057	0.105	0.099	0.052	0.118	0.09	0.029	0.238	0.134	0.313	0.242	0.113	0.679	0.073	0.167	0.126	0.04	0.027	0.057	0.063	0.09	0.101	0.057	0.371	0.162	0.03	0.144	0.224	0.168	0.105	0.309	0.142	0.13	0.242	0.064	0.374	0.309	0.088	0.03	0.064	0.029	0.063	0.127	0.124	0.143	0.086	0	0.051	0.14	0.079	0.046	0.08	0.168	0.038	0.104	1	0.046	0.078	0.063	0.133	0.253	0.081	0.133	0.037	0.242	0.139	0.043	0.037	0.242	0.215
GO:0042886	0.023	0.038	0.057	0.027	0.033	0.049	0.057	0.029	0.128	0.051	0.086	0.406	0.035	0.093	0.04	0.542	0.057	0.086	0.036	0.05	0.073	0.038	0.093	0.153	0.056	0.038	0.021	0.103	0.071	0.048	0.071	0.057	0.057	0.232	0.042	0.031	0.051	0.026	0.128	0.053	0.527	0.071	0.071	0.04	0.025	0.086	0.057	0.022	0.128	0.128	0.057	0.257	0.041	0.071	0.059	0.034	0.069	0.035	0.051	0.041	0.071	0.06	0.2	0.083	0.057	0.49	0.041	0.104	0.04	0.086	0.024	0.06	0.093	0.042	0.057	0.162	0.031	0.093	0	0.104	0.036	0.042	0.062	0.034	0.059	0.043	0.128	0.071	0.376	0.032	0.064	0.053	0.031	0.051	0.187	0.04	0.056	0.113	0.054	0.026	0.059	0.043	0.057	0.271	0.051	0.068	0.252	0.048	0.063	0.071	0.035	0.071	0.113	0.059	0.274	0.137	0.029	0.093	0.187	0.071	0.086	0.074	0.317	0.071	0.089	0.024	0.049	0.034	0.061	0.035	0.081	0.033	0.31	0.067	0.304	0.046	0.089	0.056	0.059	0.024	0.173	0.153	0.042	0.064	0.045	0.113	0.033	0.043	0.028	0.073	0.128	0.031	0.043	0.093	0.086	0.035	0.343	0.031	0.071	0.022	0.034	0.057	0.527	0.035	0.083	0.222	0.045	0.066	0.093	0.416	0.061	0.187	0.051	0.128	0.406	0.076	0.061	0.389	0.271	0.023	0.149	0.077	0.104	0.09	0.028	0.036	0	0.062	0.267	0.15	0.029	0.026	0.093	0.044	0.216	0.046	1	0.024	0.077	0.053	0.023	0.022	0.053	0.044	0.033	0.284	0.157	0.042	0.077	0.089
GO:0098962	0.033	0.039	0.052	0.033	0.032	0.077	0.052	0.07	0.113	0.025	0.082	0.078	0.038	0.037	0.04	0.023	0.024	0.036	0.038	0.056	0.071	0.036	0.037	0.066	0.059	0.043	0.025	0.041	0.075	0.048	0.065	0.052	0.052	0.039	0.023	0.03	0.05	0.034	0.113	0.324	0.029	0.13	0.075	0.045	0.095	0.082	0.106	0.029	0.049	0.113	0.106	0.063	0.05	0.075	0.084	0.041	0.074	0.042	0.05	0.656	0.065	0.061	0.037	0.035	0.052	0.102	0.051	0.045	0.132	0.082	0.03	0.123	0.085	0.135	0.052	0.047	0.03	0.085	0	0.159	0.042	0.135	0.062	0.037	0.06	0.052	0.113	0.075	0.116	0.062	0.049	0.057	0.035	0.05	0.067	0.324	0.064	0.108	0.058	0.046	0.027	0.251	0.052	0.016	0.085	0.216	0.028	0.048	0.067	0.065	0.402	0.07	0.046	0.201	0.034	0.059	0.037	0.085	0.067	0.065	0.082	0.06	0.048	0.214	0.125	0.085	0.049	0.057	0.094	0.065	0.313	0.032	0.054	0.064	0.017	0.273	0.125	0.059	0.211	0.03	0.029	0.302	0.265	0.028	0.136	0.108	0.032	0.039	0.032	0.033	0.049	0.039	0.072	0.273	0.082	0.037	0.054	0.06	0.029	0.079	0.109	0.057	0.029	0.065	0.035	0.041	0.047	0.028	0.09	0.064	0.094	0.067	0.16	0.049	0.078	0.034	0.094	0.061	0.016	0.175	0.034	0.078	0.152	0.135	0.031	0.558	0	0.062	0.137	0.127	0.046	0.159	0.09	0.118	0.069	0.078	0.024	1	0.078	0.324	0.084	0.027	0.324	0.046	0.04	0.089	0.216	0.074	0.034	0.125
GO:0035966	0.033	0.053	0.077	0.04	0.051	0.064	0.077	0.142	0.141	0.066	0.102	0.094	0.052	0.11	0.055	0.057	0.077	0.102	0.052	0.065	0.088	0.057	0.11	0.087	0.073	0.053	0.034	0.061	0.085	0.065	0.09	0.077	0.077	0.056	0.056	0.049	0.069	0.035	0.141	0.154	0.09	0.09	0.085	0.056	0.038	0.102	0.077	0.034	0.141	0.141	0.077	0.062	0.055	0.086	0.076	0.048	0.084	0.05	0.067	0.054	0.09	0.074	0.049	0.099	0.077	0.112	0.055	0.117	0.135	0.102	0.036	0.24	0.457	0.058	0.077	0.037	0.049	0.11	0	0.117	0.051	0.058	0.08	0.05	0.076	0.057	0.141	0.085	0.088	0.043	0.041	0.068	0.049	0.069	0.192	0.06	0.073	0.126	0.07	0.04	0.076	0.059	0.077	0.058	0.063	0.083	0.032	0.063	0.08	0.09	0.118	0.09	0.126	0.072	0.035	0.073	0.041	0.49	0.192	0.218	0.102	0.185	0.065	0.09	0.102	0.036	0.067	0.048	0.074	0.047	0.097	0.051	0.062	0.085	0.062	0.145	0.102	0.073	0.072	0.036	0.09	0.043	0.127	0.081	0.057	0.306	0.047	0.117	0.038	0.088	0.141	0.044	0.057	0.11	0.102	0.049	0.061	0.044	0.09	0.032	0.048	0.077	0.09	0.047	0.099	0.049	0.061	0.083	0.11	0.073	0.074	0.192	0.153	0.141	0.094	0.092	0.074	0.041	0.058	0.193	0.047	0.092	0.057	0.055	0.044	0.102	0	0.08	0.064	0.037	0.046	0.037	0.11	0.63	0.052	0.063	0.077	0.078	1	0.154	0.036	0.033	0.154	0.061	0.047	0.068	0.034	0.056	0.092	0.102
GO:0035329	0.06	0.086	0.128	0.069	0.08	0.115	0.128	0.102	0.254	0.048	0.181	0.169	0.087	0.08	0.089	0.043	0.053	0.075	0.088	0.116	0.066	0.092	0.08	0.141	0.128	0.092	0.055	0.101	0.156	0.111	0.154	0.128	0.128	0.093	0.042	0.079	0.118	0.061	0.254	0.645	0.063	0.063	0.156	0.097	0.162	0.181	0.106	0.059	0.105	0.254	0.106	0.116	0.099	0.157	0.134	0.085	0.154	0.087	0.108	0.348	0.154	0.122	0.083	0.073	0.128	0.208	0.1	0.089	0.166	0.181	0.062	0.248	0.179	0.251	0.128	0.079	0.079	0.193	0	0.285	0.089	0.251	0.139	0.085	0.133	0.103	0.254	0.156	0.187	0.089	0.068	0.122	0.06	0.118	0.145	0.205	0.053	0.231	0.124	0.086	0.055	0.127	0.128	0.037	0.132	0.396	0.053	0.046	0.058	0.154	0.575	0.131	0.095	0.351	0.061	0.128	0.074	0.179	0.145	0.141	0.181	0.122	0.111	0.063	0.214	0.145	0.114	0.085	0.153	0.096	0.36	0.08	0.112	0.147	0.041	0.575	0.214	0.128	0.173	0.062	0.063	0.293	0.487	0.058	0.224	0.217	0.07	0.075	0.06	0.066	0.105	0.078	0.114	0.08	0.181	0.08	0.11	0.079	0.063	0.126	0.192	0.106	0.063	0.096	0.073	0.086	0.106	0.06	0.169	0.109	0.153	0.145	0.193	0.105	0.169	0.068	0.153	0.091	0.037	0.324	0.073	0.166	0.263	0.235	0.073	0.419	0	0.139	0.142	0.151	0.095	0.169	0.169	0.232	0.106	0.133	0.053	0.324	0.154	1	0.148	0.055	0.645	0.104	0.083	0.14	0.146	0.101	0.068	0.214
GO:0031396	0.307	0.093	0.055	0.127	0.159	0.058	0.055	0.04	0.135	0.329	0.093	0.088	0.037	0.04	0.039	0.022	0.149	0.038	0.037	0.143	0.035	0.034	0.04	0.072	0.063	0.043	0.098	0.041	0.083	0.05	0.072	0.055	0.055	0.039	0.295	0.539	0.052	0.033	0.135	0.148	0.03	0.03	0.083	0.216	0.868	0.093	0.052	0.099	0.135	0.135	0.052	0.067	0.11	0.084	0.065	0.127	0.263	0.147	0.169	0.13	0.072	0.359	0.035	0.091	0.055	0.118	0.26	0.05	0.063	0.226	0.17	0.183	0.04	0.131	0.055	0.039	0.365	0.097	0	0.171	0.149	0.131	0.214	0.503	0.065	0.232	0.135	0.083	0.116	0.479	0.032	0.061	0.024	0.052	0.08	0.032	0.026	0.126	0.061	0.036	0.112	0.066	0.055	0.012	0.079	0.232	0.094	0.024	0.028	0.072	0.109	0.069	0.052	0.212	0.033	0.063	0.135	0.04	0.08	0.03	0.093	0.035	0.05	0.03	0.128	0.306	0.159	0.041	0.182	0.213	0.077	0.159	0.057	0.07	0.015	0.121	0.128	0.225	0.105	0.093	0.03	0.126	0.097	0.028	0.133	0.052	0.029	0.08	0.385	0.241	0.135	0.186	0.245	0.04	0.226	0.16	0.056	0.038	0.03	0.067	0.099	0.052	0.03	0.213	0.091	0.041	0.214	0.245	0.094	0.06	0.182	0.08	0.079	0.135	0.088	0.126	0.182	0.051	0.012	0.07	0.032	0.087	0.152	0.132	0.392	0.095	0	0.067	0.087	0.088	0.035	0.096	0.094	0.054	0.06	0.253	0.023	0.084	0.036	0.148	1	0.137	0.148	0.047	0.379	0.083	0.044	0.053	0.136	0.128
GO:0046479	0.177	0.087	0.05	0.116	0.142	0.053	0.05	0.038	0.117	0.232	0.082	0.078	0.034	0.037	0.037	0.022	0.098	0.035	0.034	0.13	0.033	0.032	0.037	0.065	0.057	0.04	0.11	0.038	0.075	0.045	0.064	0.05	0.05	0.036	0.367	0.16	0.047	0.031	0.117	0.055	0.028	0.028	0.075	0.261	0.156	0.082	0.022	0.096	0.121	0.117	0.022	0.061	0.18	0.075	0.059	0.254	0.245	0.227	0.164	0.042	0.064	0.18	0.033	0.155	0.05	0.104	0.265	0.045	0.018	0.199	0.215	0.166	0.037	0.042	0.05	0.032	0.16	0.085	0	0.045	0.46	0.042	0.199	0.198	0.058	0.241	0.117	0.075	0.039	0.186	0.031	0.055	0.012	0.047	0.07	0.03	0.025	0.11	0.056	0.026	0.189	0.019	0.05	0.013	0.027	0.073	0.069	0.023	0.026	0.064	0.038	0.028	0.047	0.068	0.031	0.057	0.417	0.037	0.07	0.028	0.082	0.033	0.046	0.028	0.042	0.12	0.154	0.038	0.072	0.077	0.069	0.142	0.052	0.062	0.015	0.045	0.042	0.426	0.029	0.093	0.028	0.041	0.038	0.026	0.05	0.047	0.028	0.064	0.198	0.121	0.121	0.384	0.087	0.037	0.199	0.166	0.052	0.036	0.028	0.026	0.038	0.022	0.028	0.077	0.084	0.038	0.226	0.254	0.037	0.025	0.072	0.07	0.027	0.121	0.078	0.093	0.133	0.015	0.013	0.027	0.03	0.078	0.049	0.042	0.165	0.039	0	0.06	0.027	0.033	0.025	0.032	0.037	0.05	0.021	0.081	0.022	0.027	0.033	0.055	0.137	1	0.055	0.044	0.216	0.028	0.03	0.049	0.134	0.042
GO:0007218	0.06	0.086	0.128	0.069	0.08	0.115	0.128	0.102	0.254	0.048	0.181	0.169	0.087	0.08	0.089	0.043	0.053	0.075	0.088	0.116	0.066	0.092	0.08	0.141	0.128	0.092	0.055	0.101	0.156	0.111	0.154	0.128	0.128	0.093	0.042	0.079	0.118	0.061	0.254	0.645	0.063	0.063	0.156	0.097	0.162	0.181	0.106	0.059	0.105	0.254	0.106	0.116	0.099	0.157	0.134	0.085	0.154	0.087	0.108	0.348	0.154	0.122	0.083	0.073	0.128	0.208	0.1	0.089	0.166	0.181	0.062	0.248	0.179	0.251	0.128	0.079	0.079	0.193	0	0.285	0.089	0.251	0.139	0.085	0.133	0.103	0.254	0.156	0.187	0.089	0.068	0.122	0.06	0.118	0.145	0.205	0.053	0.231	0.124	0.086	0.055	0.127	0.128	0.037	0.132	0.396	0.053	0.046	0.058	0.154	0.472	0.131	0.095	0.351	0.061	0.128	0.074	0.179	0.145	0.141	0.181	0.122	0.111	0.063	0.214	0.145	0.114	0.085	0.153	0.096	0.36	0.08	0.112	0.147	0.041	0.575	0.214	0.128	0.173	0.062	0.063	0.293	0.487	0.058	0.224	0.217	0.07	0.075	0.06	0.066	0.105	0.078	0.114	0.08	0.181	0.08	0.11	0.079	0.063	0.126	0.192	0.106	0.063	0.096	0.073	0.086	0.106	0.06	0.169	0.109	0.153	0.145	0.193	0.105	0.169	0.068	0.153	0.091	0.037	0.324	0.073	0.166	0.263	0.235	0.073	0.419	0	0.139	0.142	0.151	0.095	0.169	0.169	0.232	0.106	0.133	0.053	0.324	0.154	0.645	0.148	0.055	1	0.104	0.083	0.14	0.146	0.101	0.068	0.214
GO:0008637	0.05	0.07	0.183	0.094	0.062	0.099	0.669	0.11	0.231	0.041	0.16	0.149	0.429	0.071	0.187	0.037	0.044	0.066	0.29	0.217	0.058	0.19	0.071	0.123	0.11	0.195	0.042	0.081	0.376	0.252	0.369	0.292	0.447	0.075	0.036	0.06	0.267	0.189	0.231	0.104	0.055	0.055	0.376	0.08	0.053	0.16	0.044	0.121	0.095	0.231	0.044	0.28	0.343	0.139	0.115	0.07	0.136	0.072	0.091	0.076	0.369	0.106	0.067	0.064	0.292	0.189	0.085	0.081	0.033	0.16	0.05	0.12	0.071	0.202	0.447	0.055	0.06	0.171	0	0.081	0.074	0.301	0.119	0.068	0.485	0.088	0.231	0.376	0.063	0.028	0.056	0.104	0.025	0.41	0.135	0.071	0.045	0.21	0.106	0.052	0.047	0.035	0.107	0.029	0.043	0.134	0.043	0.04	0.05	0.132	0.071	0.055	0.087	0.119	0.078	0.11	0.061	0.071	0.135	0.055	0.16	0.059	0.093	0.055	0.072	0.046	0.095	0.07	0.05	0.03	0.135	0.062	0.096	0.127	0.032	0.09	0.072	0.11	0.049	0.127	0.055	0.064	0.076	0.05	0.084	0.087	0.129	0.037	0.05	0.058	0.095	0.065	0.036	0.071	0.16	0.065	0.094	0.178	0.055	0.044	0.07	0.044	0.055	0.03	0.064	0.071	0.088	0.051	0.071	0.045	0.05	0.135	0.043	0.095	0.149	0.06	0.05	0.025	0.029	0.049	0.059	0.147	0.088	0.077	0.057	0.068	0	0.119	0.044	0.053	0.057	0.056	0.071	0.09	0.034	0.037	0.044	0.046	0.061	0.104	0.047	0.044	0.104	1	0.068	0.046	0.051	0.087	0.061	0.072
GO:0034982	0.514	0.138	0.08	0.262	0.277	0.079	0.08	0.053	0.17	0.679	0.121	0.115	0.056	0.052	0.059	0.03	0.323	0.05	0.056	0.194	0.045	0.056	0.052	0.096	0.086	0.062	0.167	0.063	0.108	0.072	0.099	0.08	0.08	0.059	0.421	0.485	0.075	0.045	0.17	0.083	0.041	0.041	0.108	0.327	0.415	0.121	0.033	0.211	0.17	0.17	0.033	0.085	0.152	0.109	0.089	0.182	0.34	0.221	0.236	0.062	0.099	0.411	0.054	0.119	0.08	0.146	0.348	0.062	0.027	0.295	0.274	0.235	0.052	0.066	0.08	0.047	0.485	0.127	0	0.062	0.224	0.066	0.29	0.561	0.089	0.321	0.17	0.108	0.051	0.354	0.047	0.083	0.019	0.075	0.097	0.054	0.035	0.158	0.084	0.043	0.154	0.028	0.08	0.022	0.036	0.106	0.187	0.032	0.038	0.099	0.058	0.041	0.065	0.096	0.045	0.086	0.199	0.052	0.097	0.041	0.121	0.046	0.072	0.041	0.057	0.255	0.232	0.058	0.098	0.151	0.104	0.277	0.077	0.096	0.024	0.071	0.057	0.32	0.039	0.205	0.041	0.056	0.061	0.038	0.07	0.065	0.046	0.179	0.41	0.236	0.17	0.263	0.25	0.052	0.295	0.243	0.076	0.054	0.041	0.039	0.057	0.033	0.041	0.151	0.119	0.058	0.316	0.334	0.052	0.035	0.098	0.097	0.036	0.17	0.115	0.266	0.098	0.021	0.022	0.042	0.048	0.114	0.072	0.063	0.476	0.057	0	0.092	0.036	0.046	0.045	0.048	0.052	0.073	0.028	0.242	0.033	0.04	0.047	0.083	0.379	0.216	0.083	0.068	1	0.038	0.044	0.071	0.18	0.057
GO:0051048	0.028	0.042	0.055	0.032	0.039	0.05	0.055	0.033	0.097	0.05	0.073	0.282	0.04	0.077	0.043	0.212	0.055	0.073	0.04	0.05	0.065	0.042	0.077	0.119	0.054	0.041	0.028	0.085	0.064	0.048	0.063	0.055	0.055	0.174	0.045	0.037	0.051	0.03	0.097	0.14	0.347	0.063	0.064	0.043	0.089	0.073	0.106	0.028	0.097	0.097	0.106	0.205	0.044	0.065	0.056	0.038	0.063	0.039	0.051	0.13	0.063	0.057	0.157	0.071	0.055	0.339	0.044	0.085	0.126	0.073	0.029	0.057	0.077	0.13	0.055	0.154	0.037	0.077	0	0.266	0.04	0.13	0.058	0.039	0.056	0.045	0.097	0.064	0.803	0.097	0.061	0.052	0.067	0.051	0.128	0.044	0.054	0.089	0.053	0.054	0.056	0.133	0.055	0.191	0.208	0.191	0.112	0.049	0.059	0.063	0.114	0.127	0.089	0.173	0.136	0.109	0.034	0.077	0.128	0.063	0.073	0.066	0.229	0.063	0.317	0.086	0.05	0.038	0.155	0.104	0.07	0.039	0.235	0.061	0.212	0.128	0.207	0.054	0.173	0.03	0.127	0.405	0.113	0.059	0.125	0.089	0.038	0.045	0.032	0.065	0.097	0.036	0.185	0.077	0.073	0.039	0.26	0.036	0.063	0.075	0.103	0.106	0.347	0.159	0.071	0.177	0.046	0.06	0.158	0.352	0.238	0.128	0.136	0.097	0.282	0.067	0.155	0.508	0.191	0.078	0.124	0.068	0.244	0.219	0.035	0.098	0	0.058	0.429	0.266	0.06	0.092	0.158	0.046	0.495	0.139	0.284	0.089	0.068	0.14	0.083	0.028	0.14	0.046	0.038	1	0.208	0.044	0.068	0.317
GO:0048791	0.036	0.043	0.057	0.036	0.036	0.06	0.057	0.044	0.119	0.025	0.087	0.281	0.042	0.037	0.044	0.13	0.024	0.036	0.042	0.06	0.033	0.041	0.037	0.108	0.064	0.047	0.029	0.112	0.08	0.053	0.071	0.057	0.057	0.119	0.023	0.035	0.055	0.037	0.119	0.146	0.197	0.029	0.08	0.049	0.05	0.087	0.052	0.033	0.049	0.119	0.052	0.224	0.054	0.08	0.065	0.045	0.079	0.046	0.054	0.323	0.071	0.065	0.111	0.035	0.057	0.263	0.055	0.045	0.04	0.087	0.034	0.073	0.037	0.07	0.057	0.208	0.035	0.09	0	0.09	0.046	0.07	0.067	0.041	0.065	0.056	0.119	0.08	0.207	0.035	0.058	0.062	0.053	0.055	0.067	0.302	0.026	0.113	0.062	0.064	0.027	0.042	0.057	0.098	0.05	0.111	0.138	0.024	0.028	0.071	0.109	0.117	0.046	0.103	0.165	0.154	0.041	0.037	0.067	0.029	0.087	0.034	0.259	0.029	0.074	0.046	0.054	0.045	0.055	0.037	0.32	0.036	0.333	0.069	0.111	0.123	0.074	0.064	0.06	0.034	0.071	0.356	0.146	0.028	0.077	0.046	0.036	0.023	0.035	0.033	0.049	0.043	0.042	0.037	0.087	0.041	0.48	0.043	0.029	0.044	0.06	0.093	0.197	0.037	0.035	0.132	0.051	0.028	0.153	0.257	0.055	0.067	0.05	0.049	0.211	0.034	0.055	0.149	0.098	0.078	0.129	0.083	0.111	0.098	0.035	0.294	0	0.067	0.159	0.124	0.065	0.054	0.153	0.056	0.124	0.043	0.157	0.216	0.034	0.146	0.044	0.03	0.146	0.051	0.044	0.208	1	0.055	0.034	0.074
GO:0002062	0.054	0.073	0.103	0.06	0.066	0.499	0.103	0.251	0.199	0.04	0.145	0.137	0.073	0.411	0.23	0.036	0.042	0.231	0.074	0.098	0.578	0.075	0.266	0.116	0.459	0.078	0.048	0.082	0.128	0.091	0.123	0.103	0.103	0.077	0.036	0.065	0.096	0.211	0.199	0.101	0.051	0.104	0.128	0.082	0.057	0.145	0.042	0.053	0.082	0.199	0.042	0.1	0.085	0.423	0.321	0.073	0.127	0.075	0.09	0.077	0.123	0.103	0.07	0.059	0.103	0.17	0.086	0.258	0.033	0.145	0.055	0.115	0.063	0.084	0.103	0.059	0.065	0.153	0	0.175	0.076	0.084	0.113	0.071	0.109	0.088	0.199	0.128	0.059	0.029	0.381	0.421	0.027	0.096	0.112	0.074	0.388	0.184	0.506	0.058	0.045	0.07	0.103	0.03	0.102	0.126	0.048	0.353	0.26	0.123	0.073	0.051	0.184	0.371	0.055	0.106	0.065	0.063	0.112	0.051	0.145	0.055	0.092	0.104	0.066	0.052	0.094	0.378	0.048	0.031	0.126	0.066	0.094	0.119	0.033	0.089	0.066	0.106	0.309	0.055	0.051	0.067	0.078	0.047	0.084	0.076	0.06	0.036	0.054	0.054	0.082	0.068	0.036	0.134	0.145	0.068	0.093	0.247	0.051	0.049	0.072	0.042	0.051	0.031	0.059	0.073	0.088	0.048	0.063	0.044	0.048	0.112	0.042	0.082	0.137	0.056	0.048	0.027	0.03	0.054	0.063	0.463	0.088	0.078	0.062	0.104	0	0.113	0.042	0.057	0.062	0.358	0.063	0.089	0.034	0.037	0.042	0.074	0.056	0.101	0.053	0.049	0.101	0.087	0.071	0.044	0.055	1	0.056	0.066
GO:0006066	0.135	0.13	0.077	0.15	0.205	0.064	0.077	0.039	0.141	0.254	0.102	0.094	0.052	0.11	0.055	0.057	0.311	0.102	0.052	0.158	0.088	0.057	0.11	0.087	0.073	0.053	0.205	0.061	0.085	0.065	0.09	0.077	0.077	0.056	0.216	0.191	0.069	0.035	0.141	0.068	0.09	0.09	0.085	0.215	0.142	0.102	0.077	0.121	0.342	0.141	0.077	0.062	0.123	0.086	0.076	0.294	0.522	0.271	0.274	0.054	0.09	0.268	0.049	0.441	0.077	0.112	0.226	0.117	0.056	0.247	0.137	0.178	0.11	0.058	0.077	0.037	0.191	0.11	0	0.117	0.195	0.058	0.193	0.194	0.076	0.219	0.141	0.085	0.088	0.167	0.041	0.068	0.049	0.069	0.192	0.06	0.073	0.126	0.07	0.04	0.312	0.059	0.077	0.058	0.063	0.083	0.128	0.063	0.08	0.09	0.049	0.09	0.126	0.072	0.035	0.073	0.168	0.11	0.192	0.09	0.102	0.089	0.065	0.09	0.102	0.138	0.411	0.048	0.181	0.18	0.097	0.205	0.062	0.085	0.062	0.063	0.102	0.281	0.072	0.123	0.09	0.043	0.058	0.081	0.057	0.126	0.047	0.182	0.139	0.321	0.342	0.268	0.218	0.11	0.247	0.298	0.061	0.044	0.09	0.032	0.048	0.077	0.09	0.18	0.441	0.049	0.237	0.343	0.11	0.073	0.181	0.192	0.063	0.342	0.094	0.277	0.181	0.041	0.058	0.035	0.047	0.092	0.057	0.055	0.171	0.048	0	0.08	0.064	0.037	0.046	0.037	0.11	0.058	0.052	0.242	0.077	0.034	0.092	0.068	0.136	0.134	0.068	0.061	0.18	0.068	0.034	0.056	1	0.102
GO:0040013	0.041	0.064	0.089	0.05	0.064	0.075	0.089	0.106	0.148	0.076	0.112	0.104	0.063	0.12	0.066	0.067	0.089	0.112	0.064	0.076	0.098	0.07	0.12	0.235	0.084	0.063	0.043	0.074	0.095	0.077	0.101	0.089	0.089	0.068	0.066	0.062	0.082	0.043	0.148	0.214	0.101	0.101	0.095	0.067	0.134	0.112	0.169	0.043	0.148	0.148	0.169	0.07	0.064	0.096	0.087	0.058	0.094	0.06	0.077	0.187	0.101	0.083	0.06	0.109	0.089	0.12	0.065	0.126	0.192	0.112	0.045	0.083	0.12	0.199	0.089	0.07	0.062	0.12	0	0.385	0.061	0.199	0.091	0.061	0.087	0.067	0.148	0.095	0.398	0.139	0.122	0.079	0.11	0.082	0.194	0.074	0.084	0.134	0.08	0.086	0.087	0.204	0.089	0.072	0.296	0.278	0.039	0.073	0.092	0.101	0.17	0.197	0.134	0.246	0.043	0.084	0.05	0.12	0.472	0.101	0.112	0.099	0.077	0.101	0.457	0.127	0.079	0.058	0.227	0.15	0.107	0.064	0.073	0.097	0.076	0.202	0.299	0.084	0.246	0.045	0.101	0.149	0.178	0.092	0.176	0.134	0.057	0.067	0.045	0.098	0.148	0.053	0.274	0.12	0.112	0.059	0.071	0.054	0.101	0.108	0.155	0.169	0.101	0.229	0.109	0.059	0.073	0.095	0.24	0.162	0.347	0.194	0.194	0.148	0.104	0.102	0.227	0.145	0.072	0.118	0.057	0.102	0.195	0.387	0.055	0.144	0	0.091	0.206	0.125	0.099	0.132	0.24	0.068	0.255	0.215	0.089	0.125	0.102	0.214	0.128	0.042	0.214	0.072	0.057	0.317	0.074	0.066	0.102	1
