	GO:0006955	GO:0030036	GO:0030029	GO:0007160	GO:0007229	GO:0033627	GO:1902531	GO:0007156	GO:0007268	GO:0006954	GO:0034097	GO:1901652	GO:0071345	GO:0072359	GO:0048870	GO:0006260	GO:0006520	GO:0022613	GO:0051336	GO:0060326	GO:0019882	GO:0006753	GO:0097435	GO:0048584	GO:0140546	GO:0016064	GO:0035329	GO:0044272	GO:0002503	GO:0002443	GO:0006418	GO:0006259	GO:0051965	GO:0090407	GO:0050727	GO:0070585	GO:0009060	GO:0009605	GO:1901137	GO:0045103	GO:0045104	GO:0006839	GO:0170039	GO:0007005	GO:0048646	GO:0007601	GO:0048699	GO:0007009	GO:0043603	GO:0006637	GO:0044283	GO:0001525	GO:0006605	GO:0044782	GO:1990542	GO:0006935	GO:0050804	GO:0051604	GO:0007187	GO:0008610	GO:0031333	GO:0060271	GO:0044092	GO:0050803	GO:0051492	GO:0030837	GO:0002764	GO:0170034	GO:0032956	GO:0046394	GO:0032970	GO:0031589	GO:0006082	GO:1902969	GO:1902904	GO:0051494	GO:0002377	GO:0006412	GO:0071826	GO:0022618	GO:0006399	GO:0140053	GO:0032535	GO:0098609	GO:0009615	GO:0170040	GO:0000963	GO:0032200	GO:0042255	GO:0006364	GO:0006790	GO:0035337	GO:0170033	GO:0045785	GO:0018057	GO:0002682	GO:0170036	GO:0040011	GO:0072594	GO:0045047	GO:0006913	GO:0016072	GO:0008361	GO:0072521	GO:0051205	GO:0003341	GO:0120035	GO:0043687	GO:0055064	GO:0055081	GO:0006606	GO:0033108	GO:0006403	GO:0015849	GO:0071346	GO:0042594	GO:0015711	GO:0050658	GO:0046148	GO:0030163	GO:0002548	GO:0006397	GO:0030488	GO:0022904	GO:0006884	GO:0032981	GO:0043484	GO:0042254	GO:0098542	GO:0006952	GO:0006457	GO:0007018	GO:0046034	GO:0071347	GO:0034612	GO:0071356	GO:0001578	GO:0070374	GO:0031667	GO:0006888	GO:0006883	GO:0036376	GO:1902476	GO:0007017	GO:0016180	GO:0006805	GO:0009410	GO:0072676	GO:1902600	GO:0070098	GO:1990868	GO:0070555	GO:0035194	GO:0072524	GO:0050776	GO:0022402	GO:0097352
GO:0006955	1	0.116	0.193	0.122	0.217	0.141	0.175	0.108	0.097	0.313	0.313	0.241	0.21	0.112	0.131	0.079	0.09	0.129	0.129	0.169	0.469	0.066	0.129	0.325	0.221	0.498	0.217	0.101	0.159	0.373	0.039	0.073	0.039	0.092	0.187	0.091	0.099	0.469	0.107	0.193	0.116	0.129	0	0.113	0.156	0.102	0.087	0.101	0.112	0.045	0.136	0.088	0.063	0.094	0.116	0.285	0.074	0.091	0.217	0.099	0.065	0.064	0.154	0.154	0.045	0.033	0.407	0	0.072	0.067	0.12	0.141	0.114	0.079	0.077	0.066	0.304	0.045	0.113	0.074	0.077	0.113	0.101	0.141	0.259	0	0.063	0.102	0.076	0.057	0.141	0.051	0	0.094	0.064	0.38	0	0.259	0.087	0.053	0.094	0.077	0.095	0.075	0.063	0.119	0.082	0.073	0.083	0.102	0.044	0.075	0.154	0.095	0.364	0.291	0.095	0.081	0.154	0.076	0.248	0.068	0.056	0.091	0.097	0.07	0.047	0.113	0.231	0.373	0.193	0.136	0.193	0.187	0.274	0.187	0.106	0.124	0.313	0.086	0.059	0.065	0.071	0.193	0.065	0.208	0.373	0.254	0.082	0.149	0.274	0.274	0.078	0.08	0.603	0.17	0.072
GO:0030036	0.116	1	0.573	0.191	0.156	0.227	0.123	0.166	0.14	0.082	0.082	0.067	0.138	0.074	0.204	0.127	0.126	0.303	0.082	0.119	0.128	0.105	0.451	0.095	0.065	0.054	0.156	0.164	0.17	0.1	0.065	0.124	0.123	0.141	0.054	0.138	0.149	0.128	0.071	0.311	0.605	0.082	0	0.531	0.108	0.063	0.138	0.334	0.179	0.074	0.091	0.063	0.104	0.456	0.193	0.081	0.116	0.062	0.156	0.067	0.223	0.299	0.1	0.1	0.384	0.303	0.136	0	0.63	0.111	0.366	0.227	0.191	0.133	0.26	0.423	0.085	0.078	0.367	0.243	0.113	0.071	0.37	0.227	0.083	0	0.094	0.443	0.348	0.132	0.227	0.079	0	0.162	0.1	0.108	0	0.174	0.126	0.087	0.148	0.113	0.319	0.126	0.224	0.187	0.255	0.115	0.05	0.063	0.076	0.344	0.1	0.057	0.097	0.082	0.057	0.056	0.1	0.053	0.103	0.1	0.089	0.143	0.282	0.297	0.076	0.252	0.072	0.1	0.311	0.221	0.128	0.12	0.071	0.12	0.532	0.084	0.082	0.143	0.092	0.112	0.112	0.311	0.095	0.168	0.1	0.142	0.127	0.106	0.071	0.071	0.132	0.135	0.072	0.281	0.229
GO:0030029	0.193	0.573	1	0.334	0.254	0.388	0.188	0.298	0.258	0.147	0.147	0.11	0.231	0.126	0.321	0.21	0.198	0.357	0.147	0.181	0.224	0.161	0.357	0.148	0.106	0.094	0.254	0.273	0.154	0.176	0.098	0.191	0.092	0.231	0.083	0.246	0.272	0.224	0.119	0.543	0.311	0.147	0	0.311	0.176	0.116	0.233	0.274	0.306	0.107	0.154	0.095	0.163	0.253	0.311	0.13	0.181	0.1	0.254	0.11	0.167	0.168	0.176	0.176	0.203	0.142	0.2	0	0.343	0.176	0.595	0.388	0.306	0.208	0.202	0.174	0.14	0.116	0.311	0.195	0.201	0.128	0.273	0.388	0.136	0	0.157	0.281	0.203	0.148	0.388	0.117	0	0.247	0.169	0.176	0	0.306	0.207	0.138	0.254	0.201	0.258	0.195	0.164	0.325	0.219	0.193	0.093	0.116	0.113	0.2	0.176	0.107	0.153	0.133	0.107	0.088	0.176	0.082	0.16	0.17	0.138	0.244	0.256	0.185	0.115	0.311	0.112	0.176	0.543	0.373	0.224	0.205	0.128	0.205	0.286	0.132	0.147	0.227	0.153	0.168	0.187	0.543	0.165	0.259	0.176	0.246	0.221	0.167	0.128	0.128	0.206	0.211	0.112	0.469	0.191
GO:0007160	0.122	0.191	0.334	1	0.147	0.56	0.113	0.382	0.127	0.082	0.082	0.063	0.127	0.071	0.203	0.116	0.115	0.198	0.082	0.109	0.138	0.094	0.198	0.097	0.062	0.048	0.147	0.157	0.081	0.103	0.054	0.114	0.056	0.13	0.05	0.125	0.137	0.138	0.068	0.334	0.191	0.082	0	0.164	0.112	0.058	0.127	0.147	0.173	0.064	0.092	0.06	0.092	0.137	0.191	0.08	0.105	0.058	0.147	0.063	0.101	0.089	0.103	0.103	0.066	0.049	0.128	0	0.112	0.099	0.197	0.837	0.188	0.123	0.12	0.098	0.085	0.067	0.164	0.109	0.098	0.067	0.157	0.56	0.083	0	0.08	0.141	0.106	0.08	0.231	0.068	0	0.378	0.086	0.112	0	0.195	0.114	0.075	0.137	0.098	0.139	0.116	0.093	0.183	0.12	0.101	0.044	0.058	0.066	0.105	0.103	0.052	0.085	0.081	0.052	0.052	0.103	0.049	0.091	0.086	0.077	0.132	0.16	0.093	0.065	0.164	0.07	0.103	0.334	0.223	0.138	0.107	0.067	0.107	0.164	0.072	0.082	0.133	0.078	0.101	0.099	0.334	0.08	0.162	0.103	0.13	0.114	0.095	0.067	0.067	0.122	0.125	0.07	0.295	0.106
GO:0007229	0.217	0.156	0.254	0.147	1	0.181	0.537	0.124	0.226	0.141	0.141	0.115	0.227	0.057	0.167	0.097	0.098	0.154	0.131	0.208	0.105	0.082	0.154	0.316	0.101	0.084	0.645	0.128	0.07	0.08	0.049	0.098	0.119	0.108	0.181	0.101	0.108	0.239	0.055	0.254	0.156	0.063	0	0.128	0.089	0.046	0.105	0.118	0.139	0.058	0.073	0.051	0.08	0.111	0.156	0.146	0.348	0.048	0.645	0.052	0.202	0.076	0.169	0.169	0.15	0.103	0.59	0	0.247	0.085	0.418	0.181	0.154	0.105	0.234	0.192	0.068	0.06	0.128	0.092	0.08	0.053	0.184	0.181	0.122	0	0.068	0.111	0.088	0.069	0.181	0.061	0	0.301	0.072	0.285	0	0.145	0.096	0.065	0.111	0.08	0.159	0.1	0.08	0.145	0.251	0.085	0.065	0.088	0.059	0.087	0.08	0.041	0.158	0.148	0.041	0.044	0.08	0.042	0.158	0.073	0.067	0.108	0.173	0.077	0.146	0.128	0.116	0.179	0.254	0.176	0.105	0.19	0.115	0.19	0.132	0.339	0.141	0.112	0.086	0.088	0.083	0.254	0.068	0.248	0.179	0.106	0.093	0.53	0.115	0.115	0.158	0.106	0.254	0.231	0.09
GO:0033627	0.141	0.227	0.388	0.56	0.181	1	0.138	0.486	0.168	0.101	0.101	0.078	0.16	0.088	0.239	0.147	0.143	0.244	0.101	0.133	0.16	0.117	0.244	0.112	0.076	0.063	0.181	0.193	0.106	0.123	0.07	0.14	0.069	0.163	0.061	0.164	0.179	0.16	0.083	0.388	0.227	0.101	0	0.208	0.13	0.076	0.161	0.186	0.214	0.08	0.11	0.071	0.116	0.173	0.227	0.095	0.131	0.071	0.181	0.078	0.124	0.116	0.123	0.123	0.084	0.061	0.152	0	0.137	0.125	0.235	0.669	0.224	0.151	0.147	0.124	0.101	0.085	0.208	0.137	0.132	0.086	0.193	0.669	0.098	0	0.106	0.184	0.138	0.103	0.276	0.086	0	0.449	0.114	0.13	0	0.221	0.145	0.097	0.174	0.132	0.176	0.143	0.117	0.225	0.152	0.132	0.06	0.076	0.083	0.136	0.123	0.069	0.108	0.097	0.069	0.064	0.123	0.06	0.115	0.115	0.098	0.168	0.191	0.124	0.083	0.208	0.083	0.123	0.388	0.266	0.16	0.139	0.086	0.139	0.201	0.093	0.101	0.164	0.104	0.124	0.128	0.388	0.109	0.193	0.123	0.167	0.149	0.119	0.086	0.086	0.15	0.154	0.083	0.342	0.135
GO:1902531	0.175	0.123	0.188	0.113	0.537	0.138	1	0.095	0.174	0.116	0.116	0.1	0.189	0.044	0.132	0.078	0.08	0.116	0.106	0.181	0.077	0.069	0.116	0.375	0.089	0.075	0.653	0.101	0.058	0.06	0.043	0.081	0.114	0.087	0.24	0.079	0.083	0.188	0.043	0.188	0.123	0.048	0	0.097	0.069	0.035	0.083	0.091	0.108	0.051	0.056	0.042	0.067	0.087	0.123	0.124	0.438	0.039	0.537	0.041	0.182	0.063	0.134	0.134	0.14	0.1	0.578	0	0.217	0.07	0.343	0.138	0.121	0.086	0.206	0.171	0.053	0.053	0.097	0.075	0.063	0.04	0.151	0.138	0.104	0	0.056	0.084	0.071	0.058	0.138	0.053	0	0.258	0.059	0.236	0	0.105	0.078	0.055	0.087	0.063	0.131	0.082	0.067	0.111	0.216	0.068	0.057	0.074	0.052	0.07	0.06	0.031	0.139	0.125	0.031	0.036	0.06	0.035	0.139	0.059	0.057	0.085	0.146	0.062	0.136	0.097	0.102	0.145	0.188	0.135	0.077	0.16	0.097	0.16	0.104	0.632	0.116	0.091	0.077	0.075	0.067	0.188	0.055	0.209	0.145	0.083	0.074	0.379	0.097	0.097	0.143	0.087	0.322	0.175	0.074
GO:0007156	0.108	0.166	0.298	0.382	0.124	0.486	0.095	1	0.099	0.069	0.069	0.053	0.103	0.06	0.179	0.095	0.096	0.166	0.069	0.092	0.123	0.078	0.166	0.087	0.052	0.038	0.124	0.132	0.064	0.089	0.043	0.096	0.046	0.108	0.042	0.099	0.108	0.123	0.057	0.298	0.166	0.069	0	0.133	0.1	0.046	0.104	0.12	0.146	0.054	0.08	0.052	0.075	0.112	0.166	0.069	0.087	0.049	0.124	0.053	0.086	0.071	0.089	0.089	0.055	0.04	0.112	0	0.094	0.081	0.171	0.486	0.163	0.104	0.101	0.08	0.073	0.055	0.133	0.089	0.074	0.055	0.132	0.726	0.072	0	0.062	0.111	0.084	0.063	0.2	0.056	0	0.329	0.066	0.1	0	0.178	0.094	0.059	0.112	0.074	0.113	0.098	0.076	0.154	0.098	0.08	0.033	0.046	0.054	0.083	0.089	0.04	0.068	0.071	0.04	0.044	0.089	0.041	0.074	0.066	0.062	0.108	0.139	0.072	0.052	0.133	0.061	0.089	0.298	0.194	0.123	0.085	0.055	0.085	0.138	0.057	0.069	0.113	0.06	0.086	0.078	0.298	0.06	0.141	0.089	0.105	0.09	0.077	0.055	0.055	0.103	0.106	0.061	0.263	0.087
GO:0007268	0.097	0.14	0.258	0.127	0.226	0.168	0.174	0.099	1	0.058	0.058	0.046	0.08	0.051	0.154	0.073	0.077	0.134	0.058	0.075	0.11	0.062	0.134	0.078	0.045	0.031	0.226	0.107	0.046	0.078	0.032	0.078	0.037	0.085	0.036	0.073	0.079	0.11	0.049	0.258	0.14	0.058	0	0.102	0.09	0.037	0.08	0.092	0.118	0.043	0.07	0.046	0.059	0.086	0.14	0.061	0.653	0.042	0.226	0.046	0.07	0.052	0.078	0.078	0.043	0.031	0.211	0	0.077	0.063	0.144	0.168	0.138	0.084	0.082	0.062	0.065	0.043	0.102	0.069	0.051	0.045	0.107	0.168	0.063	0	0.043	0.081	0.062	0.047	0.168	0.044	0	0.114	0.047	0.09	0	0.162	0.072	0.044	0.086	0.051	0.087	0.08	0.059	0.124	0.076	0.059	0.025	0.037	0.042	0.061	0.078	0.031	0.051	0.062	0.031	0.038	0.078	0.036	0.058	0.047	0.047	0.083	0.118	0.05	0.04	0.102	0.054	0.078	0.258	0.162	0.11	0.062	0.045	0.062	0.111	0.097	0.058	0.091	0.043	0.07	0.058	0.258	0.041	0.119	0.078	0.08	0.066	0.136	0.045	0.045	0.084	0.086	0.054	0.229	0.067
GO:0006954	0.313	0.082	0.147	0.082	0.141	0.101	0.116	0.069	0.058	1	0.21	0.161	0.132	0.075	0.099	0.05	0.064	0.087	0.087	0.112	0.147	0.044	0.087	0.246	0.415	0.123	0.141	0.068	0.041	0.11	0.023	0.049	0.026	0.061	0.523	0.054	0.06	0.357	0.071	0.147	0.082	0.087	0	0.071	0.119	0.061	0.055	0.064	0.075	0.03	0.097	0.062	0.039	0.059	0.082	0.203	0.049	0.061	0.141	0.066	0.043	0.038	0.11	0.11	0.028	0.02	0.119	0	0.048	0.042	0.085	0.101	0.081	0.053	0.051	0.042	0.089	0.028	0.071	0.046	0.044	0.071	0.068	0.101	0.173	0	0.038	0.061	0.046	0.034	0.101	0.034	0	0.067	0.037	0.119	0	0.21	0.058	0.032	0.059	0.044	0.06	0.05	0.039	0.08	0.052	0.043	0.046	0.061	0.028	0.045	0.11	0.055	0.246	0.381	0.055	0.054	0.11	0.051	0.094	0.041	0.035	0.057	0.069	0.04	0.029	0.071	0.455	0.812	0.147	0.097	0.147	0.112	0.173	0.112	0.071	0.074	0.21	0.057	0.033	0.043	0.042	0.147	0.037	0.139	0.267	0.07	0.049	0.091	0.173	0.173	0.052	0.054	0.176	0.129	0.046
GO:0034097	0.313	0.082	0.147	0.082	0.141	0.101	0.116	0.069	0.058	0.21	1	0.462	0.63	0.075	0.099	0.05	0.064	0.087	0.087	0.207	0.147	0.044	0.087	0.246	0.143	0.123	0.141	0.068	0.041	0.11	0.023	0.049	0.026	0.061	0.125	0.054	0.06	0.357	0.071	0.147	0.082	0.087	0	0.071	0.119	0.061	0.055	0.064	0.075	0.03	0.097	0.062	0.039	0.059	0.082	0.373	0.049	0.061	0.141	0.066	0.043	0.038	0.11	0.11	0.028	0.02	0.119	0	0.048	0.042	0.085	0.101	0.081	0.053	0.051	0.042	0.089	0.028	0.071	0.046	0.044	0.071	0.068	0.101	0.173	0	0.038	0.061	0.046	0.034	0.101	0.034	0	0.067	0.037	0.119	0	0.21	0.058	0.032	0.059	0.044	0.06	0.05	0.039	0.08	0.052	0.043	0.046	0.061	0.028	0.045	0.11	0.055	0.404	0.207	0.055	0.054	0.11	0.051	0.163	0.041	0.035	0.057	0.069	0.04	0.029	0.071	0.158	0.267	0.147	0.097	0.147	0.532	0.825	0.532	0.071	0.074	0.21	0.057	0.033	0.043	0.042	0.147	0.037	0.238	0.491	0.07	0.049	0.381	0.825	0.825	0.052	0.054	0.176	0.129	0.046
GO:1901652	0.241	0.067	0.11	0.063	0.115	0.078	0.1	0.053	0.046	0.161	0.462	1	0.306	0.06	0.081	0.041	0.054	0.066	0.066	0.178	0.11	0.038	0.066	0.2	0.117	0.099	0.115	0.055	0.035	0.083	0.021	0.042	0.024	0.051	0.106	0.043	0.047	0.267	0.057	0.11	0.067	0.066	0	0.055	0.093	0.048	0.045	0.05	0.06	0.027	0.076	0.053	0.034	0.048	0.067	0.301	0.042	0.05	0.115	0.054	0.037	0.032	0.083	0.083	0.025	0.019	0.102	0	0.041	0.036	0.068	0.078	0.066	0.044	0.043	0.036	0.071	0.025	0.055	0.039	0.036	0.055	0.055	0.078	0.139	0	0.032	0.048	0.038	0.029	0.078	0.03	0	0.056	0.031	0.093	0	0.153	0.048	0.028	0.048	0.036	0.048	0.042	0.034	0.062	0.043	0.036	0.037	0.048	0.025	0.037	0.083	0.042	0.209	0.166	0.042	0.045	0.083	0.043	0.141	0.034	0.031	0.046	0.057	0.033	0.026	0.055	0.131	0.203	0.11	0.076	0.11	0.257	0.379	0.257	0.057	0.065	0.161	0.048	0.028	0.037	0.035	0.11	0.031	0.198	0.373	0.056	0.04	0.195	0.379	0.379	0.044	0.045	0.146	0.099	0.038
GO:0071345	0.21	0.138	0.231	0.127	0.227	0.16	0.189	0.103	0.08	0.132	0.63	0.306	1	0.049	0.15	0.08	0.083	0.132	0.055	0.36	0.095	0.069	0.132	0.175	0.095	0.077	0.227	0.11	0.055	0.071	0.039	0.084	0.043	0.091	0.088	0.081	0.087	0.231	0.047	0.231	0.138	0.055	0	0.107	0.081	0.037	0.087	0.098	0.119	0.049	0.064	0.045	0.066	0.092	0.138	0.256	0.076	0.041	0.227	0.045	0.076	0.061	0.071	0.071	0.049	0.037	0.21	0	0.082	0.07	0.141	0.16	0.136	0.09	0.088	0.07	0.06	0.05	0.107	0.076	0.062	0.044	0.11	0.16	0.114	0	0.053	0.089	0.071	0.055	0.16	0.051	0	0.116	0.057	0.081	0	0.135	0.08	0.052	0.093	0.062	0.094	0.085	0.066	0.124	0.083	0.068	0.027	0.037	0.049	0.07	0.071	0.032	0.652	0.141	0.032	0.038	0.071	0.036	0.258	0.057	0.055	0.09	0.119	0.061	0.047	0.107	0.11	0.171	0.231	0.156	0.095	0.825	0.507	0.825	0.114	0.118	0.132	0.096	0.052	0.076	0.067	0.231	0.052	0.394	0.315	0.087	0.075	0.609	0.507	0.507	0.089	0.091	0.124	0.21	0.075
GO:0072359	0.112	0.074	0.126	0.071	0.057	0.088	0.044	0.06	0.051	0.075	0.075	0.06	0.049	1	0.089	0.045	0.058	0.075	0.075	0.043	0.126	0.041	0.075	0.091	0.058	0.045	0.057	0.061	0.038	0.095	0.022	0.045	0.223	0.056	0.047	0.048	0.052	0.126	0.063	0.126	0.074	0.075	0	0.062	0.394	0.13	0.484	0.056	0.067	0.028	0.085	0.554	0.036	0.053	0.074	0.075	0.045	0.055	0.057	0.06	0.04	0.035	0.095	0.095	0.027	0.02	0.051	0	0.044	0.039	0.076	0.088	0.073	0.048	0.047	0.038	0.079	0.027	0.062	0.042	0.04	0.062	0.061	0.088	0.077	0	0.035	0.054	0.041	0.031	0.088	0.032	0	0.061	0.034	0.105	0	0.177	0.052	0.029	0.053	0.04	0.054	0.046	0.037	0.07	0.047	0.039	0.041	0.054	0.026	0.041	0.095	0.048	0.036	0.076	0.048	0.049	0.095	0.047	0.042	0.037	0.033	0.051	0.063	0.036	0.028	0.062	0.066	0.095	0.126	0.085	0.126	0.042	0.062	0.042	0.063	0.028	0.075	0.052	0.031	0.04	0.038	0.126	0.034	0.063	0.095	0.062	0.044	0.037	0.062	0.062	0.048	0.049	0.066	0.112	0.042
GO:0048870	0.131	0.204	0.321	0.203	0.167	0.239	0.132	0.179	0.154	0.099	0.099	0.081	0.15	0.089	1	0.139	0.136	0.213	0.099	0.568	0.145	0.115	0.213	0.109	0.079	0.069	0.167	0.176	0.105	0.117	0.073	0.134	0.071	0.152	0.066	0.23	0.162	0.145	0.086	0.321	0.204	0.213	0	0.185	0.123	0.08	0.15	0.169	0.191	0.081	0.107	0.074	0.174	0.16	0.287	0.23	0.126	0.075	0.167	0.081	0.12	0.113	0.117	0.117	0.085	0.063	0.145	0	0.131	0.121	0.21	0.239	0.202	0.143	0.14	0.12	0.1	0.086	0.185	0.131	0.126	0.088	0.176	0.239	0.098	0	0.105	0.166	0.131	0.102	0.239	0.087	0	0.172	0.112	0.123	0	0.461	0.22	0.147	0.244	0.126	0.162	0.136	0.174	0.351	0.143	0.126	0.066	0.08	0.128	0.13	0.255	0.153	0.107	0.096	0.153	0.146	0.117	0.065	0.473	0.112	0.098	0.155	0.176	0.119	0.084	0.185	0.085	0.117	0.321	0.412	0.145	0.132	0.088	0.132	0.182	0.094	0.099	0.235	0.103	0.171	0.179	0.321	0.107	0.178	0.117	0.668	0.203	0.116	0.088	0.088	0.142	0.145	0.085	0.291	0.129
GO:0006260	0.079	0.127	0.21	0.116	0.097	0.147	0.078	0.095	0.073	0.05	0.05	0.041	0.08	0.045	0.139	1	0.251	0.121	0.05	0.076	0.086	0.212	0.121	0.067	0.04	0.029	0.097	0.455	0.052	0.064	0.421	0.4	0.042	0.455	0.034	0.075	0.195	0.086	0.383	0.21	0.127	0.05	0	0.098	0.075	0.034	0.081	0.09	0.266	0.153	0.264	0.042	0.062	0.085	0.127	0.053	0.071	0.228	0.097	0.364	0.072	0.058	0.064	0.064	0.047	0.036	0.093	0	0.078	0.412	0.131	0.147	0.401	0.613	0.082	0.066	0.227	0.535	0.098	0.071	0.239	0.267	0.102	0.147	0.054	0	0.218	0.082	0.066	0.186	0.357	0.161	0	0.109	0.269	0.075	0	0.122	0.074	0.05	0.086	0.239	0.086	0.255	0.063	0.114	0.077	0.322	0.025	0.034	0.047	0.065	0.064	0.029	0.056	0.054	0.029	0.035	0.156	0.199	0.062	0.231	0.254	0.202	0.111	0.057	0.18	0.098	0.048	0.064	0.21	0.143	0.21	0.067	0.04	0.067	0.105	0.048	0.05	0.09	0.049	0.072	0.062	0.21	0.205	0.273	0.064	0.08	0.07	0.064	0.04	0.04	0.187	0.27	0.048	0.192	0.155
GO:0006520	0.09	0.126	0.198	0.115	0.098	0.143	0.08	0.096	0.077	0.064	0.064	0.054	0.083	0.058	0.136	0.251	1	0.119	0.064	0.078	0.097	0.404	0.119	0.077	0.053	0.043	0.098	0.248	0.056	0.077	0.464	0.39	0.044	0.296	0.045	0.078	0.201	0.097	0.231	0.198	0.126	0.064	0	0.098	0.085	0.049	0.083	0.092	0.364	0.327	0.271	0.053	0.066	0.087	0.126	0.065	0.074	0.474	0.098	0.331	0.074	0.061	0.077	0.077	0.051	0.039	0.094	0	0.08	0.517	0.128	0.143	0.623	0.197	0.084	0.069	0.204	0.327	0.098	0.074	0.345	0.222	0.102	0.143	0.066	0	0.301	0.084	0.069	0.266	0.347	0.338	0	0.109	0.377	0.085	0	0.129	0.077	0.053	0.088	0.345	0.088	0.453	0.066	0.113	0.08	0.433	0.04	0.049	0.05	0.069	0.077	0.045	0.06	0.066	0.045	0.047	0.187	0.418	0.065	0.318	0.269	0.207	0.111	0.061	0.255	0.098	0.059	0.077	0.198	0.14	0.236	0.07	0.055	0.07	0.105	0.052	0.064	0.091	0.054	0.074	0.066	0.198	0.295	0.271	0.077	0.083	0.073	0.067	0.055	0.055	0.18	0.478	0.059	0.183	0.163
GO:0022613	0.129	0.303	0.357	0.198	0.154	0.244	0.116	0.166	0.134	0.087	0.087	0.066	0.132	0.075	0.213	0.121	0.119	1	0.087	0.112	0.147	0.097	0.387	0.101	0.065	0.051	0.154	0.165	0.232	0.11	0.056	0.118	0.152	0.136	0.051	0.132	0.145	0.147	0.071	0.357	0.303	0.087	0	0.319	0.119	0.061	0.133	0.284	0.183	0.066	0.097	0.062	0.095	0.264	0.2	0.083	0.108	0.061	0.154	0.066	0.272	0.281	0.11	0.11	0.19	0.129	0.132	0	0.181	0.103	0.207	0.244	0.197	0.128	0.214	0.176	0.089	0.069	0.319	0.537	0.102	0.071	0.303	0.244	0.087	0	0.083	0.274	0.526	0.39	0.244	0.07	0	0.162	0.089	0.119	0	0.21	0.119	0.077	0.144	0.102	0.269	0.121	0.176	0.193	0.218	0.106	0.046	0.061	0.067	0.319	0.11	0.055	0.087	0.085	0.055	0.054	0.11	0.051	0.094	0.089	0.079	0.139	0.253	0.285	0.066	0.825	0.073	0.11	0.357	0.236	0.147	0.112	0.071	0.112	0.269	0.074	0.087	0.139	0.081	0.104	0.103	0.357	0.083	0.169	0.11	0.137	0.119	0.098	0.071	0.071	0.127	0.13	0.073	0.313	0.192
GO:0051336	0.129	0.082	0.147	0.082	0.131	0.101	0.106	0.069	0.058	0.087	0.087	0.066	0.055	0.075	0.099	0.05	0.064	0.087	1	0.046	0.147	0.044	0.087	0.197	0.065	0.051	0.131	0.068	0.041	0.11	0.023	0.049	0.053	0.061	0.114	0.054	0.06	0.147	0.071	0.147	0.082	0.087	0	0.071	0.119	0.061	0.055	0.064	0.075	0.03	0.097	0.062	0.039	0.059	0.082	0.083	0.108	0.061	0.131	0.066	0.089	0.038	0.491	0.267	0.063	0.043	0.109	0	0.105	0.042	0.186	0.101	0.081	0.053	0.106	0.089	0.089	0.028	0.071	0.046	0.044	0.071	0.165	0.101	0.087	0	0.038	0.061	0.046	0.034	0.101	0.034	0	0.133	0.037	0.254	0	0.21	0.058	0.032	0.059	0.044	0.146	0.05	0.039	0.08	0.116	0.043	0.112	0.149	0.028	0.045	0.11	0.055	0.039	0.085	0.055	0.054	0.11	0.051	0.046	0.041	0.035	0.057	0.137	0.04	0.066	0.071	0.073	0.11	0.147	0.097	0.147	0.046	0.071	0.046	0.071	0.067	0.087	0.057	0.075	0.043	0.042	0.147	0.037	0.069	0.11	0.07	0.049	0.086	0.071	0.071	0.098	0.054	0.158	0.129	0.046
GO:0060326	0.169	0.119	0.181	0.109	0.208	0.133	0.181	0.092	0.075	0.112	0.207	0.178	0.36	0.043	0.568	0.076	0.078	0.112	0.046	1	0.075	0.067	0.112	0.147	0.134	0.073	0.208	0.098	0.056	0.058	0.042	0.079	0.045	0.084	0.141	0.112	0.08	0.318	0.042	0.181	0.119	0.103	0	0.094	0.067	0.034	0.081	0.088	0.104	0.051	0.054	0.041	0.097	0.085	0.159	0.606	0.073	0.038	0.208	0.04	0.073	0.061	0.058	0.058	0.051	0.04	0.198	0	0.078	0.069	0.121	0.133	0.118	0.084	0.082	0.068	0.051	0.052	0.094	0.073	0.062	0.039	0.098	0.133	0.16	0	0.055	0.082	0.069	0.056	0.133	0.052	0	0.104	0.058	0.067	0	0.246	0.12	0.079	0.126	0.062	0.085	0.08	0.097	0.184	0.078	0.067	0.026	0.034	0.075	0.068	0.13	0.063	0.291	0.18	0.063	0.077	0.058	0.034	0.744	0.058	0.056	0.083	0.106	0.061	0.049	0.094	0.152	0.14	0.181	0.227	0.075	0.308	0.173	0.308	0.1	0.123	0.193	0.132	0.054	0.098	0.09	0.181	0.054	0.367	0.257	0.394	0.098	0.256	0.173	0.173	0.083	0.085	0.11	0.169	0.072
GO:0019882	0.469	0.128	0.224	0.138	0.105	0.16	0.077	0.123	0.11	0.147	0.147	0.11	0.095	0.126	0.145	0.086	0.097	0.147	0.147	0.075	1	0.07	0.147	0.148	0.106	0.227	0.105	0.112	0.314	0.428	0.04	0.079	0.04	0.101	0.083	0.101	0.112	0.224	0.119	0.224	0.128	0.147	0	0.128	0.176	0.116	0.096	0.113	0.126	0.047	0.154	0.095	0.067	0.104	0.128	0.13	0.079	0.1	0.105	0.11	0.069	0.069	0.176	0.176	0.047	0.034	0.185	0	0.077	0.073	0.133	0.16	0.126	0.086	0.083	0.072	0.339	0.048	0.128	0.08	0.085	0.128	0.112	0.16	0.136	0	0.068	0.116	0.084	0.061	0.16	0.054	0	0.102	0.07	0.427	0	0.306	0.094	0.057	0.104	0.085	0.106	0.08	0.067	0.134	0.09	0.079	0.093	0.116	0.046	0.083	0.176	0.107	0.161	0.133	0.107	0.088	0.176	0.082	0.178	0.074	0.059	0.1	0.105	0.076	0.05	0.128	0.112	0.176	0.224	0.154	0.224	0.085	0.128	0.085	0.118	0.054	0.147	0.093	0.063	0.069	0.077	0.224	0.071	0.107	0.176	0.282	0.091	0.069	0.128	0.128	0.085	0.087	0.272	0.193	0.078
GO:0006753	0.066	0.105	0.161	0.094	0.082	0.117	0.069	0.078	0.062	0.044	0.044	0.038	0.069	0.041	0.115	0.212	0.404	0.097	0.044	0.067	0.07	1	0.097	0.058	0.037	0.029	0.082	0.207	0.048	0.054	0.311	0.544	0.04	0.431	0.033	0.064	0.163	0.07	0.177	0.161	0.105	0.044	0	0.08	0.063	0.032	0.069	0.075	0.369	0.62	0.228	0.039	0.056	0.072	0.105	0.047	0.063	0.256	0.082	0.236	0.064	0.052	0.054	0.054	0.044	0.035	0.081	0	0.069	0.254	0.107	0.117	0.442	0.168	0.072	0.058	0.153	0.24	0.08	0.063	0.461	0.164	0.085	0.117	0.048	0	0.405	0.068	0.058	0.35	0.285	0.62	0	0.093	0.22	0.063	0	0.095	0.065	0.046	0.072	0.461	0.073	0.561	0.056	0.093	0.067	0.257	0.025	0.032	0.044	0.057	0.054	0.028	0.051	0.048	0.028	0.034	0.132	0.23	0.056	0.425	0.347	0.172	0.094	0.05	0.36	0.08	0.043	0.054	0.161	0.115	0.171	0.058	0.037	0.058	0.087	0.045	0.044	0.077	0.045	0.064	0.055	0.161	0.387	0.231	0.054	0.068	0.06	0.057	0.037	0.037	0.146	0.516	0.043	0.151	0.138
GO:0097435	0.129	0.451	0.357	0.198	0.154	0.244	0.116	0.166	0.134	0.087	0.087	0.066	0.132	0.075	0.213	0.121	0.119	0.387	0.087	0.112	0.147	0.097	1	0.101	0.065	0.051	0.154	0.165	0.232	0.11	0.056	0.118	0.152	0.136	0.051	0.132	0.145	0.147	0.071	0.357	0.451	0.087	0	0.527	0.119	0.061	0.133	0.47	0.183	0.066	0.097	0.062	0.095	0.437	0.2	0.083	0.108	0.061	0.154	0.066	0.285	0.281	0.11	0.11	0.268	0.212	0.132	0	0.274	0.103	0.207	0.244	0.197	0.128	0.522	0.282	0.089	0.069	0.527	0.327	0.102	0.071	0.501	0.244	0.087	0	0.083	0.453	0.336	0.151	0.244	0.07	0	0.162	0.089	0.119	0	0.21	0.119	0.077	0.144	0.102	0.444	0.121	0.291	0.193	0.35	0.106	0.046	0.061	0.067	0.332	0.11	0.055	0.087	0.085	0.055	0.054	0.11	0.051	0.094	0.089	0.079	0.139	0.375	0.294	0.066	0.319	0.073	0.11	0.357	0.236	0.147	0.112	0.071	0.112	0.407	0.074	0.087	0.139	0.081	0.104	0.103	0.357	0.083	0.169	0.11	0.137	0.119	0.098	0.071	0.071	0.127	0.13	0.073	0.313	0.308
GO:0048584	0.325	0.095	0.148	0.097	0.316	0.112	0.375	0.087	0.078	0.246	0.246	0.2	0.175	0.091	0.109	0.067	0.077	0.101	0.197	0.147	0.148	0.058	0.101	1	0.184	0.169	0.316	0.084	0.057	0.12	0.035	0.063	0.148	0.077	0.398	0.074	0.079	0.36	0.087	0.148	0.095	0.101	0	0.089	0.126	0.081	0.072	0.082	0.091	0.041	0.109	0.075	0.055	0.077	0.095	0.234	0.187	0.076	0.316	0.082	0.154	0.055	0.24	0.24	0.117	0.082	0.363	0	0.183	0.058	0.294	0.112	0.094	0.068	0.179	0.155	0.102	0.041	0.089	0.063	0.064	0.089	0.162	0.112	0.212	0	0.055	0.081	0.064	0.05	0.112	0.046	0	0.33	0.055	0.385	0	0.194	0.073	0.047	0.077	0.064	0.147	0.065	0.055	0.095	0.199	0.061	0.12	0.15	0.04	0.063	0.12	0.076	0.131	0.238	0.076	0.069	0.12	0.066	0.131	0.058	0.049	0.075	0.14	0.059	0.122	0.089	0.194	0.291	0.148	0.109	0.148	0.157	0.217	0.157	0.087	0.41	0.246	0.073	0.086	0.057	0.06	0.148	0.055	0.176	0.291	0.086	0.068	0.224	0.217	0.217	0.163	0.069	0.526	0.134	0.062
GO:0140546	0.221	0.065	0.106	0.062	0.101	0.076	0.089	0.052	0.045	0.415	0.143	0.117	0.095	0.058	0.079	0.04	0.053	0.065	0.065	0.134	0.106	0.037	0.065	0.184	1	0.085	0.101	0.054	0.034	0.081	0.02	0.041	0.023	0.049	0.308	0.042	0.045	0.424	0.056	0.106	0.065	0.065	0	0.054	0.091	0.046	0.044	0.049	0.058	0.027	0.074	0.052	0.033	0.046	0.065	0.23	0.041	0.049	0.101	0.053	0.037	0.032	0.081	0.081	0.025	0.019	0.093	0	0.04	0.035	0.067	0.076	0.064	0.044	0.043	0.035	0.069	0.025	0.054	0.038	0.035	0.054	0.054	0.076	0.59	0	0.031	0.046	0.037	0.029	0.076	0.03	0	0.055	0.03	0.091	0	0.148	0.047	0.027	0.047	0.035	0.047	0.042	0.033	0.061	0.042	0.035	0.036	0.046	0.024	0.036	0.081	0.041	0.454	0.336	0.041	0.044	0.081	0.042	0.104	0.034	0.03	0.045	0.056	0.032	0.026	0.054	0.899	0.534	0.106	0.074	0.106	0.079	0.117	0.079	0.055	0.056	0.241	0.047	0.028	0.037	0.035	0.106	0.031	0.103	0.182	0.055	0.039	0.068	0.117	0.117	0.043	0.044	0.132	0.097	0.038
GO:0016064	0.498	0.054	0.094	0.048	0.084	0.063	0.075	0.038	0.031	0.123	0.123	0.099	0.077	0.045	0.069	0.029	0.043	0.051	0.051	0.073	0.227	0.029	0.051	0.169	0.085	1	0.084	0.042	0.06	0.498	0.014	0.031	0.018	0.038	0.08	0.029	0.031	0.227	0.043	0.094	0.054	0.051	0	0.039	0.079	0.032	0.032	0.036	0.045	0.02	0.061	0.042	0.024	0.034	0.054	0.131	0.032	0.038	0.084	0.041	0.028	0.022	0.067	0.067	0.018	0.013	0.181	0	0.031	0.026	0.055	0.063	0.053	0.034	0.033	0.025	0.139	0.018	0.039	0.028	0.023	0.039	0.042	0.063	0.105	0	0.021	0.032	0.025	0.019	0.063	0.023	0	0.045	0.019	0.192	0	0.136	0.036	0.018	0.034	0.023	0.034	0.032	0.024	0.047	0.03	0.024	0.022	0.032	0.018	0.025	0.067	0.027	0.14	0.134	0.027	0.034	0.067	0.033	0.1	0.023	0.022	0.033	0.046	0.021	0.019	0.039	0.102	0.164	0.094	0.061	0.094	0.061	0.096	0.061	0.043	0.043	0.123	0.036	0.018	0.028	0.024	0.094	0.02	0.088	0.164	0.103	0.027	0.053	0.096	0.096	0.033	0.034	0.284	0.085	0.027
GO:0035329	0.217	0.156	0.254	0.147	0.645	0.181	0.653	0.124	0.226	0.141	0.141	0.115	0.227	0.057	0.167	0.097	0.098	0.154	0.131	0.208	0.105	0.082	0.154	0.316	0.101	0.084	1	0.128	0.07	0.08	0.049	0.098	0.119	0.108	0.181	0.101	0.108	0.239	0.055	0.254	0.156	0.063	0	0.128	0.089	0.046	0.105	0.118	0.139	0.058	0.073	0.051	0.08	0.111	0.156	0.146	0.348	0.048	0.645	0.052	0.202	0.076	0.169	0.169	0.15	0.103	0.59	0	0.247	0.085	0.418	0.181	0.154	0.105	0.234	0.192	0.068	0.06	0.128	0.092	0.08	0.053	0.184	0.181	0.122	0	0.068	0.111	0.088	0.069	0.181	0.061	0	0.301	0.072	0.285	0	0.145	0.096	0.065	0.111	0.08	0.159	0.1	0.08	0.145	0.251	0.085	0.065	0.088	0.059	0.087	0.08	0.041	0.158	0.148	0.041	0.044	0.08	0.042	0.158	0.073	0.067	0.108	0.173	0.077	0.146	0.128	0.116	0.179	0.254	0.176	0.105	0.19	0.115	0.19	0.132	0.414	0.141	0.112	0.086	0.088	0.083	0.254	0.068	0.248	0.179	0.106	0.093	0.432	0.115	0.115	0.158	0.106	0.254	0.231	0.09
GO:0044272	0.101	0.164	0.273	0.157	0.128	0.193	0.101	0.132	0.107	0.068	0.068	0.055	0.11	0.061	0.176	0.455	0.248	0.165	0.068	0.098	0.112	0.207	0.165	0.084	0.054	0.042	0.128	1	0.073	0.085	0.226	0.248	0.053	0.381	0.044	0.107	0.28	0.112	0.26	0.273	0.164	0.068	0	0.137	0.095	0.049	0.111	0.125	0.358	0.213	0.346	0.053	0.083	0.117	0.164	0.068	0.094	0.123	0.128	0.245	0.092	0.08	0.085	0.085	0.062	0.046	0.116	0	0.1	0.396	0.169	0.193	0.394	0.331	0.107	0.088	0.135	0.279	0.137	0.096	0.205	0.137	0.135	0.193	0.071	0	0.173	0.118	0.093	0.157	0.701	0.219	0	0.138	0.184	0.095	0	0.157	0.101	0.068	0.118	0.205	0.119	0.253	0.083	0.154	0.105	0.216	0.037	0.049	0.061	0.092	0.085	0.043	0.076	0.07	0.043	0.046	0.207	0.106	0.082	0.185	0.169	0.277	0.141	0.081	0.145	0.137	0.061	0.085	0.273	0.188	0.273	0.093	0.056	0.093	0.14	0.065	0.068	0.117	0.07	0.092	0.087	0.273	0.172	0.346	0.085	0.112	0.099	0.085	0.056	0.056	0.152	0.27	0.061	0.246	0.213
GO:0002503	0.159	0.17	0.154	0.081	0.07	0.106	0.058	0.064	0.046	0.041	0.041	0.035	0.055	0.038	0.105	0.052	0.056	0.232	0.041	0.056	0.314	0.048	0.232	0.057	0.034	0.06	0.07	0.073	1	0.128	0.027	0.058	0.117	0.06	0.03	0.049	0.052	0.07	0.037	0.154	0.17	0.041	0	0.176	0.062	0.028	0.056	0.164	0.077	0.035	0.049	0.037	0.044	0.157	0.094	0.045	0.051	0.033	0.07	0.035	0.319	0.192	0.053	0.053	0.133	0.177	0.11	0	0.105	0.047	0.096	0.106	0.093	0.062	0.142	0.108	0.113	0.035	0.269	0.427	0.035	0.033	0.201	0.106	0.046	0	0.032	0.137	0.216	0.094	0.106	0.035	0	0.082	0.034	0.151	0	0.098	0.052	0.034	0.058	0.035	0.159	0.059	0.121	0.08	0.124	0.042	0.021	0.028	0.034	0.405	0.053	0.024	0.071	0.045	0.024	0.031	0.053	0.029	0.083	0.034	0.037	0.057	0.151	0.329	0.032	0.176	0.041	0.053	0.154	0.104	0.07	0.044	0.033	0.044	0.137	0.033	0.041	0.065	0.032	0.054	0.042	0.154	0.03	0.085	0.053	0.106	0.046	0.045	0.033	0.033	0.061	0.062	0.1	0.143	0.169
GO:0002443	0.373	0.1	0.176	0.103	0.08	0.123	0.06	0.089	0.078	0.11	0.11	0.083	0.071	0.095	0.117	0.064	0.077	0.11	0.11	0.058	0.428	0.054	0.11	0.12	0.081	0.498	0.08	0.085	0.128	1	0.03	0.061	0.032	0.077	0.064	0.073	0.08	0.176	0.09	0.176	0.1	0.11	0	0.093	0.141	0.082	0.071	0.083	0.095	0.037	0.119	0.075	0.05	0.077	0.1	0.102	0.061	0.076	0.08	0.083	0.053	0.05	0.135	0.135	0.036	0.026	0.145	0	0.059	0.054	0.104	0.123	0.099	0.066	0.064	0.054	0.264	0.036	0.093	0.06	0.06	0.093	0.085	0.123	0.106	0	0.05	0.082	0.06	0.045	0.123	0.042	0	0.081	0.05	0.342	0	0.246	0.072	0.042	0.077	0.06	0.078	0.062	0.051	0.101	0.067	0.058	0.064	0.082	0.035	0.06	0.135	0.075	0.121	0.104	0.075	0.067	0.135	0.063	0.137	0.054	0.045	0.074	0.083	0.054	0.037	0.093	0.088	0.135	0.176	0.119	0.176	0.061	0.093	0.061	0.089	0.04	0.11	0.071	0.045	0.053	0.056	0.176	0.05	0.084	0.135	0.214	0.065	0.052	0.093	0.093	0.065	0.067	0.214	0.154	0.059
GO:0006418	0.039	0.065	0.098	0.054	0.049	0.07	0.043	0.043	0.032	0.023	0.023	0.021	0.039	0.022	0.073	0.421	0.464	0.056	0.023	0.042	0.04	0.311	0.056	0.035	0.02	0.014	0.049	0.226	0.027	0.03	1	0.442	0.027	0.238	0.018	0.034	0.086	0.04	0.194	0.098	0.065	0.023	0	0.044	0.037	0.015	0.04	0.042	0.296	0.284	0.177	0.024	0.034	0.041	0.065	0.027	0.038	0.36	0.049	0.231	0.041	0.029	0.03	0.03	0.028	0.023	0.054	0	0.043	0.357	0.066	0.07	0.321	0.251	0.045	0.035	0.177	0.806	0.044	0.037	0.46	0.209	0.051	0.07	0.027	0	0.343	0.036	0.032	0.32	0.171	0.258	0	0.059	0.273	0.037	0	0.056	0.038	0.027	0.041	0.374	0.041	0.387	0.034	0.054	0.039	0.329	0.011	0.015	0.028	0.032	0.03	0.012	0.03	0.027	0.012	0.019	0.073	0.271	0.034	0.356	0.369	0.098	0.06	0.027	0.318	0.044	0.025	0.03	0.098	0.07	0.098	0.032	0.018	0.032	0.051	0.026	0.023	0.047	0.025	0.041	0.031	0.098	0.345	0.147	0.03	0.038	0.033	0.034	0.018	0.018	0.143	0.361	0.025	0.094	0.079
GO:0006259	0.073	0.124	0.191	0.114	0.098	0.14	0.081	0.096	0.078	0.049	0.049	0.042	0.084	0.045	0.134	0.4	0.39	0.118	0.049	0.079	0.079	0.544	0.118	0.063	0.041	0.031	0.098	0.248	0.058	0.061	0.442	1	0.046	0.282	0.035	0.08	0.204	0.079	0.181	0.191	0.124	0.049	0	0.099	0.07	0.035	0.084	0.092	0.43	0.39	0.137	0.043	0.067	0.088	0.124	0.052	0.075	0.347	0.098	0.245	0.075	0.063	0.061	0.061	0.052	0.041	0.094	0	0.081	0.222	0.127	0.14	0.389	0.292	0.085	0.07	0.231	0.375	0.099	0.076	0.666	0.265	0.102	0.14	0.053	0	0.581	0.086	0.071	0.494	0.34	0.388	0	0.108	0.368	0.07	0	0.107	0.078	0.056	0.088	0.666	0.089	0.612	0.068	0.113	0.081	0.429	0.028	0.035	0.052	0.071	0.061	0.032	0.062	0.052	0.032	0.036	0.147	0.309	0.067	0.612	0.547	0.21	0.11	0.063	0.49	0.099	0.047	0.061	0.191	0.137	0.191	0.072	0.041	0.072	0.105	0.054	0.049	0.092	0.056	0.075	0.068	0.191	0.556	0.27	0.061	0.084	0.075	0.069	0.041	0.041	0.203	0.566	0.047	0.178	0.168
GO:0051965	0.039	0.123	0.092	0.056	0.119	0.069	0.114	0.046	0.037	0.026	0.026	0.024	0.043	0.223	0.071	0.042	0.044	0.152	0.053	0.045	0.04	0.04	0.152	0.148	0.023	0.018	0.119	0.053	0.117	0.032	0.027	0.046	1	0.046	0.065	0.039	0.04	0.04	0.024	0.092	0.123	0.026	0	0.122	0.13	0.046	0.224	0.118	0.054	0.033	0.03	0.158	0.038	0.115	0.065	0.029	0.11	0.023	0.119	0.024	0.29	0.153	0.067	0.191	0.221	0.179	0.127	0	0.192	0.039	0.175	0.069	0.065	0.048	0.209	0.171	0.03	0.032	0.122	0.168	0.032	0.022	0.201	0.069	0.029	0	0.03	0.102	0.164	0.081	0.069	0.032	0	0.224	0.031	0.121	0	0.053	0.041	0.031	0.044	0.032	0.165	0.047	0.098	0.055	0.204	0.036	0.046	0.062	0.032	0.152	0.032	0.017	0.034	0.029	0.017	0.022	0.032	0.021	0.037	0.031	0.033	0.044	0.16	0.13	0.078	0.122	0.028	0.032	0.092	0.069	0.04	0.037	0.022	0.037	0.103	0.113	0.026	0.049	0.054	0.044	0.035	0.092	0.028	0.061	0.032	0.042	0.037	0.089	0.022	0.022	0.075	0.048	0.086	0.089	0.093
GO:0090407	0.092	0.141	0.231	0.13	0.108	0.163	0.087	0.108	0.085	0.061	0.061	0.051	0.091	0.056	0.152	0.455	0.296	0.136	0.061	0.084	0.101	0.431	0.136	0.077	0.049	0.038	0.108	0.381	0.06	0.077	0.238	0.282	0.046	1	0.041	0.087	0.225	0.101	0.503	0.231	0.141	0.061	0	0.111	0.087	0.044	0.092	0.102	0.299	0.266	0.315	0.05	0.07	0.097	0.141	0.063	0.08	0.196	0.108	0.477	0.079	0.066	0.077	0.077	0.053	0.04	0.101	0	0.086	0.421	0.144	0.163	0.463	0.333	0.091	0.074	0.207	0.293	0.111	0.08	0.232	0.229	0.114	0.163	0.065	0	0.203	0.095	0.076	0.18	0.396	0.28	0	0.119	0.205	0.087	0	0.14	0.084	0.056	0.097	0.232	0.098	0.299	0.07	0.128	0.087	0.24	0.034	0.044	0.052	0.075	0.077	0.039	0.064	0.064	0.039	0.043	0.187	0.171	0.069	0.216	0.19	0.229	0.122	0.066	0.168	0.111	0.057	0.077	0.231	0.159	0.245	0.076	0.051	0.076	0.117	0.055	0.061	0.1	0.057	0.079	0.071	0.231	0.198	0.299	0.077	0.092	0.08	0.072	0.051	0.051	0.186	0.317	0.057	0.211	0.177
GO:0050727	0.187	0.054	0.083	0.05	0.181	0.061	0.24	0.042	0.036	0.523	0.125	0.106	0.088	0.047	0.066	0.034	0.045	0.051	0.114	0.141	0.083	0.033	0.051	0.398	0.308	0.08	0.181	0.044	0.03	0.064	0.018	0.035	0.065	0.041	1	0.034	0.037	0.373	0.046	0.083	0.054	0.051	0	0.043	0.073	0.037	0.036	0.04	0.047	0.024	0.059	0.044	0.029	0.038	0.054	0.222	0.121	0.041	0.181	0.044	0.098	0.027	0.144	0.144	0.076	0.053	0.236	0	0.119	0.03	0.188	0.061	0.053	0.037	0.112	0.094	0.056	0.022	0.043	0.032	0.029	0.043	0.098	0.061	0.19	0	0.027	0.037	0.031	0.025	0.061	0.027	0	0.139	0.026	0.252	0	0.114	0.04	0.024	0.038	0.029	0.084	0.036	0.029	0.049	0.12	0.03	0.06	0.08	0.022	0.03	0.064	0.033	0.198	0.31	0.033	0.038	0.064	0.036	0.115	0.028	0.026	0.037	0.087	0.027	0.079	0.043	0.349	0.434	0.083	0.059	0.083	0.075	0.104	0.075	0.045	0.149	0.23	0.039	0.046	0.032	0.029	0.083	0.026	0.096	0.156	0.045	0.032	0.128	0.104	0.104	0.097	0.038	0.34	0.077	0.032
GO:0070585	0.091	0.138	0.246	0.125	0.101	0.164	0.079	0.099	0.073	0.054	0.054	0.043	0.081	0.048	0.23	0.075	0.078	0.132	0.054	0.112	0.101	0.064	0.132	0.074	0.042	0.029	0.101	0.107	0.049	0.073	0.034	0.08	0.039	0.087	0.034	1	0.081	0.101	0.046	0.246	0.138	0.132	0	0.103	0.085	0.034	0.082	0.093	0.117	0.044	0.065	0.044	0.395	0.087	0.188	0.057	0.071	0.04	0.101	0.043	0.071	0.055	0.073	0.073	0.044	0.033	0.095	0	0.078	0.065	0.142	0.164	0.136	0.086	0.084	0.064	0.061	0.045	0.103	0.071	0.054	0.042	0.107	0.164	0.059	0	0.046	0.083	0.064	0.049	0.164	0.046	0	0.114	0.049	0.085	0	0.148	0.659	0.392	0.213	0.054	0.089	0.081	0.45	0.123	0.078	0.062	0.023	0.034	0.361	0.064	0.325	0.07	0.054	0.058	0.07	0.146	0.073	0.034	0.085	0.05	0.049	0.085	0.117	0.053	0.042	0.103	0.051	0.073	0.246	0.159	0.101	0.065	0.042	0.065	0.111	0.045	0.054	0.224	0.045	0.099	0.087	0.246	0.044	0.119	0.073	0.118	0.099	0.062	0.042	0.042	0.085	0.087	0.051	0.22	0.069
GO:0009060	0.099	0.149	0.272	0.137	0.108	0.179	0.083	0.108	0.079	0.06	0.06	0.047	0.087	0.052	0.162	0.195	0.201	0.145	0.06	0.08	0.112	0.163	0.145	0.079	0.045	0.031	0.108	0.28	0.052	0.08	0.086	0.204	0.04	0.225	0.037	0.081	1	0.112	0.121	0.272	0.149	0.06	0	0.112	0.092	0.037	0.088	0.101	0.309	0.112	0.173	0.047	0.064	0.094	0.149	0.062	0.075	0.104	0.108	0.113	0.075	0.058	0.08	0.08	0.046	0.034	0.1	0	0.082	0.167	0.153	0.179	0.355	0.148	0.089	0.068	0.114	0.114	0.112	0.075	0.141	0.112	0.115	0.179	0.064	0	0.119	0.091	0.069	0.107	0.435	0.115	0	0.121	0.128	0.092	0	0.166	0.079	0.049	0.095	0.141	0.096	0.208	0.064	0.134	0.083	0.16	0.025	0.037	0.046	0.068	0.08	0.031	0.057	0.063	0.031	0.038	0.194	0.088	0.063	0.128	0.125	0.645	0.125	0.057	0.105	0.112	0.054	0.08	0.272	0.173	0.272	0.069	0.046	0.069	0.12	0.047	0.06	0.098	0.048	0.075	0.064	0.272	0.113	0.307	0.08	0.088	0.074	0.065	0.046	0.046	0.12	0.224	0.054	0.241	0.16
GO:0009605	0.469	0.128	0.224	0.138	0.239	0.16	0.188	0.123	0.11	0.357	0.357	0.267	0.231	0.126	0.145	0.086	0.097	0.147	0.147	0.318	0.224	0.07	0.147	0.36	0.424	0.227	0.239	0.112	0.07	0.176	0.04	0.079	0.04	0.101	0.373	0.101	0.112	1	0.119	0.224	0.128	0.147	0	0.128	0.176	0.116	0.096	0.113	0.126	0.047	0.154	0.095	0.067	0.104	0.128	0.549	0.079	0.1	0.239	0.11	0.069	0.069	0.176	0.176	0.047	0.034	0.185	0	0.077	0.073	0.133	0.16	0.126	0.086	0.083	0.072	0.14	0.048	0.128	0.08	0.085	0.128	0.112	0.16	0.508	0	0.068	0.116	0.084	0.061	0.16	0.054	0	0.102	0.07	0.176	0	0.306	0.094	0.057	0.104	0.085	0.106	0.08	0.067	0.134	0.09	0.079	0.093	0.116	0.046	0.083	0.176	0.107	0.273	0.538	0.107	0.088	0.176	0.082	0.277	0.074	0.059	0.1	0.105	0.076	0.05	0.128	0.433	0.428	0.224	0.154	0.224	0.205	0.311	0.205	0.118	0.132	0.657	0.093	0.063	0.069	0.077	0.224	0.071	0.227	0.428	0.116	0.091	0.16	0.311	0.311	0.085	0.087	0.272	0.193	0.078
GO:1901137	0.107	0.071	0.119	0.068	0.055	0.083	0.043	0.057	0.049	0.071	0.071	0.057	0.047	0.063	0.086	0.383	0.231	0.071	0.071	0.042	0.119	0.177	0.071	0.087	0.056	0.043	0.055	0.26	0.037	0.09	0.194	0.181	0.024	0.503	0.046	0.046	0.121	0.119	1	0.119	0.071	0.071	0	0.059	0.099	0.051	0.047	0.054	0.154	0.178	0.362	0.055	0.035	0.05	0.071	0.071	0.044	0.22	0.055	0.538	0.039	0.034	0.09	0.09	0.026	0.019	0.049	0	0.043	0.355	0.073	0.083	0.311	0.27	0.046	0.037	0.236	0.238	0.059	0.041	0.17	0.264	0.058	0.083	0.074	0	0.15	0.051	0.04	0.125	0.203	0.196	0	0.059	0.139	0.099	0	0.166	0.05	0.029	0.051	0.17	0.051	0.198	0.035	0.066	0.045	0.162	0.039	0.051	0.026	0.039	0.09	0.045	0.035	0.073	0.045	0.048	0.218	0.188	0.041	0.161	0.128	0.119	0.06	0.035	0.114	0.059	0.063	0.09	0.119	0.081	0.288	0.04	0.059	0.04	0.06	0.028	0.071	0.05	0.03	0.039	0.037	0.119	0.146	0.148	0.09	0.06	0.042	0.036	0.059	0.059	0.149	0.211	0.063	0.107	0.09
GO:0045103	0.193	0.311	0.543	0.334	0.254	0.388	0.188	0.298	0.258	0.147	0.147	0.11	0.231	0.126	0.321	0.21	0.198	0.357	0.147	0.181	0.224	0.161	0.357	0.148	0.106	0.094	0.254	0.273	0.154	0.176	0.098	0.191	0.092	0.231	0.083	0.246	0.272	0.224	0.119	1	0.573	0.147	0	0.311	0.176	0.116	0.233	0.274	0.306	0.107	0.154	0.095	0.163	0.253	0.311	0.13	0.181	0.1	0.254	0.11	0.167	0.168	0.176	0.176	0.114	0.082	0.2	0	0.186	0.176	0.323	0.388	0.306	0.208	0.202	0.174	0.14	0.116	0.311	0.195	0.201	0.128	0.273	0.388	0.136	0	0.157	0.281	0.203	0.148	0.388	0.117	0	0.247	0.169	0.176	0	0.306	0.207	0.138	0.254	0.201	0.258	0.195	0.164	0.325	0.219	0.193	0.093	0.116	0.113	0.2	0.176	0.107	0.153	0.133	0.107	0.088	0.176	0.082	0.16	0.17	0.138	0.244	0.256	0.185	0.115	0.311	0.112	0.176	0.543	0.373	0.224	0.205	0.128	0.205	0.286	0.132	0.147	0.227	0.153	0.168	0.187	0.543	0.165	0.259	0.176	0.246	0.221	0.167	0.128	0.128	0.206	0.211	0.112	0.469	0.191
GO:0045104	0.116	0.605	0.311	0.191	0.156	0.227	0.123	0.166	0.14	0.082	0.082	0.067	0.138	0.074	0.204	0.127	0.126	0.303	0.082	0.119	0.128	0.105	0.451	0.095	0.065	0.054	0.156	0.164	0.17	0.1	0.065	0.124	0.123	0.141	0.054	0.138	0.149	0.128	0.071	0.573	1	0.082	0	0.531	0.108	0.063	0.138	0.334	0.179	0.074	0.091	0.063	0.104	0.456	0.193	0.081	0.116	0.062	0.156	0.067	0.223	0.299	0.1	0.1	0.242	0.205	0.136	0	0.381	0.111	0.199	0.227	0.191	0.133	0.26	0.423	0.085	0.078	0.367	0.243	0.113	0.071	0.37	0.227	0.083	0	0.094	0.443	0.348	0.132	0.227	0.079	0	0.162	0.1	0.108	0	0.174	0.126	0.087	0.148	0.113	0.319	0.126	0.224	0.187	0.255	0.115	0.05	0.063	0.076	0.344	0.1	0.057	0.097	0.082	0.057	0.056	0.1	0.053	0.103	0.1	0.089	0.143	0.282	0.297	0.076	0.252	0.072	0.1	0.311	0.221	0.128	0.12	0.071	0.12	0.532	0.084	0.082	0.143	0.092	0.112	0.112	0.311	0.095	0.168	0.1	0.142	0.127	0.106	0.071	0.071	0.132	0.135	0.072	0.281	0.229
GO:0006839	0.129	0.082	0.147	0.082	0.063	0.101	0.048	0.069	0.058	0.087	0.087	0.066	0.055	0.075	0.213	0.05	0.064	0.087	0.087	0.103	0.147	0.044	0.087	0.101	0.065	0.051	0.063	0.068	0.041	0.11	0.023	0.049	0.026	0.061	0.051	0.132	0.06	0.147	0.071	0.147	0.082	1	0	0.071	0.119	0.061	0.055	0.064	0.075	0.03	0.097	0.062	0.266	0.059	0.691	0.083	0.049	0.061	0.063	0.066	0.043	0.038	0.11	0.11	0.028	0.02	0.054	0	0.048	0.042	0.085	0.101	0.081	0.053	0.051	0.042	0.089	0.028	0.071	0.046	0.044	0.071	0.068	0.101	0.087	0	0.038	0.061	0.046	0.034	0.101	0.034	0	0.067	0.037	0.119	0	0.21	0.258	0.224	0.402	0.044	0.06	0.05	0.176	0.08	0.052	0.043	0.046	0.061	0.194	0.045	0.267	0.403	0.039	0.085	0.403	0.347	0.11	0.051	0.089	0.041	0.035	0.057	0.069	0.04	0.029	0.071	0.073	0.11	0.147	0.097	0.147	0.046	0.071	0.046	0.071	0.03	0.087	0.38	0.033	0.248	0.267	0.147	0.037	0.069	0.11	0.137	0.311	0.04	0.071	0.071	0.052	0.054	0.073	0.129	0.046
GO:0170039	0	0	0	0	0	0	0	0	0	0	0	0	0	0	0	0	0	0	0	0	0	0	0	0	0	0	0	0	0	0	0	0	0	0	0	0	0	0	0	0	0	0	1	0	0	0	0	0	0	0	0	0	0	0	0	0	0	0	0	0	0	0	0	0	0	0	0	0	0	0	0	0	0	0	0	0	0	0	0	0	0	0	0	0	0	0	0	0	0	0	0	0	0	0	0	0	0	0	0	0	0	0	0	0	0	0	0	0	0	0	0	0	0	0	0	0	0	0	0	0	0	0	0	0	0	0	0	0	0	0	0	0	0	0	0	0	0	0	0	0	0	0	0	0	0	0	0	0	0	0	0	0	0	0	0	0	0
GO:0007005	0.113	0.531	0.311	0.164	0.128	0.208	0.097	0.133	0.102	0.071	0.071	0.055	0.107	0.062	0.185	0.098	0.098	0.319	0.071	0.094	0.128	0.08	0.527	0.089	0.054	0.039	0.128	0.137	0.176	0.093	0.044	0.099	0.122	0.111	0.043	0.103	0.112	0.128	0.059	0.311	0.531	0.071	0	1	0.104	0.048	0.107	0.377	0.151	0.054	0.083	0.053	0.077	0.549	0.171	0.071	0.089	0.051	0.128	0.055	0.234	0.345	0.093	0.093	0.203	0.162	0.114	0	0.319	0.083	0.177	0.208	0.169	0.107	0.279	0.344	0.076	0.056	0.422	0.261	0.077	0.057	0.416	0.208	0.074	0	0.063	0.55	0.411	0.119	0.208	0.057	0	0.139	0.068	0.104	0	0.187	0.096	0.06	0.116	0.077	0.357	0.101	0.236	0.16	0.277	0.083	0.034	0.048	0.055	0.616	0.093	0.041	0.07	0.073	0.041	0.045	0.093	0.042	0.076	0.068	0.063	0.112	0.307	0.53	0.053	0.255	0.062	0.093	0.311	0.201	0.128	0.087	0.057	0.087	0.471	0.058	0.071	0.116	0.062	0.087	0.08	0.311	0.062	0.145	0.093	0.109	0.093	0.079	0.057	0.057	0.106	0.108	0.062	0.274	0.244
GO:0048646	0.156	0.108	0.176	0.112	0.089	0.13	0.069	0.1	0.09	0.119	0.119	0.093	0.081	0.394	0.123	0.075	0.085	0.119	0.119	0.067	0.176	0.063	0.119	0.126	0.091	0.079	0.089	0.095	0.062	0.141	0.037	0.07	0.13	0.087	0.073	0.085	0.092	0.176	0.099	0.176	0.108	0.119	0	0.104	1	0.094	0.289	0.094	0.105	0.043	0.126	0.575	0.06	0.088	0.108	0.11	0.07	0.086	0.089	0.093	0.062	0.061	0.141	0.141	0.043	0.032	0.074	0	0.068	0.064	0.112	0.13	0.107	0.075	0.073	0.063	0.116	0.044	0.104	0.07	0.072	0.104	0.095	0.13	0.114	0	0.06	0.094	0.072	0.054	0.13	0.049	0	0.089	0.061	0.145	0	0.234	0.082	0.051	0.088	0.072	0.089	0.071	0.06	0.11	0.077	0.069	0.077	0.094	0.043	0.071	0.141	0.088	0.059	0.112	0.088	0.077	0.141	0.073	0.065	0.065	0.054	0.085	0.092	0.066	0.045	0.104	0.097	0.141	0.176	0.126	0.176	0.073	0.104	0.073	0.099	0.049	0.119	0.081	0.056	0.062	0.067	0.176	0.062	0.092	0.141	0.098	0.077	0.061	0.104	0.104	0.074	0.076	0.096	0.156	0.069
GO:0007601	0.102	0.063	0.116	0.058	0.046	0.076	0.035	0.046	0.037	0.061	0.061	0.048	0.037	0.13	0.08	0.034	0.049	0.061	0.061	0.034	0.116	0.032	0.061	0.081	0.046	0.032	0.046	0.049	0.028	0.082	0.015	0.035	0.046	0.044	0.037	0.034	0.037	0.116	0.051	0.116	0.063	0.061	0	0.048	0.094	1	0.081	0.043	0.054	0.022	0.073	0.082	0.027	0.04	0.063	0.063	0.035	0.044	0.046	0.048	0.031	0.024	0.082	0.082	0.019	0.014	0.042	0	0.034	0.029	0.065	0.076	0.062	0.038	0.037	0.028	0.067	0.02	0.048	0.032	0.026	0.048	0.049	0.076	0.066	0	0.024	0.038	0.029	0.022	0.076	0.025	0	0.051	0.022	0.094	0	0.172	0.042	0.02	0.04	0.026	0.04	0.036	0.027	0.057	0.035	0.028	0.026	0.038	0.019	0.029	0.082	0.032	0.026	0.065	0.032	0.039	0.082	0.037	0.033	0.026	0.024	0.038	0.052	0.024	0.02	0.048	0.055	0.082	0.116	0.073	0.116	0.029	0.048	0.029	0.051	0.02	0.061	0.041	0.02	0.031	0.027	0.116	0.022	0.053	0.082	0.05	0.031	0.027	0.048	0.048	0.038	0.039	0.055	0.102	0.031
GO:0048699	0.087	0.138	0.233	0.127	0.105	0.161	0.083	0.104	0.08	0.055	0.055	0.045	0.087	0.484	0.15	0.081	0.083	0.133	0.055	0.081	0.096	0.069	0.133	0.072	0.044	0.032	0.105	0.111	0.056	0.071	0.04	0.084	0.224	0.092	0.036	0.082	0.088	0.096	0.047	0.233	0.138	0.055	0	0.107	0.289	0.081	1	0.098	0.12	0.049	0.065	0.286	0.066	0.093	0.138	0.058	0.076	0.042	0.105	0.045	0.076	0.062	0.071	0.071	0.05	0.037	0.099	0	0.083	0.071	0.142	0.161	0.137	0.09	0.088	0.07	0.061	0.05	0.107	0.077	0.062	0.044	0.111	0.161	0.059	0	0.054	0.09	0.071	0.056	0.161	0.051	0	0.117	0.057	0.082	0	0.136	0.08	0.053	0.093	0.062	0.094	0.086	0.067	0.125	0.083	0.069	0.027	0.037	0.049	0.071	0.071	0.032	0.06	0.059	0.032	0.038	0.071	0.036	0.066	0.057	0.055	0.09	0.12	0.061	0.047	0.107	0.052	0.071	0.233	0.157	0.096	0.072	0.044	0.072	0.114	0.051	0.055	0.096	0.053	0.076	0.067	0.233	0.052	0.121	0.071	0.087	0.076	0.068	0.044	0.044	0.089	0.091	0.052	0.212	0.075
GO:0007009	0.101	0.334	0.274	0.147	0.118	0.186	0.091	0.12	0.092	0.064	0.064	0.05	0.098	0.056	0.169	0.09	0.092	0.284	0.064	0.088	0.113	0.075	0.47	0.082	0.049	0.036	0.118	0.125	0.164	0.083	0.042	0.092	0.118	0.102	0.04	0.093	0.101	0.113	0.054	0.274	0.334	0.064	0	0.377	0.094	0.043	0.098	1	0.137	0.052	0.074	0.05	0.072	0.319	0.156	0.065	0.083	0.046	0.118	0.05	0.221	0.206	0.083	0.083	0.138	0.107	0.107	0	0.204	0.078	0.161	0.186	0.154	0.099	0.26	0.21	0.069	0.054	0.377	0.242	0.07	0.051	0.379	0.186	0.067	0	0.059	0.315	0.242	0.111	0.186	0.054	0	0.129	0.063	0.094	0	0.163	0.089	0.057	0.105	0.07	0.324	0.094	0.346	0.144	0.255	0.076	0.031	0.043	0.052	0.239	0.083	0.037	0.065	0.066	0.037	0.042	0.083	0.04	0.071	0.063	0.059	0.102	0.284	0.206	0.051	0.228	0.058	0.083	0.274	0.181	0.113	0.08	0.051	0.08	0.292	0.055	0.064	0.107	0.058	0.082	0.074	0.274	0.057	0.134	0.083	0.099	0.085	0.074	0.051	0.051	0.098	0.101	0.057	0.245	0.227
GO:0043603	0.112	0.179	0.306	0.173	0.139	0.214	0.108	0.146	0.118	0.075	0.075	0.06	0.119	0.067	0.191	0.266	0.364	0.183	0.075	0.104	0.126	0.369	0.183	0.091	0.058	0.045	0.139	0.358	0.077	0.095	0.296	0.43	0.054	0.299	0.047	0.117	0.309	0.126	0.154	0.306	0.179	0.075	0	0.151	0.105	0.054	0.12	0.137	1	0.37	0.207	0.057	0.088	0.128	0.179	0.075	0.1	0.229	0.139	0.145	0.097	0.085	0.095	0.095	0.064	0.047	0.123	0	0.107	0.23	0.185	0.214	0.428	0.215	0.114	0.093	0.148	0.357	0.151	0.103	0.404	0.151	0.147	0.214	0.077	0	0.328	0.13	0.1	0.288	0.519	0.377	0	0.148	0.261	0.105	0	0.177	0.108	0.072	0.129	0.404	0.13	0.496	0.089	0.17	0.114	0.305	0.041	0.054	0.063	0.099	0.095	0.048	0.081	0.076	0.048	0.049	0.231	0.195	0.087	0.352	0.29	0.302	0.152	0.088	0.265	0.151	0.066	0.095	0.306	0.207	0.306	0.101	0.062	0.101	0.153	0.069	0.075	0.126	0.075	0.097	0.093	0.306	0.331	0.372	0.095	0.122	0.107	0.09	0.062	0.062	0.162	0.532	0.066	0.273	0.228
GO:0006637	0.045	0.074	0.107	0.064	0.058	0.08	0.051	0.054	0.043	0.03	0.03	0.027	0.049	0.028	0.081	0.153	0.327	0.066	0.03	0.051	0.047	0.62	0.066	0.041	0.027	0.02	0.058	0.213	0.035	0.037	0.284	0.39	0.033	0.266	0.024	0.044	0.112	0.047	0.178	0.107	0.074	0.03	0	0.054	0.043	0.022	0.049	0.052	0.37	1	0.137	0.029	0.042	0.051	0.074	0.033	0.047	0.222	0.058	0.154	0.049	0.038	0.037	0.037	0.035	0.029	0.061	0	0.051	0.173	0.075	0.08	0.294	0.123	0.053	0.043	0.106	0.26	0.054	0.046	0.31	0.111	0.06	0.08	0.034	0	0.285	0.046	0.041	0.249	0.285	0.932	0	0.068	0.181	0.043	0	0.062	0.047	0.035	0.051	0.31	0.051	0.554	0.042	0.064	0.048	0.21	0.017	0.022	0.035	0.041	0.037	0.019	0.039	0.033	0.019	0.025	0.089	0.205	0.042	0.295	0.252	0.121	0.069	0.036	0.271	0.054	0.031	0.037	0.107	0.079	0.114	0.042	0.025	0.042	0.061	0.034	0.03	0.056	0.034	0.049	0.04	0.107	0.267	0.167	0.037	0.048	0.043	0.043	0.025	0.025	0.107	0.444	0.031	0.102	0.101
GO:0044283	0.136	0.091	0.154	0.092	0.073	0.11	0.056	0.08	0.07	0.097	0.097	0.076	0.064	0.085	0.107	0.264	0.271	0.097	0.097	0.054	0.154	0.228	0.097	0.109	0.074	0.061	0.073	0.346	0.049	0.119	0.177	0.137	0.03	0.315	0.059	0.065	0.173	0.154	0.362	0.154	0.091	0.097	0	0.083	0.126	0.073	0.065	0.074	0.207	0.137	1	0.07	0.047	0.069	0.091	0.092	0.057	0.169	0.073	0.339	0.05	0.047	0.119	0.119	0.034	0.025	0.061	0	0.055	0.477	0.094	0.11	0.4	0.2	0.059	0.05	0.192	0.154	0.083	0.055	0.133	0.201	0.077	0.11	0.096	0	0.113	0.073	0.055	0.097	0.266	0.152	0	0.074	0.112	0.126	0	0.211	0.066	0.039	0.07	0.133	0.071	0.14	0.047	0.09	0.061	0.129	0.058	0.073	0.034	0.055	0.119	0.067	0.046	0.094	0.067	0.062	0.289	0.143	0.053	0.121	0.102	0.163	0.077	0.05	0.087	0.083	0.081	0.119	0.154	0.106	0.373	0.056	0.083	0.056	0.08	0.038	0.097	0.066	0.042	0.05	0.052	0.154	0.113	0.188	0.119	0.08	0.06	0.048	0.083	0.083	0.123	0.15	0.081	0.136	0.124
GO:0001525	0.088	0.063	0.095	0.06	0.051	0.071	0.042	0.052	0.046	0.062	0.062	0.053	0.045	0.554	0.074	0.042	0.053	0.062	0.062	0.041	0.095	0.039	0.062	0.075	0.052	0.042	0.051	0.053	0.037	0.075	0.024	0.043	0.158	0.05	0.044	0.044	0.047	0.095	0.055	0.095	0.063	0.062	0	0.053	0.575	0.082	0.286	0.05	0.057	0.029	0.07	1	0.036	0.048	0.063	0.063	0.043	0.05	0.051	0.053	0.039	0.035	0.075	0.075	0.028	0.021	0.047	0	0.042	0.038	0.064	0.071	0.062	0.045	0.044	0.037	0.066	0.028	0.053	0.04	0.038	0.053	0.053	0.071	0.065	0	0.035	0.048	0.039	0.032	0.071	0.032	0	0.054	0.034	0.083	0	0.125	0.048	0.03	0.048	0.038	0.048	0.043	0.036	0.059	0.044	0.038	0.039	0.048	0.027	0.039	0.075	0.044	0.036	0.064	0.044	0.046	0.075	0.044	0.04	0.037	0.033	0.046	0.056	0.036	0.029	0.053	0.058	0.075	0.095	0.07	0.095	0.04	0.053	0.04	0.055	0.03	0.062	0.048	0.032	0.039	0.037	0.095	0.034	0.056	0.075	0.054	0.041	0.037	0.053	0.053	0.045	0.045	0.058	0.088	0.04
GO:0006605	0.063	0.104	0.163	0.092	0.08	0.116	0.067	0.075	0.059	0.039	0.039	0.034	0.066	0.036	0.174	0.062	0.066	0.095	0.039	0.097	0.067	0.056	0.095	0.055	0.033	0.024	0.08	0.083	0.044	0.05	0.034	0.067	0.038	0.07	0.029	0.395	0.064	0.067	0.035	0.163	0.104	0.266	0	0.077	0.06	0.027	0.066	0.072	0.088	0.042	0.047	0.036	1	0.069	0.263	0.043	0.061	0.032	0.08	0.034	0.062	0.049	0.05	0.05	0.042	0.033	0.08	0	0.066	0.056	0.106	0.116	0.103	0.071	0.07	0.056	0.045	0.042	0.077	0.06	0.047	0.032	0.083	0.116	0.044	0	0.042	0.065	0.055	0.045	0.116	0.043	0	0.091	0.045	0.06	0	0.093	0.519	0.813	0.41	0.047	0.07	0.068	0.45	0.091	0.064	0.053	0.02	0.027	0.688	0.054	0.215	0.34	0.048	0.044	0.34	0.34	0.05	0.029	0.076	0.045	0.045	0.068	0.093	0.047	0.04	0.077	0.04	0.05	0.163	0.114	0.067	0.055	0.032	0.055	0.085	0.042	0.039	0.441	0.042	0.182	0.207	0.163	0.041	0.094	0.05	0.096	0.185	0.054	0.032	0.032	0.071	0.072	0.04	0.152	0.059
GO:0044782	0.094	0.456	0.253	0.137	0.111	0.173	0.087	0.112	0.086	0.059	0.059	0.048	0.092	0.053	0.16	0.085	0.087	0.264	0.059	0.085	0.104	0.072	0.437	0.077	0.046	0.034	0.111	0.117	0.157	0.077	0.041	0.088	0.115	0.097	0.038	0.087	0.094	0.104	0.05	0.253	0.456	0.059	0	0.549	0.088	0.04	0.093	0.319	0.128	0.051	0.069	0.048	0.069	1	0.147	0.061	0.08	0.044	0.111	0.048	0.212	0.654	0.077	0.077	0.188	0.153	0.103	0	0.286	0.074	0.151	0.173	0.145	0.095	0.248	0.307	0.065	0.052	0.351	0.23	0.066	0.048	0.357	0.173	0.063	0	0.056	0.459	0.358	0.107	0.173	0.053	0	0.123	0.06	0.088	0	0.149	0.084	0.055	0.099	0.066	0.305	0.09	0.212	0.134	0.498	0.072	0.029	0.04	0.051	0.355	0.077	0.034	0.063	0.062	0.034	0.04	0.077	0.038	0.069	0.06	0.057	0.096	0.27	0.306	0.049	0.212	0.055	0.077	0.253	0.169	0.104	0.076	0.048	0.076	0.402	0.053	0.059	0.102	0.055	0.079	0.071	0.253	0.055	0.127	0.077	0.093	0.08	0.071	0.048	0.048	0.094	0.096	0.054	0.228	0.216
GO:1990542	0.116	0.193	0.311	0.191	0.156	0.227	0.123	0.166	0.14	0.082	0.082	0.067	0.138	0.074	0.287	0.127	0.126	0.2	0.082	0.159	0.128	0.105	0.2	0.095	0.065	0.054	0.156	0.164	0.094	0.1	0.065	0.124	0.065	0.141	0.054	0.188	0.149	0.128	0.071	0.311	0.193	0.691	0	0.171	0.108	0.063	0.138	0.156	0.179	0.074	0.091	0.063	0.263	0.147	1	0.081	0.116	0.062	0.156	0.067	0.111	0.102	0.1	0.1	0.077	0.057	0.136	0	0.122	0.111	0.199	0.227	0.191	0.133	0.13	0.11	0.085	0.078	0.171	0.12	0.113	0.071	0.164	0.227	0.083	0	0.094	0.152	0.119	0.092	0.227	0.079	0	0.162	0.1	0.108	0	0.174	0.27	0.221	0.373	0.113	0.149	0.126	0.203	0.187	0.132	0.115	0.05	0.063	0.199	0.118	0.207	0.272	0.097	0.082	0.272	0.262	0.1	0.053	0.132	0.1	0.089	0.143	0.166	0.107	0.076	0.171	0.072	0.1	0.311	0.221	0.128	0.12	0.071	0.12	0.17	0.084	0.082	0.369	0.092	0.349	0.35	0.311	0.095	0.168	0.1	0.184	0.397	0.106	0.071	0.071	0.132	0.135	0.072	0.281	0.118
GO:0006935	0.285	0.081	0.13	0.08	0.146	0.095	0.124	0.069	0.061	0.203	0.373	0.301	0.256	0.075	0.23	0.053	0.065	0.083	0.083	0.606	0.13	0.047	0.083	0.234	0.23	0.131	0.146	0.068	0.045	0.102	0.027	0.052	0.029	0.063	0.222	0.057	0.062	0.549	0.071	0.13	0.081	0.083	0	0.071	0.11	0.063	0.058	0.065	0.075	0.033	0.092	0.063	0.043	0.061	0.081	1	0.052	0.062	0.146	0.067	0.046	0.043	0.102	0.102	0.032	0.024	0.125	0	0.051	0.046	0.083	0.095	0.079	0.055	0.054	0.046	0.086	0.032	0.071	0.05	0.049	0.071	0.068	0.095	0.276	0	0.042	0.063	0.05	0.038	0.095	0.037	0	0.067	0.042	0.11	0	0.428	0.06	0.036	0.061	0.049	0.062	0.052	0.043	0.078	0.055	0.048	0.051	0.063	0.032	0.049	0.102	0.058	0.233	0.302	0.058	0.056	0.102	0.054	0.482	0.045	0.039	0.06	0.069	0.045	0.033	0.071	0.249	0.247	0.13	0.092	0.13	0.223	0.319	0.223	0.071	0.085	0.343	0.059	0.038	0.046	0.047	0.13	0.042	0.25	0.454	0.149	0.053	0.176	0.319	0.319	0.055	0.056	0.176	0.117	0.049
GO:0050804	0.074	0.116	0.181	0.105	0.348	0.131	0.438	0.087	0.653	0.049	0.049	0.042	0.076	0.045	0.126	0.071	0.074	0.108	0.108	0.073	0.079	0.063	0.108	0.187	0.041	0.032	0.348	0.094	0.051	0.061	0.038	0.075	0.11	0.08	0.121	0.071	0.075	0.079	0.044	0.181	0.116	0.049	0	0.089	0.07	0.035	0.076	0.083	0.1	0.047	0.057	0.043	0.061	0.08	0.116	0.052	1	0.039	0.348	0.042	0.178	0.056	0.137	0.137	0.136	0.096	0.333	0	0.213	0.064	0.34	0.131	0.115	0.079	0.201	0.167	0.054	0.048	0.089	0.068	0.056	0.041	0.145	0.131	0.053	0	0.05	0.076	0.063	0.052	0.131	0.048	0	0.254	0.052	0.24	0	0.108	0.071	0.049	0.08	0.056	0.124	0.076	0.061	0.103	0.211	0.061	0.058	0.076	0.047	0.063	0.061	0.032	0.055	0.053	0.032	0.036	0.061	0.035	0.06	0.052	0.051	0.078	0.141	0.055	0.132	0.089	0.047	0.061	0.181	0.128	0.079	0.064	0.041	0.064	0.096	0.275	0.049	0.084	0.07	0.069	0.06	0.181	0.048	0.104	0.061	0.075	0.066	0.243	0.041	0.041	0.137	0.08	0.163	0.168	0.067
GO:0051604	0.091	0.062	0.1	0.058	0.048	0.071	0.039	0.049	0.042	0.061	0.061	0.05	0.041	0.055	0.075	0.228	0.474	0.061	0.061	0.038	0.1	0.256	0.061	0.076	0.049	0.038	0.048	0.123	0.033	0.076	0.36	0.347	0.023	0.196	0.041	0.04	0.104	0.1	0.22	0.1	0.062	0.061	0	0.051	0.086	0.044	0.042	0.046	0.229	0.222	0.169	0.05	0.032	0.044	0.062	0.062	0.039	1	0.048	0.311	0.035	0.03	0.076	0.076	0.024	0.018	0.045	0	0.039	0.14	0.063	0.071	0.257	0.161	0.041	0.034	0.415	0.448	0.051	0.037	0.325	0.502	0.051	0.071	0.064	0	0.388	0.044	0.035	0.319	0.173	0.235	0	0.052	0.414	0.086	0	0.137	0.045	0.026	0.044	0.325	0.045	0.334	0.032	0.057	0.04	0.483	0.034	0.044	0.024	0.035	0.076	0.039	0.032	0.063	0.039	0.043	0.185	0.582	0.037	0.413	0.295	0.104	0.054	0.031	0.302	0.051	0.056	0.076	0.1	0.07	0.242	0.035	0.051	0.035	0.052	0.025	0.061	0.045	0.027	0.035	0.033	0.1	0.372	0.132	0.076	0.052	0.037	0.033	0.051	0.051	0.259	0.355	0.056	0.091	0.081
GO:0007187	0.217	0.156	0.254	0.147	0.645	0.181	0.537	0.124	0.226	0.141	0.141	0.115	0.227	0.057	0.167	0.097	0.098	0.154	0.131	0.208	0.105	0.082	0.154	0.316	0.101	0.084	0.645	0.128	0.07	0.08	0.049	0.098	0.119	0.108	0.181	0.101	0.108	0.239	0.055	0.254	0.156	0.063	0	0.128	0.089	0.046	0.105	0.118	0.139	0.058	0.073	0.051	0.08	0.111	0.156	0.146	0.348	0.048	1	0.052	0.202	0.076	0.169	0.169	0.15	0.103	0.59	0	0.247	0.085	0.418	0.181	0.154	0.105	0.234	0.192	0.068	0.06	0.128	0.092	0.08	0.053	0.184	0.181	0.122	0	0.068	0.111	0.088	0.069	0.181	0.061	0	0.301	0.072	0.285	0	0.145	0.096	0.065	0.111	0.08	0.159	0.1	0.08	0.145	0.251	0.085	0.065	0.088	0.059	0.087	0.08	0.041	0.158	0.148	0.041	0.044	0.08	0.042	0.158	0.073	0.067	0.108	0.173	0.077	0.146	0.128	0.116	0.179	0.254	0.176	0.105	0.19	0.115	0.19	0.132	0.339	0.141	0.112	0.086	0.088	0.083	0.254	0.068	0.248	0.179	0.106	0.093	0.432	0.115	0.115	0.158	0.106	0.254	0.231	0.09
GO:0008610	0.099	0.067	0.11	0.063	0.052	0.078	0.041	0.053	0.046	0.066	0.066	0.054	0.045	0.06	0.081	0.364	0.331	0.066	0.066	0.04	0.11	0.236	0.066	0.082	0.053	0.041	0.052	0.245	0.035	0.083	0.231	0.245	0.024	0.477	0.044	0.043	0.113	0.11	0.538	0.11	0.067	0.066	0	0.055	0.093	0.048	0.045	0.05	0.145	0.154	0.339	0.053	0.034	0.048	0.067	0.067	0.042	0.311	0.052	1	0.037	0.032	0.083	0.083	0.025	0.019	0.047	0	0.041	0.34	0.068	0.078	0.294	0.258	0.043	0.036	0.222	0.283	0.055	0.039	0.233	0.247	0.055	0.078	0.069	0	0.203	0.048	0.038	0.17	0.189	0.171	0	0.056	0.196	0.093	0	0.153	0.048	0.028	0.048	0.233	0.048	0.189	0.034	0.062	0.043	0.228	0.037	0.048	0.025	0.037	0.083	0.042	0.033	0.068	0.042	0.045	0.203	0.268	0.039	0.216	0.169	0.112	0.057	0.033	0.158	0.055	0.06	0.083	0.11	0.076	0.267	0.038	0.055	0.038	0.057	0.027	0.066	0.048	0.028	0.037	0.035	0.11	0.198	0.14	0.083	0.056	0.04	0.035	0.055	0.055	0.142	0.202	0.06	0.099	0.086
GO:0031333	0.065	0.223	0.167	0.101	0.202	0.124	0.182	0.086	0.07	0.043	0.043	0.037	0.076	0.04	0.12	0.072	0.074	0.272	0.089	0.073	0.069	0.064	0.285	0.154	0.037	0.028	0.202	0.092	0.319	0.053	0.041	0.075	0.29	0.079	0.098	0.071	0.075	0.069	0.039	0.167	0.223	0.043	0	0.234	0.062	0.031	0.076	0.221	0.097	0.049	0.05	0.039	0.062	0.212	0.111	0.046	0.178	0.035	0.202	0.037	1	0.263	0.113	0.113	0.348	0.521	0.198	0	0.322	0.065	0.297	0.124	0.11	0.079	0.559	0.462	0.048	0.05	0.339	0.44	0.058	0.036	0.291	0.124	0.047	0	0.052	0.199	0.293	0.132	0.124	0.05	0	0.225	0.054	0.198	0	0.093	0.071	0.051	0.079	0.058	0.247	0.076	0.166	0.1	0.362	0.063	0.045	0.061	0.049	0.422	0.053	0.028	0.057	0.047	0.028	0.033	0.053	0.032	0.061	0.054	0.053	0.078	0.229	0.367	0.119	0.221	0.043	0.053	0.167	0.122	0.069	0.065	0.036	0.065	0.194	0.114	0.043	0.083	0.066	0.069	0.062	0.167	0.051	0.101	0.053	0.075	0.067	0.144	0.036	0.036	0.151	0.08	0.134	0.157	0.232
GO:0060271	0.064	0.299	0.168	0.089	0.076	0.116	0.063	0.071	0.052	0.038	0.038	0.032	0.061	0.035	0.113	0.058	0.061	0.281	0.038	0.061	0.069	0.052	0.281	0.055	0.032	0.022	0.076	0.08	0.192	0.05	0.029	0.063	0.153	0.066	0.027	0.055	0.058	0.069	0.034	0.168	0.299	0.038	0	0.345	0.061	0.024	0.062	0.206	0.085	0.038	0.047	0.035	0.049	0.654	0.102	0.043	0.056	0.03	0.076	0.032	0.263	1	0.05	0.05	0.214	0.164	0.077	0	0.193	0.051	0.105	0.116	0.101	0.067	0.173	0.208	0.044	0.038	0.221	0.288	0.04	0.03	0.242	0.116	0.044	0	0.037	0.281	0.494	0.12	0.116	0.038	0	0.089	0.038	0.061	0	0.098	0.057	0.038	0.065	0.04	0.199	0.064	0.149	0.088	0.331	0.047	0.017	0.024	0.037	0.351	0.05	0.021	0.043	0.043	0.021	0.028	0.05	0.027	0.048	0.039	0.04	0.063	0.185	0.297	0.035	0.221	0.039	0.05	0.168	0.114	0.069	0.049	0.03	0.049	0.253	0.037	0.038	0.071	0.036	0.058	0.046	0.168	0.034	0.091	0.05	0.06	0.051	0.05	0.03	0.03	0.067	0.068	0.039	0.155	0.145
GO:0044092	0.154	0.1	0.176	0.103	0.169	0.123	0.134	0.089	0.078	0.11	0.11	0.083	0.071	0.095	0.117	0.064	0.077	0.11	0.491	0.058	0.176	0.054	0.11	0.24	0.081	0.067	0.169	0.085	0.053	0.135	0.03	0.061	0.067	0.077	0.144	0.073	0.08	0.176	0.09	0.176	0.1	0.11	0	0.093	0.141	0.082	0.071	0.083	0.095	0.037	0.119	0.075	0.05	0.077	0.1	0.102	0.137	0.076	0.169	0.083	0.113	0.05	1	0.329	0.082	0.056	0.135	0	0.133	0.054	0.23	0.123	0.099	0.066	0.136	0.117	0.109	0.036	0.093	0.06	0.06	0.093	0.207	0.123	0.106	0	0.05	0.082	0.06	0.045	0.123	0.042	0	0.166	0.05	0.307	0	0.246	0.072	0.042	0.077	0.06	0.19	0.062	0.051	0.101	0.153	0.058	0.156	0.2	0.035	0.06	0.135	0.075	0.05	0.104	0.075	0.067	0.135	0.063	0.057	0.054	0.045	0.074	0.172	0.054	0.086	0.093	0.088	0.135	0.176	0.119	0.176	0.061	0.093	0.061	0.089	0.09	0.11	0.071	0.103	0.053	0.056	0.176	0.05	0.084	0.135	0.088	0.065	0.113	0.093	0.093	0.129	0.067	0.195	0.154	0.059
GO:0050803	0.154	0.1	0.176	0.103	0.169	0.123	0.134	0.089	0.078	0.11	0.11	0.083	0.071	0.095	0.117	0.064	0.077	0.11	0.267	0.058	0.176	0.054	0.11	0.24	0.081	0.067	0.169	0.085	0.053	0.135	0.03	0.061	0.191	0.077	0.144	0.073	0.08	0.176	0.09	0.176	0.1	0.11	0	0.093	0.141	0.082	0.071	0.083	0.095	0.037	0.119	0.075	0.05	0.077	0.1	0.102	0.137	0.076	0.169	0.083	0.113	0.05	0.329	1	0.082	0.098	0.135	0	0.133	0.054	0.23	0.123	0.099	0.066	0.136	0.117	0.109	0.036	0.093	0.06	0.06	0.093	0.381	0.123	0.106	0	0.05	0.082	0.06	0.045	0.123	0.042	0	0.166	0.05	0.307	0	0.246	0.072	0.042	0.077	0.06	0.349	0.062	0.051	0.101	0.153	0.058	0.288	0.368	0.035	0.06	0.135	0.075	0.05	0.104	0.075	0.067	0.135	0.063	0.057	0.054	0.045	0.074	0.298	0.054	0.086	0.093	0.088	0.135	0.176	0.119	0.176	0.061	0.093	0.061	0.089	0.09	0.11	0.071	0.187	0.053	0.056	0.176	0.05	0.084	0.135	0.088	0.065	0.113	0.093	0.093	0.129	0.067	0.195	0.154	0.059
GO:0051492	0.045	0.384	0.203	0.066	0.15	0.084	0.14	0.055	0.043	0.028	0.028	0.025	0.049	0.027	0.085	0.047	0.051	0.19	0.063	0.051	0.047	0.044	0.268	0.117	0.025	0.018	0.15	0.062	0.133	0.036	0.028	0.052	0.221	0.053	0.076	0.044	0.046	0.047	0.026	0.114	0.242	0.028	0	0.203	0.043	0.019	0.05	0.138	0.064	0.035	0.034	0.028	0.042	0.188	0.077	0.032	0.136	0.024	0.15	0.025	0.348	0.214	0.082	0.082	1	0.465	0.155	0	0.607	0.044	0.366	0.084	0.077	0.055	0.355	0.378	0.033	0.035	0.145	0.197	0.035	0.023	0.197	0.084	0.032	0	0.033	0.163	0.233	0.095	0.084	0.035	0	0.172	0.034	0.149	0	0.064	0.047	0.034	0.051	0.035	0.161	0.053	0.11	0.066	0.243	0.04	0.031	0.042	0.034	0.217	0.036	0.017	0.038	0.032	0.017	0.023	0.036	0.022	0.042	0.034	0.036	0.051	0.155	0.181	0.094	0.152	0.03	0.036	0.114	0.083	0.047	0.041	0.023	0.041	0.197	0.087	0.028	0.057	0.045	0.049	0.04	0.114	0.031	0.071	0.036	0.048	0.043	0.109	0.023	0.023	0.088	0.055	0.103	0.109	0.104
GO:0030837	0.033	0.303	0.142	0.049	0.103	0.061	0.1	0.04	0.031	0.02	0.02	0.019	0.037	0.02	0.063	0.036	0.039	0.129	0.043	0.04	0.034	0.035	0.212	0.082	0.019	0.013	0.103	0.046	0.177	0.026	0.023	0.041	0.179	0.04	0.053	0.033	0.034	0.034	0.019	0.082	0.205	0.02	0	0.162	0.032	0.014	0.037	0.107	0.047	0.029	0.025	0.021	0.033	0.153	0.057	0.024	0.096	0.018	0.103	0.019	0.521	0.164	0.056	0.098	0.465	1	0.113	0	0.474	0.034	0.25	0.061	0.057	0.042	0.469	0.526	0.024	0.028	0.157	0.254	0.026	0.017	0.275	0.061	0.024	0	0.025	0.132	0.176	0.067	0.061	0.028	0	0.122	0.026	0.103	0	0.046	0.036	0.027	0.038	0.026	0.218	0.041	0.09	0.048	0.182	0.03	0.031	0.046	0.028	0.273	0.026	0.012	0.03	0.024	0.012	0.017	0.026	0.017	0.033	0.026	0.028	0.038	0.194	0.225	0.068	0.102	0.023	0.026	0.082	0.06	0.034	0.031	0.017	0.031	0.171	0.06	0.02	0.043	0.041	0.039	0.03	0.082	0.024	0.054	0.026	0.036	0.032	0.076	0.017	0.017	0.077	0.042	0.072	0.079	0.115
GO:0002764	0.407	0.136	0.2	0.128	0.59	0.152	0.578	0.112	0.211	0.119	0.119	0.102	0.21	0.051	0.145	0.093	0.094	0.132	0.109	0.198	0.185	0.081	0.132	0.363	0.093	0.181	0.59	0.116	0.11	0.145	0.054	0.094	0.127	0.101	0.236	0.095	0.1	0.185	0.049	0.2	0.136	0.054	0	0.114	0.074	0.042	0.099	0.107	0.123	0.061	0.061	0.047	0.08	0.103	0.136	0.125	0.333	0.045	0.59	0.047	0.198	0.077	0.135	0.135	0.155	0.113	1	0	0.234	0.084	0.356	0.152	0.135	0.099	0.223	0.19	0.13	0.064	0.114	0.089	0.08	0.047	0.163	0.152	0.107	0	0.071	0.102	0.086	0.071	0.152	0.064	0	0.274	0.074	0.454	0	0.108	0.092	0.068	0.103	0.08	0.144	0.096	0.08	0.126	0.235	0.084	0.062	0.079	0.062	0.085	0.066	0.038	0.248	0.127	0.038	0.041	0.066	0.04	0.202	0.074	0.07	0.101	0.157	0.078	0.152	0.114	0.104	0.145	0.2	0.149	0.082	0.182	0.101	0.182	0.119	0.393	0.119	0.104	0.09	0.087	0.082	0.2	0.07	0.227	0.145	0.156	0.09	0.43	0.101	0.101	0.153	0.1	0.685	0.187	0.088
GO:0170034	0	0	0	0	0	0	0	0	0	0	0	0	0	0	0	0	0	0	0	0	0	0	0	0	0	0	0	0	0	0	0	0	0	0	0	0	0	0	0	0	0	0	0	0	0	0	0	0	0	0	0	0	0	0	0	0	0	0	0	0	0	0	0	0	0	0	0	1	0	0	0	0	0	0	0	0	0	0	0	0	0	0	0	0	0	0	0	0	0	0	0	0	0	0	0	0	0	0	0	0	0	0	0	0	0	0	0	0	0	0	0	0	0	0	0	0	0	0	0	0	0	0	0	0	0	0	0	0	0	0	0	0	0	0	0	0	0	0	0	0	0	0	0	0	0	0	0	0	0	0	0	0	0	0	0	0	0
GO:0032956	0.072	0.63	0.343	0.112	0.247	0.137	0.217	0.094	0.077	0.048	0.048	0.041	0.082	0.044	0.131	0.078	0.08	0.181	0.105	0.078	0.077	0.069	0.274	0.183	0.04	0.031	0.247	0.1	0.105	0.059	0.043	0.081	0.192	0.086	0.119	0.078	0.082	0.077	0.043	0.186	0.381	0.048	0	0.319	0.068	0.034	0.083	0.204	0.107	0.051	0.055	0.042	0.066	0.286	0.122	0.051	0.213	0.039	0.247	0.041	0.322	0.193	0.133	0.133	0.607	0.474	0.234	0	1	0.07	0.607	0.137	0.121	0.085	0.364	0.605	0.053	0.052	0.218	0.156	0.063	0.04	0.288	0.137	0.052	0	0.056	0.259	0.217	0.084	0.137	0.053	0	0.268	0.059	0.234	0	0.104	0.077	0.055	0.087	0.063	0.239	0.082	0.15	0.11	0.373	0.068	0.056	0.074	0.051	0.216	0.059	0.031	0.061	0.051	0.031	0.036	0.059	0.034	0.066	0.059	0.057	0.085	0.221	0.181	0.143	0.146	0.046	0.059	0.186	0.134	0.077	0.071	0.04	0.071	0.322	0.142	0.048	0.09	0.076	0.074	0.067	0.186	0.055	0.109	0.059	0.082	0.074	0.176	0.04	0.04	0.142	0.086	0.159	0.174	0.147
GO:0046394	0.067	0.111	0.176	0.099	0.085	0.125	0.07	0.081	0.063	0.042	0.042	0.036	0.07	0.039	0.121	0.412	0.517	0.103	0.042	0.069	0.073	0.254	0.103	0.058	0.035	0.026	0.085	0.396	0.047	0.054	0.357	0.222	0.039	0.421	0.03	0.065	0.167	0.073	0.355	0.176	0.111	0.042	0	0.083	0.064	0.029	0.071	0.078	0.23	0.173	0.477	0.038	0.056	0.074	0.111	0.046	0.064	0.14	0.085	0.34	0.065	0.051	0.054	0.054	0.044	0.034	0.084	0	0.07	1	0.113	0.125	0.584	0.282	0.074	0.059	0.141	0.28	0.083	0.063	0.167	0.153	0.089	0.125	0.047	0	0.152	0.07	0.058	0.135	0.305	0.179	0	0.097	0.15	0.064	0	0.101	0.066	0.045	0.074	0.167	0.075	0.235	0.057	0.098	0.068	0.178	0.021	0.029	0.043	0.058	0.054	0.025	0.051	0.047	0.025	0.031	0.132	0.124	0.056	0.16	0.147	0.176	0.099	0.05	0.133	0.083	0.042	0.054	0.176	0.123	0.176	0.058	0.034	0.058	0.091	0.044	0.042	0.079	0.044	0.065	0.055	0.176	0.144	0.241	0.054	0.07	0.061	0.057	0.034	0.034	0.136	0.248	0.042	0.164	0.138
GO:0032970	0.12	0.366	0.595	0.197	0.418	0.235	0.343	0.171	0.144	0.085	0.085	0.068	0.141	0.076	0.21	0.131	0.128	0.207	0.186	0.121	0.133	0.107	0.207	0.294	0.067	0.055	0.418	0.169	0.096	0.104	0.066	0.127	0.175	0.144	0.188	0.142	0.153	0.133	0.073	0.323	0.199	0.085	0	0.177	0.112	0.065	0.142	0.161	0.185	0.075	0.094	0.064	0.106	0.151	0.199	0.083	0.34	0.063	0.418	0.068	0.297	0.105	0.23	0.23	0.366	0.25	0.356	0	0.607	0.113	1	0.235	0.196	0.136	0.347	0.298	0.087	0.079	0.177	0.123	0.116	0.073	0.251	0.235	0.086	0	0.096	0.157	0.122	0.094	0.235	0.08	0	0.425	0.103	0.384	0	0.181	0.129	0.089	0.152	0.116	0.226	0.129	0.107	0.193	0.384	0.117	0.107	0.136	0.077	0.121	0.104	0.059	0.099	0.084	0.059	0.057	0.104	0.054	0.105	0.103	0.09	0.147	0.23	0.11	0.221	0.177	0.074	0.104	0.323	0.228	0.133	0.123	0.073	0.123	0.175	0.232	0.085	0.146	0.131	0.114	0.115	0.323	0.098	0.172	0.104	0.146	0.131	0.289	0.073	0.073	0.233	0.138	0.252	0.291	0.121
GO:0031589	0.141	0.227	0.388	0.837	0.181	0.669	0.138	0.486	0.168	0.101	0.101	0.078	0.16	0.088	0.239	0.147	0.143	0.244	0.101	0.133	0.16	0.117	0.244	0.112	0.076	0.063	0.181	0.193	0.106	0.123	0.07	0.14	0.069	0.163	0.061	0.164	0.179	0.16	0.083	0.388	0.227	0.101	0	0.208	0.13	0.076	0.161	0.186	0.214	0.08	0.11	0.071	0.116	0.173	0.227	0.095	0.131	0.071	0.181	0.078	0.124	0.116	0.123	0.123	0.084	0.061	0.152	0	0.137	0.125	0.235	1	0.224	0.151	0.147	0.124	0.101	0.085	0.208	0.137	0.132	0.086	0.193	0.669	0.098	0	0.106	0.184	0.138	0.103	0.276	0.086	0	0.449	0.114	0.13	0	0.221	0.145	0.097	0.174	0.132	0.176	0.143	0.117	0.225	0.152	0.132	0.06	0.076	0.083	0.136	0.123	0.069	0.108	0.097	0.069	0.064	0.123	0.06	0.115	0.115	0.098	0.168	0.191	0.124	0.083	0.208	0.083	0.123	0.388	0.266	0.16	0.139	0.086	0.139	0.201	0.093	0.101	0.164	0.104	0.124	0.128	0.388	0.109	0.193	0.123	0.167	0.149	0.119	0.086	0.086	0.15	0.154	0.083	0.342	0.135
GO:0006082	0.114	0.191	0.306	0.188	0.154	0.224	0.121	0.163	0.138	0.081	0.081	0.066	0.136	0.073	0.202	0.401	0.623	0.197	0.081	0.118	0.126	0.442	0.197	0.094	0.064	0.053	0.154	0.394	0.093	0.099	0.321	0.389	0.065	0.463	0.053	0.136	0.355	0.126	0.311	0.306	0.191	0.081	0	0.169	0.107	0.062	0.137	0.154	0.428	0.294	0.4	0.062	0.103	0.145	0.191	0.079	0.115	0.257	0.154	0.294	0.11	0.101	0.099	0.099	0.077	0.057	0.135	0	0.121	0.584	0.196	0.224	1	0.325	0.129	0.109	0.279	0.253	0.169	0.119	0.367	0.31	0.162	0.224	0.082	0	0.31	0.15	0.118	0.276	0.543	0.317	0	0.16	0.319	0.107	0	0.17	0.124	0.086	0.146	0.367	0.147	0.409	0.103	0.184	0.13	0.363	0.049	0.062	0.076	0.117	0.099	0.056	0.096	0.081	0.056	0.055	0.24	0.222	0.102	0.331	0.279	0.343	0.164	0.106	0.244	0.169	0.071	0.099	0.306	0.218	0.306	0.119	0.069	0.119	0.168	0.084	0.081	0.141	0.091	0.11	0.111	0.306	0.313	0.403	0.099	0.14	0.125	0.105	0.069	0.069	0.262	0.436	0.071	0.277	0.267
GO:1902969	0.079	0.133	0.208	0.123	0.105	0.151	0.086	0.104	0.084	0.053	0.053	0.044	0.09	0.048	0.143	0.613	0.197	0.128	0.053	0.084	0.086	0.168	0.128	0.068	0.044	0.034	0.105	0.331	0.062	0.066	0.251	0.292	0.048	0.333	0.037	0.086	0.148	0.086	0.27	0.208	0.133	0.053	0	0.107	0.075	0.038	0.09	0.099	0.215	0.123	0.2	0.045	0.071	0.095	0.133	0.055	0.079	0.161	0.105	0.258	0.079	0.067	0.066	0.066	0.055	0.042	0.099	0	0.085	0.282	0.136	0.151	0.325	1	0.09	0.074	0.151	0.347	0.107	0.08	0.154	0.181	0.109	0.151	0.057	0	0.148	0.092	0.076	0.124	0.293	0.127	0	0.115	0.161	0.075	0	0.117	0.083	0.058	0.095	0.154	0.096	0.203	0.071	0.121	0.086	0.206	0.03	0.038	0.054	0.075	0.066	0.034	0.065	0.056	0.034	0.038	0.127	0.142	0.07	0.157	0.167	0.16	0.117	0.067	0.13	0.107	0.05	0.066	0.208	0.148	0.174	0.077	0.044	0.077	0.113	0.057	0.053	0.097	0.059	0.079	0.072	0.208	0.132	0.229	0.066	0.09	0.08	0.072	0.044	0.044	0.138	0.214	0.05	0.466	0.123
GO:1902904	0.077	0.26	0.202	0.12	0.234	0.147	0.206	0.101	0.082	0.051	0.051	0.043	0.088	0.047	0.14	0.082	0.084	0.214	0.106	0.082	0.083	0.072	0.522	0.179	0.043	0.033	0.234	0.107	0.142	0.064	0.045	0.085	0.209	0.091	0.112	0.084	0.089	0.083	0.046	0.202	0.26	0.051	0	0.279	0.073	0.037	0.088	0.26	0.114	0.053	0.059	0.044	0.07	0.248	0.13	0.054	0.201	0.041	0.234	0.043	0.559	0.173	0.136	0.136	0.355	0.469	0.223	0	0.364	0.074	0.347	0.147	0.129	0.09	1	0.524	0.056	0.055	0.279	0.199	0.067	0.043	0.34	0.147	0.055	0	0.059	0.237	0.196	0.101	0.147	0.055	0	0.258	0.062	0.234	0	0.113	0.082	0.057	0.093	0.067	0.289	0.086	0.188	0.118	0.417	0.072	0.053	0.072	0.053	0.194	0.064	0.033	0.064	0.055	0.033	0.038	0.064	0.036	0.069	0.062	0.059	0.09	0.263	0.17	0.131	0.176	0.049	0.064	0.202	0.144	0.083	0.075	0.043	0.075	0.227	0.128	0.051	0.095	0.075	0.078	0.071	0.202	0.058	0.116	0.064	0.088	0.078	0.162	0.043	0.043	0.172	0.091	0.154	0.187	0.188
GO:0051494	0.066	0.423	0.174	0.098	0.192	0.124	0.171	0.08	0.062	0.042	0.042	0.036	0.07	0.038	0.12	0.066	0.069	0.176	0.089	0.068	0.072	0.058	0.282	0.155	0.035	0.025	0.192	0.088	0.108	0.054	0.035	0.07	0.171	0.074	0.094	0.064	0.068	0.072	0.037	0.174	0.423	0.042	0	0.344	0.063	0.028	0.07	0.21	0.093	0.043	0.05	0.037	0.056	0.307	0.11	0.046	0.167	0.034	0.192	0.036	0.462	0.208	0.117	0.117	0.378	0.526	0.19	0	0.605	0.059	0.298	0.124	0.109	0.074	0.524	1	0.047	0.044	0.224	0.16	0.05	0.034	0.285	0.124	0.047	0	0.044	0.282	0.235	0.079	0.124	0.044	0	0.218	0.047	0.205	0	0.1	0.065	0.045	0.073	0.05	0.235	0.071	0.153	0.096	0.337	0.056	0.04	0.057	0.043	0.233	0.054	0.025	0.05	0.046	0.025	0.031	0.054	0.03	0.055	0.047	0.047	0.072	0.217	0.197	0.106	0.141	0.042	0.054	0.174	0.121	0.072	0.058	0.034	0.058	0.363	0.099	0.042	0.078	0.056	0.064	0.055	0.174	0.042	0.098	0.054	0.069	0.06	0.13	0.034	0.034	0.137	0.075	0.133	0.161	0.15
GO:0002377	0.304	0.085	0.14	0.085	0.068	0.101	0.053	0.073	0.065	0.089	0.089	0.071	0.06	0.079	0.1	0.227	0.204	0.089	0.089	0.051	0.339	0.153	0.089	0.102	0.069	0.139	0.068	0.135	0.113	0.264	0.177	0.231	0.03	0.207	0.056	0.061	0.114	0.14	0.236	0.14	0.085	0.089	0	0.076	0.116	0.067	0.061	0.069	0.148	0.106	0.192	0.066	0.045	0.065	0.085	0.086	0.054	0.415	0.068	0.222	0.048	0.044	0.109	0.109	0.033	0.024	0.13	0	0.053	0.141	0.087	0.101	0.279	0.151	0.056	0.047	1	0.229	0.076	0.052	0.205	0.525	0.072	0.101	0.089	0	0.281	0.067	0.052	0.222	0.198	0.12	0	0.07	0.161	0.283	0	0.191	0.063	0.037	0.065	0.205	0.066	0.171	0.045	0.083	0.057	0.194	0.054	0.067	0.032	0.051	0.109	0.062	0.108	0.087	0.062	0.059	0.213	0.24	0.123	0.301	0.203	0.113	0.072	0.047	0.206	0.076	0.076	0.109	0.14	0.098	0.285	0.053	0.076	0.053	0.075	0.036	0.089	0.062	0.04	0.048	0.049	0.14	0.262	0.143	0.109	0.18	0.056	0.046	0.076	0.076	0.242	0.183	0.184	0.125	0.085
GO:0006412	0.045	0.078	0.116	0.067	0.06	0.085	0.053	0.055	0.043	0.028	0.028	0.025	0.05	0.027	0.086	0.535	0.327	0.069	0.028	0.052	0.048	0.24	0.069	0.041	0.025	0.018	0.06	0.279	0.035	0.036	0.806	0.375	0.032	0.293	0.022	0.045	0.114	0.048	0.238	0.116	0.078	0.028	0	0.056	0.044	0.02	0.05	0.054	0.357	0.26	0.154	0.028	0.042	0.052	0.078	0.032	0.048	0.448	0.06	0.283	0.05	0.038	0.036	0.036	0.035	0.028	0.064	0	0.052	0.28	0.079	0.085	0.253	0.347	0.055	0.044	0.229	1	0.056	0.046	0.242	0.267	0.062	0.085	0.033	0	0.293	0.047	0.042	0.253	0.206	0.249	0	0.071	0.368	0.044	0	0.065	0.048	0.034	0.052	0.242	0.052	0.322	0.043	0.067	0.049	0.431	0.015	0.02	0.035	0.041	0.036	0.017	0.038	0.033	0.017	0.023	0.088	0.334	0.042	0.305	0.288	0.124	0.072	0.036	0.263	0.056	0.03	0.036	0.116	0.084	0.116	0.042	0.023	0.042	0.064	0.034	0.028	0.058	0.033	0.05	0.04	0.116	0.272	0.175	0.036	0.049	0.043	0.043	0.023	0.023	0.189	0.335	0.03	0.11	0.102
GO:0071826	0.113	0.367	0.311	0.164	0.128	0.208	0.097	0.133	0.102	0.071	0.071	0.055	0.107	0.062	0.185	0.098	0.098	0.319	0.071	0.094	0.128	0.08	0.527	0.089	0.054	0.039	0.128	0.137	0.269	0.093	0.044	0.099	0.122	0.111	0.043	0.103	0.112	0.128	0.059	0.311	0.367	0.071	0	0.422	0.104	0.048	0.107	0.377	0.151	0.054	0.083	0.053	0.077	0.351	0.171	0.071	0.089	0.051	0.128	0.055	0.339	0.221	0.093	0.093	0.145	0.157	0.114	0	0.218	0.083	0.177	0.208	0.169	0.107	0.279	0.224	0.076	0.056	1	0.584	0.077	0.057	0.416	0.208	0.074	0	0.063	0.352	0.263	0.119	0.208	0.057	0	0.139	0.068	0.104	0	0.187	0.096	0.06	0.116	0.077	0.357	0.101	0.236	0.16	0.277	0.083	0.034	0.048	0.055	0.388	0.093	0.041	0.07	0.073	0.041	0.045	0.093	0.042	0.076	0.068	0.063	0.112	0.307	0.338	0.053	0.255	0.062	0.093	0.311	0.201	0.128	0.087	0.057	0.087	0.321	0.058	0.071	0.116	0.062	0.087	0.08	0.311	0.062	0.145	0.093	0.109	0.093	0.079	0.057	0.057	0.106	0.108	0.062	0.274	0.375
GO:0022618	0.074	0.243	0.195	0.109	0.092	0.137	0.075	0.089	0.069	0.046	0.046	0.039	0.076	0.042	0.131	0.071	0.074	0.537	0.046	0.073	0.08	0.063	0.327	0.063	0.038	0.028	0.092	0.096	0.427	0.06	0.037	0.076	0.168	0.08	0.032	0.071	0.075	0.08	0.041	0.195	0.243	0.046	0	0.261	0.07	0.032	0.077	0.242	0.103	0.046	0.055	0.04	0.06	0.23	0.12	0.05	0.068	0.037	0.092	0.039	0.44	0.288	0.06	0.06	0.197	0.254	0.089	0	0.156	0.063	0.123	0.137	0.119	0.08	0.199	0.16	0.052	0.046	0.584	1	0.054	0.038	0.278	0.137	0.051	0	0.048	0.217	0.435	0.239	0.137	0.047	0	0.103	0.051	0.07	0	0.113	0.071	0.048	0.081	0.054	0.233	0.077	0.172	0.107	0.187	0.061	0.023	0.032	0.045	0.59	0.06	0.027	0.054	0.051	0.027	0.034	0.06	0.032	0.059	0.051	0.05	0.079	0.214	0.503	0.044	0.434	0.045	0.06	0.195	0.134	0.08	0.063	0.038	0.063	0.208	0.046	0.046	0.085	0.047	0.069	0.059	0.195	0.046	0.107	0.06	0.076	0.066	0.061	0.038	0.038	0.08	0.081	0.045	0.18	0.251
GO:0006399	0.077	0.113	0.201	0.098	0.08	0.132	0.063	0.074	0.051	0.044	0.044	0.036	0.062	0.04	0.126	0.239	0.345	0.102	0.044	0.062	0.085	0.461	0.102	0.064	0.035	0.023	0.08	0.205	0.035	0.06	0.46	0.666	0.032	0.232	0.029	0.054	0.141	0.085	0.17	0.201	0.113	0.044	0	0.077	0.072	0.026	0.062	0.07	0.404	0.31	0.133	0.038	0.047	0.066	0.113	0.049	0.056	0.325	0.08	0.233	0.058	0.04	0.06	0.06	0.035	0.026	0.08	0	0.063	0.167	0.116	0.132	0.367	0.154	0.067	0.05	0.205	0.242	0.077	0.054	1	0.247	0.085	0.132	0.05	0	0.529	0.059	0.047	0.514	0.32	0.298	0	0.095	0.204	0.072	0	0.125	0.057	0.034	0.066	0.78	0.067	0.573	0.047	0.096	0.059	0.26	0.017	0.026	0.035	0.046	0.06	0.021	0.041	0.049	0.021	0.03	0.146	0.28	0.047	0.564	0.579	0.156	0.097	0.037	0.438	0.077	0.043	0.06	0.201	0.128	0.207	0.047	0.033	0.047	0.087	0.033	0.044	0.074	0.032	0.058	0.044	0.201	0.594	0.238	0.06	0.061	0.05	0.048	0.033	0.033	0.153	0.53	0.043	0.182	0.113
GO:0140053	0.113	0.071	0.128	0.067	0.053	0.086	0.04	0.055	0.045	0.071	0.071	0.055	0.044	0.062	0.088	0.267	0.222	0.071	0.071	0.039	0.128	0.164	0.071	0.089	0.054	0.039	0.053	0.137	0.033	0.093	0.209	0.265	0.022	0.229	0.043	0.042	0.112	0.128	0.264	0.128	0.071	0.071	0	0.057	0.104	0.048	0.044	0.051	0.151	0.111	0.201	0.053	0.032	0.048	0.071	0.071	0.041	0.502	0.053	0.247	0.036	0.03	0.093	0.093	0.023	0.017	0.047	0	0.04	0.153	0.073	0.086	0.31	0.181	0.043	0.034	0.525	0.267	0.057	0.038	0.247	1	0.056	0.086	0.074	0	0.519	0.048	0.036	0.272	0.208	0.127	0	0.057	0.193	0.104	0	0.187	0.048	0.025	0.048	0.247	0.048	0.185	0.032	0.066	0.042	0.23	0.034	0.048	0.022	0.035	0.093	0.041	0.031	0.073	0.041	0.045	0.227	0.276	0.038	0.369	0.247	0.112	0.059	0.03	0.244	0.057	0.062	0.093	0.128	0.083	0.311	0.036	0.057	0.036	0.059	0.024	0.071	0.048	0.026	0.036	0.033	0.128	0.327	0.145	0.093	0.058	0.038	0.033	0.057	0.057	0.302	0.2	0.062	0.113	0.081
GO:0032535	0.101	0.37	0.273	0.157	0.184	0.193	0.151	0.132	0.107	0.068	0.068	0.055	0.11	0.061	0.176	0.102	0.102	0.303	0.165	0.098	0.112	0.085	0.501	0.162	0.054	0.042	0.184	0.135	0.201	0.085	0.051	0.102	0.201	0.114	0.098	0.107	0.115	0.112	0.058	0.273	0.37	0.068	0	0.416	0.095	0.049	0.111	0.379	0.147	0.06	0.077	0.053	0.083	0.357	0.164	0.068	0.145	0.051	0.184	0.055	0.291	0.242	0.207	0.381	0.197	0.275	0.163	0	0.288	0.089	0.251	0.193	0.162	0.109	0.34	0.285	0.072	0.062	0.416	0.278	0.085	0.056	1	0.193	0.071	0	0.071	0.359	0.281	0.132	0.193	0.063	0	0.194	0.076	0.203	0	0.157	0.101	0.068	0.118	0.085	0.88	0.104	0.254	0.154	0.347	0.089	0.166	0.217	0.061	0.279	0.085	0.043	0.076	0.07	0.043	0.046	0.085	0.044	0.082	0.076	0.07	0.114	0.712	0.247	0.093	0.252	0.061	0.085	0.273	0.188	0.112	0.093	0.056	0.093	0.332	0.098	0.068	0.117	0.157	0.092	0.087	0.273	0.071	0.143	0.085	0.112	0.099	0.124	0.056	0.056	0.148	0.111	0.133	0.246	0.263
GO:0098609	0.141	0.227	0.388	0.56	0.181	0.669	0.138	0.726	0.168	0.101	0.101	0.078	0.16	0.088	0.239	0.147	0.143	0.244	0.101	0.133	0.16	0.117	0.244	0.112	0.076	0.063	0.181	0.193	0.106	0.123	0.07	0.14	0.069	0.163	0.061	0.164	0.179	0.16	0.083	0.388	0.227	0.101	0	0.208	0.13	0.076	0.161	0.186	0.214	0.08	0.11	0.071	0.116	0.173	0.227	0.095	0.131	0.071	0.181	0.078	0.124	0.116	0.123	0.123	0.084	0.061	0.152	0	0.137	0.125	0.235	0.669	0.224	0.151	0.147	0.124	0.101	0.085	0.208	0.137	0.132	0.086	0.193	1	0.098	0	0.106	0.184	0.138	0.103	0.276	0.086	0	0.449	0.114	0.13	0	0.221	0.145	0.097	0.174	0.132	0.176	0.143	0.117	0.225	0.152	0.132	0.06	0.076	0.083	0.136	0.123	0.069	0.108	0.097	0.069	0.064	0.123	0.06	0.115	0.115	0.098	0.168	0.191	0.124	0.083	0.208	0.083	0.123	0.388	0.266	0.16	0.139	0.086	0.139	0.201	0.093	0.101	0.164	0.104	0.124	0.128	0.388	0.109	0.193	0.123	0.167	0.149	0.119	0.086	0.086	0.15	0.154	0.083	0.342	0.135
GO:0009615	0.259	0.083	0.136	0.083	0.122	0.098	0.104	0.072	0.063	0.173	0.173	0.139	0.114	0.077	0.098	0.054	0.066	0.087	0.087	0.16	0.136	0.048	0.087	0.212	0.59	0.105	0.122	0.071	0.046	0.106	0.027	0.053	0.029	0.065	0.19	0.059	0.064	0.508	0.074	0.136	0.083	0.087	0	0.074	0.114	0.066	0.059	0.067	0.077	0.034	0.096	0.065	0.044	0.063	0.083	0.276	0.053	0.064	0.122	0.069	0.047	0.044	0.106	0.106	0.032	0.024	0.107	0	0.052	0.047	0.086	0.098	0.082	0.057	0.055	0.047	0.089	0.033	0.074	0.051	0.05	0.074	0.071	0.098	1	0	0.043	0.066	0.051	0.039	0.098	0.038	0	0.069	0.043	0.114	0	0.185	0.061	0.037	0.063	0.05	0.064	0.054	0.044	0.081	0.056	0.049	0.052	0.066	0.032	0.05	0.106	0.06	0.356	0.262	0.06	0.058	0.106	0.055	0.128	0.046	0.04	0.061	0.071	0.046	0.034	0.074	0.653	0.218	0.136	0.096	0.136	0.097	0.144	0.097	0.073	0.067	0.297	0.061	0.039	0.047	0.048	0.136	0.043	0.122	0.218	0.072	0.055	0.081	0.144	0.144	0.056	0.057	0.154	0.122	0.05
GO:0170040	0	0	0	0	0	0	0	0	0	0	0	0	0	0	0	0	0	0	0	0	0	0	0	0	0	0	0	0	0	0	0	0	0	0	0	0	0	0	0	0	0	0	0	0	0	0	0	0	0	0	0	0	0	0	0	0	0	0	0	0	0	0	0	0	0	0	0	0	0	0	0	0	0	0	0	0	0	0	0	0	0	0	0	0	0	1	0	0	0	0	0	0	0	0	0	0	0	0	0	0	0	0	0	0	0	0	0	0	0	0	0	0	0	0	0	0	0	0	0	0	0	0	0	0	0	0	0	0	0	0	0	0	0	0	0	0	0	0	0	0	0	0	0	0	0	0	0	0	0	0	0	0	0	0	0	0	0
GO:0000963	0.063	0.094	0.157	0.08	0.068	0.106	0.056	0.062	0.043	0.038	0.038	0.032	0.053	0.035	0.105	0.218	0.301	0.083	0.038	0.055	0.068	0.405	0.083	0.055	0.031	0.021	0.068	0.173	0.032	0.05	0.343	0.581	0.03	0.203	0.027	0.046	0.119	0.068	0.15	0.157	0.094	0.038	0	0.063	0.06	0.024	0.054	0.059	0.328	0.285	0.113	0.035	0.042	0.056	0.094	0.042	0.05	0.388	0.068	0.203	0.052	0.037	0.05	0.05	0.033	0.025	0.071	0	0.056	0.152	0.096	0.106	0.31	0.148	0.059	0.044	0.281	0.293	0.063	0.048	0.529	0.519	0.071	0.106	0.043	0	1	0.05	0.041	0.513	0.258	0.271	0	0.081	0.19	0.06	0	0.097	0.05	0.032	0.056	0.529	0.057	0.494	0.043	0.079	0.051	0.236	0.017	0.024	0.033	0.041	0.05	0.02	0.037	0.043	0.02	0.028	0.121	0.255	0.042	0.677	0.472	0.134	0.083	0.033	0.522	0.063	0.039	0.05	0.157	0.104	0.166	0.042	0.03	0.042	0.073	0.031	0.038	0.064	0.029	0.052	0.039	0.157	0.58	0.204	0.05	0.052	0.043	0.043	0.03	0.03	0.203	0.453	0.039	0.145	0.101
GO:0032200	0.102	0.443	0.281	0.141	0.111	0.184	0.084	0.111	0.081	0.061	0.061	0.048	0.089	0.054	0.166	0.082	0.084	0.274	0.061	0.082	0.116	0.068	0.453	0.081	0.046	0.032	0.111	0.118	0.137	0.082	0.036	0.086	0.102	0.095	0.037	0.083	0.091	0.116	0.051	0.281	0.443	0.061	0	0.55	0.094	0.038	0.09	0.315	0.13	0.046	0.073	0.048	0.065	0.459	0.152	0.063	0.076	0.044	0.111	0.048	0.199	0.281	0.082	0.082	0.163	0.132	0.102	0	0.259	0.07	0.157	0.184	0.15	0.092	0.237	0.282	0.067	0.047	0.352	0.217	0.059	0.048	0.359	0.184	0.066	0	0.05	1	0.334	0.097	0.184	0.048	0	0.124	0.054	0.094	0	0.172	0.081	0.049	0.097	0.059	0.298	0.087	0.199	0.137	0.227	0.067	0.026	0.038	0.046	0.33	0.082	0.032	0.057	0.065	0.032	0.039	0.082	0.037	0.064	0.054	0.052	0.093	0.26	0.276	0.044	0.213	0.055	0.082	0.281	0.178	0.116	0.071	0.048	0.071	0.381	0.048	0.061	0.1	0.049	0.076	0.065	0.281	0.048	0.129	0.082	0.09	0.076	0.067	0.048	0.048	0.092	0.094	0.055	0.248	0.201
GO:0042255	0.076	0.348	0.203	0.106	0.088	0.138	0.071	0.084	0.062	0.046	0.046	0.038	0.071	0.041	0.131	0.066	0.069	0.526	0.046	0.069	0.084	0.058	0.336	0.064	0.037	0.025	0.088	0.093	0.216	0.06	0.032	0.071	0.164	0.076	0.031	0.064	0.069	0.084	0.04	0.203	0.348	0.046	0	0.411	0.072	0.029	0.071	0.242	0.1	0.041	0.055	0.039	0.055	0.358	0.119	0.05	0.063	0.035	0.088	0.038	0.293	0.494	0.06	0.06	0.233	0.176	0.086	0	0.217	0.058	0.122	0.138	0.118	0.076	0.196	0.235	0.052	0.042	0.263	0.435	0.047	0.036	0.281	0.138	0.051	0	0.041	0.334	1	0.319	0.138	0.042	0	0.101	0.044	0.072	0	0.121	0.065	0.042	0.076	0.047	0.232	0.073	0.167	0.104	0.182	0.054	0.02	0.029	0.041	0.403	0.06	0.024	0.048	0.05	0.024	0.032	0.06	0.03	0.054	0.044	0.045	0.073	0.211	0.341	0.038	0.623	0.045	0.06	0.203	0.135	0.084	0.057	0.036	0.057	0.296	0.041	0.046	0.081	0.041	0.064	0.053	0.203	0.039	0.104	0.06	0.07	0.06	0.056	0.036	0.036	0.075	0.077	0.045	0.185	0.165
GO:0006364	0.057	0.132	0.148	0.08	0.069	0.103	0.058	0.063	0.047	0.034	0.034	0.029	0.055	0.031	0.102	0.186	0.266	0.39	0.034	0.056	0.061	0.35	0.151	0.05	0.029	0.019	0.069	0.157	0.094	0.045	0.32	0.494	0.081	0.18	0.025	0.049	0.107	0.061	0.125	0.148	0.132	0.034	0	0.119	0.054	0.022	0.056	0.111	0.288	0.249	0.097	0.032	0.045	0.107	0.092	0.038	0.052	0.319	0.069	0.17	0.132	0.12	0.045	0.045	0.095	0.067	0.071	0	0.084	0.135	0.094	0.103	0.276	0.124	0.101	0.079	0.222	0.253	0.119	0.239	0.514	0.272	0.132	0.103	0.039	0	0.513	0.097	0.319	1	0.232	0.233	0	0.081	0.156	0.054	0	0.086	0.052	0.035	0.058	0.651	0.108	0.435	0.083	0.078	0.091	0.196	0.015	0.022	0.035	0.126	0.045	0.018	0.04	0.039	0.018	0.026	0.103	0.214	0.045	0.539	0.478	0.121	0.118	0.107	0.431	0.465	0.035	0.045	0.148	0.101	0.143	0.045	0.027	0.045	0.108	0.034	0.034	0.065	0.033	0.054	0.042	0.148	0.623	0.187	0.045	0.054	0.046	0.046	0.027	0.027	0.167	0.399	0.035	0.138	0.127
GO:0006790	0.141	0.227	0.388	0.231	0.181	0.276	0.138	0.2	0.168	0.101	0.101	0.078	0.16	0.088	0.239	0.357	0.347	0.244	0.101	0.133	0.16	0.285	0.244	0.112	0.076	0.063	0.181	0.701	0.106	0.123	0.171	0.34	0.069	0.396	0.061	0.164	0.435	0.16	0.203	0.388	0.227	0.101	0	0.208	0.13	0.076	0.161	0.186	0.519	0.285	0.266	0.071	0.116	0.173	0.227	0.095	0.131	0.173	0.181	0.189	0.124	0.116	0.123	0.123	0.084	0.061	0.152	0	0.137	0.305	0.235	0.276	0.543	0.293	0.147	0.124	0.198	0.206	0.208	0.137	0.32	0.208	0.193	0.276	0.098	0	0.258	0.184	0.138	0.232	1	0.302	0	0.185	0.278	0.13	0	0.221	0.145	0.097	0.174	0.32	0.176	0.347	0.117	0.225	0.152	0.32	0.06	0.076	0.083	0.136	0.123	0.069	0.108	0.097	0.069	0.064	0.3	0.146	0.115	0.278	0.239	0.408	0.191	0.124	0.201	0.208	0.083	0.123	0.388	0.266	0.388	0.139	0.086	0.139	0.201	0.093	0.101	0.164	0.104	0.124	0.128	0.388	0.265	0.468	0.123	0.167	0.149	0.119	0.086	0.086	0.214	0.373	0.083	0.342	0.308
GO:0035337	0.051	0.079	0.117	0.068	0.061	0.086	0.053	0.056	0.044	0.034	0.034	0.03	0.051	0.032	0.087	0.161	0.338	0.07	0.034	0.052	0.054	0.62	0.07	0.046	0.03	0.023	0.061	0.219	0.035	0.042	0.258	0.388	0.032	0.28	0.027	0.046	0.115	0.054	0.196	0.117	0.079	0.034	0	0.057	0.049	0.025	0.051	0.054	0.377	0.932	0.152	0.032	0.043	0.053	0.079	0.037	0.048	0.235	0.061	0.171	0.05	0.038	0.042	0.042	0.035	0.028	0.064	0	0.053	0.179	0.08	0.086	0.317	0.127	0.055	0.044	0.12	0.249	0.057	0.047	0.298	0.127	0.063	0.086	0.038	0	0.271	0.048	0.042	0.233	0.302	1	0	0.071	0.178	0.049	0	0.072	0.048	0.035	0.053	0.298	0.053	0.56	0.043	0.068	0.049	0.211	0.02	0.025	0.035	0.042	0.042	0.022	0.039	0.038	0.022	0.027	0.102	0.215	0.043	0.282	0.237	0.126	0.072	0.036	0.259	0.057	0.035	0.042	0.117	0.085	0.13	0.042	0.028	0.042	0.064	0.034	0.034	0.058	0.033	0.05	0.041	0.117	0.25	0.177	0.042	0.049	0.044	0.043	0.028	0.028	0.115	0.453	0.035	0.112	0.103
GO:0170033	0	0	0	0	0	0	0	0	0	0	0	0	0	0	0	0	0	0	0	0	0	0	0	0	0	0	0	0	0	0	0	0	0	0	0	0	0	0	0	0	0	0	0	0	0	0	0	0	0	0	0	0	0	0	0	0	0	0	0	0	0	0	0	0	0	0	0	0	0	0	0	0	0	0	0	0	0	0	0	0	0	0	0	0	0	0	0	0	0	0	0	0	1	0	0	0	0	0	0	0	0	0	0	0	0	0	0	0	0	0	0	0	0	0	0	0	0	0	0	0	0	0	0	0	0	0	0	0	0	0	0	0	0	0	0	0	0	0	0	0	0	0	0	0	0	0	0	0	0	0	0	0	0	0	0	0	0
GO:0045785	0.094	0.162	0.247	0.378	0.301	0.449	0.258	0.329	0.114	0.067	0.067	0.056	0.116	0.061	0.172	0.109	0.109	0.162	0.133	0.104	0.102	0.093	0.162	0.33	0.055	0.045	0.301	0.138	0.082	0.081	0.059	0.108	0.224	0.119	0.139	0.114	0.121	0.102	0.059	0.247	0.162	0.067	0	0.139	0.089	0.051	0.117	0.129	0.148	0.068	0.074	0.054	0.091	0.123	0.162	0.067	0.254	0.052	0.301	0.056	0.225	0.089	0.166	0.166	0.172	0.122	0.274	0	0.268	0.097	0.425	0.449	0.16	0.115	0.258	0.218	0.07	0.071	0.139	0.103	0.095	0.057	0.194	0.449	0.069	0	0.081	0.124	0.101	0.081	0.185	0.071	0	1	0.086	0.278	0	0.136	0.108	0.077	0.123	0.095	0.172	0.11	0.092	0.153	0.276	0.098	0.075	0.096	0.069	0.1	0.081	0.047	0.085	0.068	0.047	0.048	0.081	0.046	0.09	0.086	0.079	0.12	0.183	0.091	0.169	0.139	0.061	0.081	0.247	0.181	0.102	0.102	0.057	0.102	0.142	0.273	0.067	0.122	0.103	0.098	0.096	0.247	0.082	0.143	0.081	0.118	0.107	0.213	0.057	0.057	0.177	0.116	0.187	0.228	0.102
GO:0018057	0.064	0.1	0.169	0.086	0.072	0.114	0.059	0.066	0.047	0.037	0.037	0.031	0.057	0.034	0.112	0.269	0.377	0.089	0.037	0.058	0.07	0.22	0.089	0.055	0.03	0.019	0.072	0.184	0.034	0.05	0.273	0.368	0.031	0.205	0.026	0.049	0.128	0.07	0.139	0.169	0.1	0.037	0	0.068	0.061	0.022	0.057	0.063	0.261	0.181	0.112	0.034	0.045	0.06	0.1	0.042	0.052	0.414	0.072	0.196	0.054	0.038	0.05	0.05	0.034	0.026	0.074	0	0.059	0.15	0.103	0.114	0.319	0.161	0.062	0.047	0.161	0.368	0.068	0.051	0.204	0.193	0.076	0.114	0.043	0	0.19	0.054	0.044	0.156	0.278	0.178	0	0.086	1	0.061	0	0.101	0.053	0.033	0.06	0.204	0.061	0.309	0.045	0.084	0.055	0.661	0.014	0.022	0.034	0.043	0.05	0.018	0.039	0.042	0.018	0.027	0.121	0.364	0.044	0.201	0.245	0.142	0.088	0.035	0.172	0.068	0.038	0.05	0.169	0.112	0.169	0.044	0.028	0.044	0.078	0.032	0.037	0.067	0.031	0.054	0.042	0.169	0.168	0.216	0.05	0.055	0.046	0.045	0.028	0.028	0.128	0.326	0.038	0.156	0.107
GO:0002682	0.38	0.108	0.176	0.112	0.285	0.13	0.236	0.1	0.09	0.119	0.119	0.093	0.081	0.105	0.123	0.075	0.085	0.119	0.254	0.067	0.427	0.063	0.119	0.385	0.091	0.192	0.285	0.095	0.151	0.342	0.037	0.07	0.121	0.087	0.252	0.085	0.092	0.176	0.099	0.176	0.108	0.119	0	0.104	0.145	0.094	0.082	0.094	0.105	0.043	0.126	0.083	0.06	0.088	0.108	0.11	0.24	0.086	0.285	0.093	0.198	0.061	0.307	0.307	0.149	0.103	0.454	0	0.234	0.064	0.384	0.13	0.107	0.075	0.234	0.205	0.283	0.044	0.104	0.07	0.072	0.104	0.203	0.13	0.114	0	0.06	0.094	0.072	0.054	0.13	0.049	0	0.278	0.061	1	0	0.234	0.082	0.051	0.088	0.072	0.188	0.071	0.06	0.11	0.265	0.069	0.158	0.197	0.043	0.071	0.141	0.088	0.143	0.112	0.088	0.077	0.141	0.073	0.159	0.065	0.054	0.085	0.172	0.066	0.156	0.104	0.097	0.141	0.176	0.126	0.176	0.073	0.104	0.073	0.099	0.162	0.119	0.081	0.109	0.062	0.067	0.176	0.062	0.092	0.141	0.237	0.077	0.198	0.104	0.104	0.216	0.076	0.665	0.156	0.069
GO:0170036	0	0	0	0	0	0	0	0	0	0	0	0	0	0	0	0	0	0	0	0	0	0	0	0	0	0	0	0	0	0	0	0	0	0	0	0	0	0	0	0	0	0	0	0	0	0	0	0	0	0	0	0	0	0	0	0	0	0	0	0	0	0	0	0	0	0	0	0	0	0	0	0	0	0	0	0	0	0	0	0	0	0	0	0	0	0	0	0	0	0	0	0	0	0	0	0	1	0	0	0	0	0	0	0	0	0	0	0	0	0	0	0	0	0	0	0	0	0	0	0	0	0	0	0	0	0	0	0	0	0	0	0	0	0	0	0	0	0	0	0	0	0	0	0	0	0	0	0	0	0	0	0	0	0	0	0	0
GO:0040011	0.259	0.174	0.306	0.195	0.145	0.221	0.105	0.178	0.162	0.21	0.21	0.153	0.135	0.177	0.461	0.122	0.129	0.21	0.21	0.246	0.306	0.095	0.21	0.194	0.148	0.136	0.145	0.157	0.098	0.246	0.056	0.107	0.053	0.14	0.114	0.148	0.166	0.306	0.166	0.306	0.174	0.21	0	0.187	0.234	0.172	0.136	0.163	0.177	0.062	0.211	0.125	0.093	0.149	0.174	0.428	0.108	0.137	0.145	0.153	0.093	0.098	0.246	0.246	0.064	0.046	0.108	0	0.104	0.101	0.181	0.221	0.17	0.117	0.113	0.1	0.191	0.065	0.187	0.113	0.125	0.187	0.157	0.221	0.185	0	0.097	0.172	0.121	0.086	0.221	0.072	0	0.136	0.101	0.234	0	1	0.13	0.08	0.149	0.125	0.152	0.109	0.094	0.189	0.127	0.114	0.141	0.172	0.063	0.119	0.246	0.162	0.092	0.181	0.162	0.12	0.246	0.112	0.222	0.106	0.082	0.143	0.141	0.111	0.068	0.187	0.15	0.246	0.306	0.211	0.306	0.122	0.187	0.122	0.165	0.077	0.21	0.128	0.091	0.093	0.111	0.306	0.103	0.142	0.246	0.364	0.132	0.096	0.187	0.187	0.116	0.119	0.15	0.259	0.11
GO:0072594	0.087	0.126	0.207	0.114	0.096	0.145	0.078	0.094	0.072	0.058	0.058	0.048	0.08	0.052	0.22	0.074	0.077	0.119	0.058	0.12	0.094	0.065	0.119	0.073	0.047	0.036	0.096	0.101	0.052	0.072	0.038	0.078	0.041	0.084	0.04	0.659	0.079	0.094	0.05	0.207	0.126	0.258	0	0.096	0.082	0.042	0.08	0.089	0.108	0.047	0.066	0.048	0.519	0.084	0.27	0.06	0.071	0.045	0.096	0.048	0.071	0.057	0.072	0.072	0.047	0.036	0.092	0	0.077	0.066	0.129	0.145	0.124	0.083	0.082	0.065	0.063	0.048	0.096	0.071	0.057	0.048	0.101	0.145	0.061	0	0.05	0.081	0.065	0.052	0.145	0.048	0	0.108	0.053	0.082	0	0.13	1	0.614	0.281	0.057	0.085	0.08	0.587	0.113	0.077	0.063	0.032	0.042	0.568	0.065	0.304	0.166	0.056	0.061	0.166	0.243	0.072	0.039	0.096	0.053	0.052	0.082	0.11	0.056	0.045	0.096	0.054	0.072	0.207	0.141	0.094	0.066	0.048	0.066	0.104	0.048	0.058	0.29	0.049	0.16	0.154	0.207	0.048	0.111	0.072	0.127	0.172	0.063	0.048	0.048	0.083	0.084	0.054	0.189	0.07
GO:0045047	0.053	0.087	0.138	0.075	0.065	0.097	0.055	0.059	0.044	0.032	0.032	0.028	0.052	0.029	0.147	0.05	0.053	0.077	0.032	0.079	0.057	0.046	0.077	0.047	0.027	0.018	0.065	0.068	0.034	0.042	0.027	0.056	0.031	0.056	0.024	0.392	0.049	0.057	0.029	0.138	0.087	0.224	0	0.06	0.051	0.02	0.053	0.057	0.072	0.035	0.039	0.03	0.813	0.055	0.221	0.036	0.049	0.026	0.065	0.028	0.051	0.038	0.042	0.042	0.034	0.027	0.068	0	0.055	0.045	0.089	0.097	0.086	0.058	0.057	0.045	0.037	0.034	0.06	0.048	0.034	0.025	0.068	0.097	0.037	0	0.032	0.049	0.042	0.035	0.097	0.035	0	0.077	0.033	0.051	0	0.08	0.614	1	0.329	0.034	0.055	0.056	0.38	0.074	0.051	0.041	0.014	0.02	0.668	0.042	0.179	0.28	0.038	0.037	0.28	0.284	0.042	0.024	0.06	0.033	0.036	0.054	0.078	0.035	0.032	0.06	0.033	0.042	0.138	0.095	0.057	0.042	0.025	0.042	0.069	0.033	0.032	0.367	0.032	0.153	0.167	0.138	0.029	0.079	0.042	0.074	0.146	0.044	0.025	0.025	0.058	0.059	0.033	0.129	0.047
GO:0006913	0.094	0.148	0.254	0.137	0.111	0.174	0.087	0.112	0.086	0.059	0.059	0.048	0.093	0.053	0.244	0.086	0.088	0.144	0.059	0.126	0.104	0.072	0.144	0.077	0.047	0.034	0.111	0.118	0.058	0.077	0.041	0.088	0.044	0.097	0.038	0.213	0.095	0.104	0.051	0.254	0.148	0.402	0	0.116	0.088	0.04	0.093	0.105	0.129	0.051	0.07	0.048	0.41	0.099	0.373	0.061	0.08	0.044	0.111	0.048	0.079	0.065	0.077	0.077	0.051	0.038	0.103	0	0.087	0.074	0.152	0.174	0.146	0.095	0.093	0.073	0.065	0.052	0.116	0.081	0.066	0.048	0.118	0.174	0.063	0	0.056	0.097	0.076	0.058	0.174	0.053	0	0.123	0.06	0.088	0	0.149	0.281	0.329	1	0.066	0.101	0.09	0.22	0.134	0.088	0.073	0.029	0.04	0.462	0.075	0.187	0.221	0.063	0.063	0.221	0.225	0.077	0.038	0.099	0.06	0.057	0.096	0.126	0.064	0.049	0.116	0.055	0.077	0.254	0.169	0.104	0.076	0.048	0.076	0.122	0.053	0.059	0.6	0.055	0.205	0.192	0.254	0.055	0.127	0.077	0.137	0.219	0.071	0.048	0.048	0.094	0.096	0.055	0.228	0.079
GO:0016072	0.077	0.113	0.201	0.098	0.08	0.132	0.063	0.074	0.051	0.044	0.044	0.036	0.062	0.04	0.126	0.239	0.345	0.102	0.044	0.062	0.085	0.461	0.102	0.064	0.035	0.023	0.08	0.205	0.035	0.06	0.374	0.666	0.032	0.232	0.029	0.054	0.141	0.085	0.17	0.201	0.113	0.044	0	0.077	0.072	0.026	0.062	0.07	0.404	0.31	0.133	0.038	0.047	0.066	0.113	0.049	0.056	0.325	0.08	0.233	0.058	0.04	0.06	0.06	0.035	0.026	0.08	0	0.063	0.167	0.116	0.132	0.367	0.154	0.067	0.05	0.205	0.242	0.077	0.054	0.78	0.247	0.085	0.132	0.05	0	0.529	0.059	0.047	0.651	0.32	0.298	0	0.095	0.204	0.072	0	0.125	0.057	0.034	0.066	1	0.067	0.573	0.047	0.096	0.059	0.26	0.017	0.026	0.035	0.046	0.06	0.021	0.041	0.049	0.021	0.03	0.146	0.28	0.047	0.564	0.479	0.156	0.097	0.037	0.438	0.077	0.043	0.06	0.201	0.128	0.207	0.047	0.033	0.047	0.087	0.033	0.044	0.074	0.032	0.058	0.044	0.201	0.594	0.238	0.06	0.061	0.05	0.048	0.033	0.033	0.153	0.53	0.043	0.182	0.113
GO:0008361	0.095	0.319	0.258	0.139	0.159	0.176	0.131	0.113	0.087	0.06	0.06	0.048	0.094	0.054	0.162	0.086	0.088	0.269	0.146	0.085	0.106	0.073	0.444	0.147	0.047	0.034	0.159	0.119	0.159	0.078	0.041	0.089	0.165	0.098	0.084	0.089	0.096	0.106	0.051	0.258	0.319	0.06	0	0.357	0.089	0.04	0.094	0.324	0.13	0.051	0.071	0.048	0.07	0.305	0.149	0.062	0.124	0.045	0.159	0.048	0.247	0.199	0.19	0.349	0.161	0.218	0.144	0	0.239	0.075	0.226	0.176	0.147	0.096	0.289	0.235	0.066	0.052	0.357	0.233	0.067	0.048	0.88	0.176	0.064	0	0.057	0.298	0.232	0.108	0.176	0.053	0	0.172	0.061	0.188	0	0.152	0.085	0.055	0.101	0.067	1	0.091	0.214	0.136	0.289	0.073	0.131	0.181	0.051	0.23	0.078	0.035	0.063	0.063	0.035	0.04	0.078	0.038	0.069	0.061	0.058	0.097	0.775	0.198	0.076	0.216	0.055	0.078	0.258	0.171	0.106	0.077	0.048	0.077	0.278	0.078	0.06	0.103	0.122	0.08	0.072	0.258	0.055	0.129	0.078	0.094	0.081	0.103	0.048	0.048	0.126	0.097	0.118	0.231	0.219
GO:0072521	0.075	0.126	0.195	0.116	0.1	0.143	0.082	0.098	0.08	0.05	0.05	0.042	0.085	0.046	0.136	0.255	0.453	0.121	0.05	0.08	0.08	0.561	0.121	0.065	0.042	0.032	0.1	0.253	0.059	0.062	0.387	0.612	0.047	0.299	0.036	0.081	0.208	0.08	0.198	0.195	0.126	0.05	0	0.101	0.071	0.036	0.086	0.094	0.496	0.554	0.14	0.043	0.068	0.09	0.126	0.052	0.076	0.334	0.1	0.189	0.076	0.064	0.062	0.062	0.053	0.041	0.096	0	0.082	0.235	0.129	0.143	0.409	0.203	0.086	0.071	0.171	0.322	0.101	0.077	0.573	0.185	0.104	0.143	0.054	0	0.494	0.087	0.073	0.435	0.347	0.56	0	0.11	0.309	0.071	0	0.109	0.08	0.056	0.09	0.573	0.091	1	0.069	0.115	0.082	0.353	0.028	0.036	0.052	0.072	0.062	0.032	0.063	0.053	0.032	0.037	0.15	0.296	0.068	0.521	0.427	0.214	0.112	0.064	0.414	0.101	0.048	0.062	0.195	0.14	0.195	0.073	0.041	0.073	0.107	0.055	0.05	0.093	0.057	0.076	0.069	0.195	0.489	0.275	0.062	0.086	0.076	0.069	0.041	0.041	0.168	0.794	0.048	0.181	0.171
GO:0051205	0.063	0.224	0.164	0.093	0.08	0.117	0.067	0.076	0.059	0.039	0.039	0.034	0.066	0.037	0.174	0.063	0.066	0.176	0.039	0.097	0.067	0.056	0.291	0.055	0.033	0.024	0.08	0.083	0.121	0.051	0.034	0.068	0.098	0.07	0.029	0.45	0.064	0.067	0.035	0.164	0.224	0.176	0	0.236	0.06	0.027	0.067	0.346	0.089	0.042	0.047	0.036	0.45	0.212	0.203	0.043	0.061	0.032	0.08	0.034	0.166	0.149	0.051	0.051	0.11	0.09	0.08	0	0.15	0.057	0.107	0.117	0.103	0.071	0.188	0.153	0.045	0.043	0.236	0.172	0.047	0.032	0.254	0.117	0.044	0	0.043	0.199	0.167	0.083	0.117	0.043	0	0.092	0.045	0.06	0	0.094	0.587	0.38	0.22	0.047	0.214	0.069	1	0.092	0.176	0.053	0.02	0.027	0.362	0.166	0.226	0.104	0.049	0.044	0.104	0.183	0.051	0.029	0.076	0.045	0.045	0.068	0.2	0.143	0.04	0.143	0.04	0.051	0.164	0.115	0.067	0.055	0.032	0.055	0.193	0.042	0.039	0.234	0.042	0.124	0.111	0.164	0.041	0.094	0.051	0.096	0.122	0.055	0.032	0.032	0.071	0.072	0.04	0.153	0.162
GO:0003341	0.119	0.187	0.325	0.183	0.145	0.225	0.111	0.154	0.124	0.08	0.08	0.062	0.124	0.07	0.351	0.114	0.113	0.193	0.08	0.184	0.134	0.093	0.193	0.095	0.061	0.047	0.145	0.154	0.08	0.101	0.054	0.113	0.055	0.128	0.049	0.123	0.134	0.134	0.066	0.325	0.187	0.08	0	0.16	0.11	0.057	0.125	0.144	0.17	0.064	0.09	0.059	0.091	0.134	0.187	0.078	0.103	0.057	0.145	0.062	0.1	0.088	0.101	0.101	0.066	0.048	0.126	0	0.11	0.098	0.193	0.225	0.184	0.121	0.118	0.096	0.083	0.067	0.16	0.107	0.096	0.066	0.154	0.225	0.081	0	0.079	0.137	0.104	0.078	0.225	0.068	0	0.153	0.084	0.11	0	0.189	0.113	0.074	0.134	0.096	0.136	0.115	0.092	1	0.118	0.1	0.043	0.057	0.065	0.103	0.101	0.05	0.083	0.08	0.05	0.051	0.101	0.048	0.149	0.085	0.076	0.13	0.158	0.091	0.064	0.16	0.069	0.101	0.325	0.846	0.134	0.105	0.066	0.105	0.295	0.071	0.08	0.131	0.077	0.1	0.097	0.598	0.079	0.159	0.101	0.217	0.112	0.093	0.066	0.066	0.12	0.123	0.068	0.288	0.105
GO:0120035	0.082	0.255	0.219	0.12	0.251	0.152	0.216	0.098	0.076	0.052	0.052	0.043	0.083	0.047	0.143	0.077	0.08	0.218	0.116	0.078	0.09	0.067	0.35	0.199	0.042	0.03	0.251	0.105	0.124	0.067	0.039	0.081	0.204	0.087	0.12	0.078	0.083	0.09	0.045	0.219	0.255	0.052	0	0.277	0.077	0.035	0.083	0.255	0.114	0.048	0.061	0.044	0.064	0.498	0.132	0.055	0.211	0.04	0.251	0.043	0.362	0.331	0.153	0.153	0.243	0.182	0.235	0	0.373	0.068	0.384	0.152	0.13	0.086	0.417	0.337	0.057	0.049	0.277	0.187	0.059	0.042	0.347	0.152	0.056	0	0.051	0.227	0.182	0.091	0.152	0.049	0	0.276	0.055	0.265	0	0.127	0.077	0.051	0.088	0.059	0.289	0.082	0.176	0.118	1	0.066	0.054	0.076	0.048	0.181	0.067	0.03	0.058	0.056	0.03	0.036	0.067	0.035	0.063	0.055	0.053	0.086	0.26	0.153	0.132	0.174	0.049	0.067	0.219	0.149	0.09	0.069	0.042	0.069	0.217	0.129	0.052	0.092	0.07	0.073	0.064	0.219	0.05	0.115	0.067	0.083	0.072	0.168	0.042	0.042	0.138	0.088	0.169	0.199	0.175
GO:0043687	0.073	0.115	0.193	0.101	0.085	0.132	0.068	0.08	0.059	0.043	0.043	0.036	0.068	0.039	0.126	0.322	0.433	0.106	0.043	0.067	0.079	0.257	0.106	0.061	0.035	0.024	0.085	0.216	0.042	0.058	0.329	0.429	0.036	0.24	0.03	0.062	0.16	0.079	0.162	0.193	0.115	0.043	0	0.083	0.069	0.028	0.069	0.076	0.305	0.21	0.129	0.038	0.053	0.072	0.115	0.048	0.061	0.483	0.085	0.228	0.063	0.047	0.058	0.058	0.04	0.03	0.084	0	0.068	0.178	0.117	0.132	0.363	0.206	0.072	0.056	0.194	0.431	0.083	0.061	0.26	0.23	0.089	0.132	0.049	0	0.236	0.067	0.054	0.196	0.32	0.211	0	0.098	0.661	0.069	0	0.114	0.063	0.041	0.073	0.26	0.073	0.353	0.053	0.1	0.066	1	0.019	0.028	0.04	0.054	0.058	0.023	0.047	0.048	0.023	0.031	0.14	0.422	0.052	0.25	0.3	0.171	0.1	0.045	0.205	0.083	0.043	0.058	0.193	0.129	0.193	0.055	0.034	0.055	0.092	0.04	0.043	0.078	0.039	0.063	0.051	0.193	0.217	0.245	0.058	0.067	0.057	0.054	0.034	0.034	0.156	0.375	0.043	0.177	0.13
GO:0055064	0.083	0.05	0.093	0.044	0.065	0.06	0.057	0.033	0.025	0.046	0.046	0.037	0.027	0.041	0.066	0.025	0.04	0.046	0.112	0.026	0.093	0.025	0.046	0.12	0.036	0.022	0.065	0.037	0.021	0.064	0.011	0.028	0.046	0.034	0.06	0.023	0.025	0.093	0.039	0.093	0.05	0.046	0	0.034	0.077	0.026	0.027	0.031	0.041	0.017	0.058	0.039	0.02	0.029	0.05	0.051	0.058	0.034	0.065	0.037	0.045	0.017	0.156	0.288	0.031	0.031	0.062	0	0.056	0.021	0.107	0.06	0.049	0.03	0.053	0.04	0.054	0.015	0.034	0.023	0.017	0.034	0.166	0.06	0.052	0	0.017	0.026	0.02	0.015	0.06	0.02	0	0.075	0.014	0.158	0	0.141	0.032	0.014	0.029	0.017	0.131	0.028	0.02	0.043	0.054	0.019	1	0.675	0.014	0.02	0.064	0.02	0.02	0.052	0.02	0.03	0.064	0.029	0.026	0.018	0.018	0.028	0.196	0.016	0.032	0.034	0.045	0.064	0.093	0.058	0.093	0.02	0.034	0.02	0.039	0.027	0.046	0.032	0.245	0.025	0.019	0.093	0.015	0.043	0.064	0.038	0.021	0.038	0.034	0.034	0.046	0.03	0.092	0.083	0.023
GO:0055081	0.102	0.063	0.116	0.058	0.088	0.076	0.074	0.046	0.037	0.061	0.061	0.048	0.037	0.054	0.08	0.034	0.049	0.061	0.149	0.034	0.116	0.032	0.061	0.15	0.046	0.032	0.088	0.049	0.028	0.082	0.015	0.035	0.062	0.044	0.08	0.034	0.037	0.116	0.051	0.116	0.063	0.061	0	0.048	0.094	0.038	0.037	0.043	0.054	0.022	0.073	0.048	0.027	0.04	0.063	0.063	0.076	0.044	0.088	0.048	0.061	0.024	0.2	0.368	0.042	0.046	0.079	0	0.074	0.029	0.136	0.076	0.062	0.038	0.072	0.057	0.067	0.02	0.048	0.032	0.026	0.048	0.217	0.076	0.066	0	0.024	0.038	0.029	0.022	0.076	0.025	0	0.096	0.022	0.197	0	0.172	0.042	0.02	0.04	0.026	0.181	0.036	0.027	0.057	0.076	0.028	0.675	1	0.019	0.029	0.082	0.032	0.026	0.065	0.032	0.039	0.082	0.037	0.033	0.026	0.024	0.038	0.26	0.024	0.044	0.048	0.055	0.082	0.116	0.073	0.116	0.029	0.048	0.029	0.051	0.04	0.061	0.041	0.283	0.031	0.027	0.116	0.022	0.053	0.082	0.05	0.031	0.055	0.048	0.048	0.064	0.039	0.117	0.102	0.031
GO:0006606	0.044	0.076	0.113	0.066	0.059	0.083	0.052	0.054	0.042	0.028	0.028	0.025	0.049	0.026	0.128	0.047	0.05	0.067	0.028	0.075	0.046	0.044	0.067	0.04	0.024	0.018	0.059	0.061	0.034	0.035	0.028	0.052	0.032	0.052	0.022	0.361	0.046	0.046	0.026	0.113	0.076	0.194	0	0.055	0.043	0.019	0.049	0.052	0.063	0.035	0.034	0.027	0.688	0.051	0.199	0.032	0.047	0.024	0.059	0.025	0.049	0.037	0.035	0.035	0.034	0.028	0.062	0	0.051	0.043	0.077	0.083	0.076	0.054	0.053	0.043	0.032	0.035	0.055	0.045	0.035	0.022	0.061	0.083	0.032	0	0.033	0.046	0.041	0.035	0.083	0.035	0	0.069	0.034	0.043	0	0.063	0.568	0.668	0.462	0.035	0.051	0.052	0.362	0.065	0.048	0.04	0.014	0.019	1	0.04	0.15	0.248	0.038	0.032	0.248	0.263	0.035	0.022	0.059	0.034	0.036	0.05	0.07	0.035	0.032	0.055	0.03	0.035	0.113	0.081	0.046	0.041	0.022	0.041	0.062	0.033	0.028	0.337	0.032	0.148	0.161	0.113	0.031	0.07	0.035	0.07	0.142	0.042	0.022	0.022	0.054	0.054	0.03	0.107	0.045
GO:0033108	0.075	0.344	0.2	0.105	0.087	0.136	0.07	0.083	0.061	0.045	0.045	0.037	0.07	0.041	0.13	0.065	0.069	0.319	0.045	0.068	0.083	0.057	0.332	0.063	0.036	0.025	0.087	0.092	0.405	0.06	0.032	0.071	0.152	0.075	0.03	0.064	0.068	0.083	0.039	0.2	0.344	0.045	0	0.616	0.071	0.029	0.071	0.239	0.099	0.041	0.055	0.039	0.054	0.355	0.118	0.049	0.063	0.035	0.087	0.037	0.422	0.351	0.06	0.06	0.217	0.273	0.085	0	0.216	0.058	0.121	0.136	0.117	0.075	0.194	0.233	0.051	0.041	0.388	0.59	0.046	0.035	0.279	0.136	0.05	0	0.041	0.33	0.403	0.126	0.136	0.042	0	0.1	0.043	0.071	0	0.119	0.065	0.042	0.075	0.046	0.23	0.072	0.166	0.103	0.181	0.054	0.02	0.029	0.04	1	0.06	0.024	0.048	0.05	0.024	0.032	0.06	0.03	0.054	0.044	0.044	0.073	0.21	0.838	0.038	0.247	0.044	0.06	0.2	0.133	0.083	0.056	0.035	0.056	0.293	0.04	0.045	0.08	0.04	0.064	0.053	0.2	0.038	0.104	0.06	0.069	0.059	0.055	0.035	0.035	0.075	0.076	0.044	0.183	0.237
GO:0006403	0.154	0.1	0.176	0.103	0.08	0.123	0.06	0.089	0.078	0.11	0.11	0.083	0.071	0.095	0.255	0.064	0.077	0.11	0.11	0.13	0.176	0.054	0.11	0.12	0.081	0.067	0.08	0.085	0.053	0.135	0.03	0.061	0.032	0.077	0.064	0.325	0.08	0.176	0.09	0.176	0.1	0.267	0	0.093	0.141	0.082	0.071	0.083	0.095	0.037	0.119	0.075	0.215	0.077	0.207	0.102	0.061	0.076	0.08	0.083	0.053	0.05	0.135	0.135	0.036	0.026	0.066	0	0.059	0.054	0.104	0.123	0.099	0.066	0.064	0.054	0.109	0.036	0.093	0.06	0.06	0.093	0.085	0.123	0.106	0	0.05	0.082	0.06	0.045	0.123	0.042	0	0.081	0.05	0.141	0	0.246	0.304	0.179	0.187	0.06	0.078	0.062	0.226	0.101	0.067	0.058	0.064	0.082	0.15	0.06	1	0.182	0.05	0.104	0.182	0.456	0.135	0.063	0.115	0.054	0.045	0.074	0.083	0.054	0.037	0.093	0.088	0.135	0.176	0.119	0.176	0.061	0.093	0.061	0.089	0.04	0.11	0.173	0.045	0.114	0.126	0.176	0.05	0.084	0.135	0.18	0.147	0.052	0.093	0.093	0.065	0.067	0.088	0.154	0.059
GO:0015849	0.095	0.057	0.107	0.052	0.041	0.069	0.031	0.04	0.031	0.055	0.055	0.042	0.032	0.048	0.153	0.029	0.045	0.055	0.055	0.063	0.107	0.028	0.055	0.076	0.041	0.027	0.041	0.043	0.024	0.075	0.012	0.032	0.017	0.039	0.033	0.07	0.031	0.107	0.045	0.107	0.057	0.403	0	0.041	0.088	0.032	0.032	0.037	0.048	0.019	0.067	0.044	0.34	0.034	0.272	0.058	0.032	0.039	0.041	0.042	0.028	0.021	0.075	0.075	0.017	0.012	0.038	0	0.031	0.025	0.059	0.069	0.056	0.034	0.033	0.025	0.062	0.017	0.041	0.027	0.021	0.041	0.043	0.069	0.06	0	0.02	0.032	0.024	0.018	0.069	0.022	0	0.047	0.018	0.088	0	0.162	0.166	0.28	0.221	0.021	0.035	0.032	0.104	0.05	0.03	0.023	0.02	0.032	0.248	0.024	0.182	1	0.023	0.059	0.682	0.454	0.075	0.033	0.051	0.022	0.021	0.033	0.048	0.019	0.018	0.041	0.051	0.075	0.107	0.067	0.107	0.025	0.041	0.025	0.045	0.017	0.055	0.231	0.016	0.189	0.284	0.107	0.018	0.048	0.075	0.077	0.219	0.024	0.041	0.041	0.034	0.035	0.051	0.095	0.027
GO:0071346	0.364	0.097	0.153	0.085	0.158	0.108	0.139	0.068	0.051	0.246	0.404	0.209	0.652	0.036	0.107	0.056	0.06	0.087	0.039	0.291	0.161	0.051	0.087	0.131	0.454	0.14	0.158	0.076	0.071	0.121	0.03	0.062	0.034	0.064	0.198	0.054	0.057	0.273	0.035	0.153	0.097	0.039	0	0.07	0.059	0.026	0.06	0.065	0.081	0.039	0.046	0.036	0.048	0.063	0.097	0.233	0.055	0.032	0.158	0.033	0.057	0.043	0.05	0.05	0.038	0.03	0.248	0	0.061	0.051	0.099	0.108	0.096	0.065	0.064	0.05	0.108	0.038	0.07	0.054	0.041	0.031	0.076	0.108	0.356	0	0.037	0.057	0.048	0.04	0.108	0.039	0	0.085	0.039	0.143	0	0.092	0.056	0.038	0.063	0.041	0.063	0.063	0.049	0.083	0.058	0.047	0.02	0.026	0.038	0.048	0.05	0.023	1	0.217	0.023	0.029	0.05	0.028	0.236	0.039	0.04	0.061	0.087	0.041	0.036	0.07	0.555	0.325	0.153	0.106	0.066	0.527	0.32	0.527	0.078	0.086	0.152	0.069	0.037	0.057	0.046	0.153	0.035	0.273	0.212	0.108	0.051	0.401	0.32	0.32	0.065	0.066	0.232	0.143	0.053
GO:0042594	0.291	0.082	0.133	0.081	0.148	0.097	0.125	0.071	0.062	0.381	0.207	0.166	0.141	0.076	0.096	0.054	0.066	0.085	0.085	0.18	0.133	0.048	0.085	0.238	0.336	0.134	0.148	0.07	0.045	0.104	0.027	0.052	0.029	0.064	0.31	0.058	0.063	0.538	0.073	0.133	0.082	0.085	0	0.073	0.112	0.065	0.059	0.066	0.076	0.033	0.094	0.064	0.044	0.062	0.082	0.302	0.053	0.063	0.148	0.068	0.047	0.043	0.104	0.104	0.032	0.024	0.127	0	0.051	0.047	0.084	0.097	0.081	0.056	0.055	0.046	0.087	0.033	0.073	0.051	0.049	0.073	0.07	0.097	0.262	0	0.043	0.065	0.05	0.039	0.097	0.038	0	0.068	0.042	0.112	0	0.181	0.061	0.037	0.063	0.049	0.063	0.053	0.044	0.08	0.056	0.048	0.052	0.065	0.032	0.05	0.104	0.059	0.217	1	0.059	0.057	0.104	0.054	0.148	0.046	0.039	0.061	0.07	0.045	0.034	0.073	0.365	0.465	0.133	0.094	0.133	0.123	0.177	0.123	0.072	0.086	0.751	0.06	0.039	0.047	0.047	0.133	0.043	0.146	0.252	0.071	0.054	0.102	0.177	0.177	0.056	0.057	0.179	0.12	0.05
GO:0015711	0.095	0.057	0.107	0.052	0.041	0.069	0.031	0.04	0.031	0.055	0.055	0.042	0.032	0.048	0.153	0.029	0.045	0.055	0.055	0.063	0.107	0.028	0.055	0.076	0.041	0.027	0.041	0.043	0.024	0.075	0.012	0.032	0.017	0.039	0.033	0.07	0.031	0.107	0.045	0.107	0.057	0.403	0	0.041	0.088	0.032	0.032	0.037	0.048	0.019	0.067	0.044	0.34	0.034	0.272	0.058	0.032	0.039	0.041	0.042	0.028	0.021	0.075	0.075	0.017	0.012	0.038	0	0.031	0.025	0.059	0.069	0.056	0.034	0.033	0.025	0.062	0.017	0.041	0.027	0.021	0.041	0.043	0.069	0.06	0	0.02	0.032	0.024	0.018	0.069	0.022	0	0.047	0.018	0.088	0	0.162	0.166	0.28	0.221	0.021	0.035	0.032	0.104	0.05	0.03	0.023	0.02	0.032	0.248	0.024	0.182	0.682	0.023	0.059	1	0.454	0.075	0.033	0.051	0.022	0.021	0.033	0.048	0.019	0.018	0.041	0.051	0.075	0.107	0.067	0.107	0.025	0.041	0.025	0.045	0.017	0.055	0.231	0.016	0.189	0.284	0.107	0.018	0.048	0.075	0.077	0.219	0.024	0.041	0.041	0.034	0.035	0.051	0.095	0.027
GO:0050658	0.081	0.056	0.088	0.052	0.044	0.064	0.036	0.044	0.038	0.054	0.054	0.045	0.038	0.049	0.146	0.035	0.047	0.054	0.054	0.077	0.088	0.034	0.054	0.069	0.044	0.034	0.044	0.046	0.031	0.067	0.019	0.036	0.022	0.043	0.038	0.146	0.038	0.088	0.048	0.088	0.056	0.347	0	0.045	0.077	0.039	0.038	0.042	0.049	0.025	0.062	0.046	0.34	0.04	0.262	0.056	0.036	0.043	0.044	0.045	0.033	0.028	0.067	0.067	0.023	0.017	0.041	0	0.036	0.031	0.057	0.064	0.055	0.038	0.038	0.031	0.059	0.023	0.045	0.034	0.03	0.045	0.046	0.064	0.058	0	0.028	0.039	0.032	0.026	0.064	0.027	0	0.048	0.027	0.077	0	0.12	0.243	0.284	0.225	0.03	0.04	0.037	0.183	0.051	0.036	0.031	0.03	0.039	0.263	0.032	0.456	0.454	0.029	0.057	0.454	1	0.067	0.038	0.068	0.03	0.027	0.039	0.049	0.028	0.024	0.045	0.051	0.067	0.088	0.062	0.088	0.032	0.045	0.032	0.047	0.024	0.054	0.232	0.025	0.187	0.236	0.088	0.027	0.05	0.067	0.092	0.208	0.03	0.045	0.045	0.038	0.039	0.051	0.081	0.033
GO:0046148	0.154	0.1	0.176	0.103	0.08	0.123	0.06	0.089	0.078	0.11	0.11	0.083	0.071	0.095	0.117	0.156	0.187	0.11	0.11	0.058	0.176	0.132	0.11	0.12	0.081	0.067	0.08	0.207	0.053	0.135	0.073	0.147	0.032	0.187	0.064	0.073	0.194	0.176	0.218	0.176	0.1	0.11	0	0.093	0.141	0.082	0.071	0.083	0.231	0.089	0.289	0.075	0.05	0.077	0.1	0.102	0.061	0.185	0.08	0.203	0.053	0.05	0.135	0.135	0.036	0.026	0.066	0	0.059	0.132	0.104	0.123	0.24	0.127	0.064	0.054	0.213	0.088	0.093	0.06	0.146	0.227	0.085	0.123	0.106	0	0.121	0.082	0.06	0.103	0.3	0.102	0	0.081	0.121	0.141	0	0.246	0.072	0.042	0.077	0.146	0.078	0.15	0.051	0.101	0.067	0.14	0.064	0.082	0.035	0.06	0.135	0.075	0.05	0.104	0.075	0.067	1	0.154	0.057	0.131	0.109	0.18	0.083	0.054	0.091	0.093	0.088	0.135	0.176	0.119	0.428	0.061	0.093	0.061	0.089	0.04	0.11	0.071	0.045	0.053	0.056	0.176	0.123	0.204	0.135	0.088	0.065	0.052	0.093	0.093	0.133	0.162	0.088	0.154	0.134
GO:0030163	0.076	0.053	0.082	0.049	0.042	0.06	0.035	0.041	0.036	0.051	0.051	0.043	0.036	0.047	0.065	0.199	0.418	0.051	0.051	0.034	0.082	0.23	0.051	0.066	0.042	0.033	0.042	0.106	0.029	0.063	0.271	0.309	0.021	0.171	0.036	0.034	0.088	0.082	0.188	0.082	0.053	0.051	0	0.042	0.073	0.037	0.036	0.04	0.195	0.205	0.143	0.044	0.029	0.038	0.053	0.054	0.035	0.582	0.042	0.268	0.032	0.027	0.063	0.063	0.022	0.017	0.04	0	0.034	0.124	0.054	0.06	0.222	0.142	0.036	0.03	0.24	0.334	0.042	0.032	0.28	0.276	0.044	0.06	0.055	0	0.255	0.037	0.03	0.214	0.146	0.215	0	0.046	0.364	0.073	0	0.112	0.039	0.024	0.038	0.28	0.038	0.296	0.029	0.048	0.035	0.422	0.029	0.037	0.022	0.03	0.063	0.033	0.028	0.054	0.033	0.038	0.154	1	0.033	0.269	0.21	0.09	0.047	0.027	0.209	0.042	0.049	0.063	0.082	0.059	0.2	0.031	0.042	0.031	0.045	0.023	0.051	0.039	0.024	0.032	0.029	0.082	0.243	0.115	0.063	0.045	0.032	0.029	0.042	0.042	0.157	0.313	0.049	0.076	0.117
GO:0002548	0.248	0.103	0.16	0.091	0.158	0.115	0.139	0.074	0.058	0.094	0.163	0.141	0.258	0.042	0.473	0.062	0.065	0.094	0.046	0.744	0.178	0.056	0.094	0.131	0.104	0.1	0.158	0.082	0.083	0.137	0.034	0.067	0.037	0.069	0.115	0.085	0.063	0.277	0.041	0.16	0.103	0.089	0	0.076	0.065	0.033	0.066	0.071	0.087	0.042	0.053	0.04	0.076	0.069	0.132	0.482	0.06	0.037	0.158	0.039	0.061	0.048	0.057	0.057	0.042	0.033	0.202	0	0.066	0.056	0.105	0.115	0.102	0.07	0.069	0.055	0.123	0.042	0.076	0.059	0.047	0.038	0.082	0.115	0.128	0	0.042	0.064	0.054	0.045	0.115	0.043	0	0.09	0.044	0.159	0	0.222	0.096	0.06	0.099	0.047	0.069	0.068	0.076	0.149	0.063	0.052	0.026	0.033	0.059	0.054	0.115	0.051	0.236	0.148	0.051	0.068	0.057	0.033	1	0.044	0.045	0.067	0.092	0.046	0.039	0.076	0.123	0.12	0.16	0.192	0.073	0.209	0.131	0.209	0.084	0.086	0.156	0.108	0.042	0.079	0.066	0.16	0.04	0.272	0.212	0.526	0.073	0.173	0.131	0.131	0.07	0.071	0.159	0.15	0.058
GO:0006397	0.068	0.1	0.17	0.086	0.073	0.115	0.059	0.066	0.047	0.041	0.041	0.034	0.057	0.037	0.112	0.231	0.318	0.089	0.041	0.058	0.074	0.425	0.089	0.058	0.034	0.023	0.073	0.185	0.034	0.054	0.356	0.612	0.031	0.216	0.028	0.05	0.128	0.074	0.161	0.17	0.1	0.041	0	0.068	0.065	0.026	0.057	0.063	0.352	0.295	0.121	0.037	0.045	0.06	0.1	0.045	0.052	0.413	0.073	0.216	0.054	0.039	0.054	0.054	0.034	0.026	0.074	0	0.059	0.16	0.103	0.115	0.331	0.157	0.062	0.047	0.301	0.305	0.068	0.051	0.564	0.369	0.076	0.115	0.046	0	0.677	0.054	0.044	0.539	0.278	0.282	0	0.086	0.201	0.065	0	0.106	0.053	0.033	0.06	0.564	0.061	0.521	0.045	0.085	0.055	0.25	0.018	0.026	0.034	0.044	0.054	0.022	0.039	0.046	0.022	0.03	0.131	0.269	0.044	1	0.494	0.143	0.088	0.035	0.543	0.068	0.041	0.054	0.17	0.112	0.18	0.044	0.032	0.044	0.078	0.032	0.041	0.067	0.031	0.054	0.042	0.17	0.614	0.216	0.054	0.055	0.046	0.046	0.032	0.032	0.215	0.48	0.041	0.157	0.107
GO:0030488	0.056	0.089	0.138	0.077	0.067	0.098	0.057	0.062	0.047	0.035	0.035	0.031	0.055	0.033	0.098	0.254	0.269	0.079	0.035	0.056	0.059	0.347	0.079	0.049	0.03	0.022	0.067	0.169	0.037	0.045	0.369	0.547	0.033	0.19	0.026	0.049	0.125	0.059	0.128	0.138	0.089	0.035	0	0.063	0.054	0.024	0.055	0.059	0.29	0.252	0.102	0.033	0.045	0.057	0.089	0.039	0.051	0.295	0.067	0.169	0.053	0.04	0.045	0.045	0.036	0.028	0.07	0	0.057	0.147	0.09	0.098	0.279	0.167	0.059	0.047	0.203	0.288	0.063	0.05	0.579	0.247	0.07	0.098	0.04	0	0.472	0.052	0.045	0.478	0.239	0.237	0	0.079	0.245	0.054	0	0.082	0.052	0.036	0.057	0.479	0.058	0.427	0.045	0.076	0.053	0.3	0.018	0.024	0.036	0.044	0.045	0.021	0.04	0.039	0.021	0.027	0.109	0.21	0.045	0.494	1	0.136	0.08	0.038	0.403	0.063	0.036	0.045	0.138	0.097	0.144	0.045	0.028	0.045	0.071	0.035	0.035	0.063	0.034	0.053	0.043	0.138	0.53	0.196	0.045	0.053	0.046	0.046	0.028	0.028	0.155	0.392	0.036	0.13	0.108
GO:0022904	0.091	0.143	0.244	0.132	0.108	0.168	0.085	0.108	0.083	0.057	0.057	0.046	0.09	0.051	0.155	0.202	0.207	0.139	0.057	0.083	0.1	0.172	0.139	0.075	0.045	0.033	0.108	0.277	0.057	0.074	0.098	0.21	0.044	0.229	0.037	0.085	0.645	0.1	0.119	0.244	0.143	0.057	0	0.112	0.085	0.038	0.09	0.102	0.302	0.121	0.163	0.046	0.068	0.096	0.143	0.06	0.078	0.104	0.108	0.112	0.078	0.063	0.074	0.074	0.051	0.038	0.101	0	0.085	0.176	0.147	0.168	0.343	0.16	0.09	0.072	0.113	0.124	0.112	0.079	0.156	0.112	0.114	0.168	0.061	0	0.134	0.093	0.073	0.121	0.408	0.126	0	0.12	0.142	0.085	0	0.143	0.082	0.054	0.096	0.156	0.097	0.214	0.068	0.13	0.086	0.171	0.028	0.038	0.05	0.073	0.074	0.033	0.061	0.061	0.033	0.039	0.18	0.09	0.067	0.143	0.136	1	0.123	0.063	0.117	0.112	0.053	0.074	0.244	0.163	0.244	0.074	0.046	0.074	0.118	0.052	0.057	0.099	0.054	0.078	0.069	0.244	0.13	0.301	0.074	0.09	0.078	0.07	0.046	0.046	0.125	0.228	0.053	0.22	0.171
GO:0006884	0.097	0.282	0.256	0.16	0.173	0.191	0.146	0.139	0.118	0.069	0.069	0.057	0.119	0.063	0.176	0.111	0.111	0.253	0.137	0.106	0.105	0.094	0.375	0.14	0.056	0.046	0.173	0.141	0.151	0.083	0.06	0.11	0.16	0.122	0.087	0.117	0.125	0.105	0.06	0.256	0.282	0.069	0	0.307	0.092	0.052	0.12	0.284	0.152	0.069	0.077	0.056	0.093	0.27	0.166	0.069	0.141	0.054	0.173	0.057	0.229	0.185	0.172	0.298	0.155	0.194	0.157	0	0.221	0.099	0.23	0.191	0.164	0.117	0.263	0.217	0.072	0.072	0.307	0.214	0.097	0.059	0.712	0.191	0.071	0	0.083	0.26	0.211	0.118	0.191	0.072	0	0.183	0.088	0.172	0	0.141	0.11	0.078	0.126	0.097	0.775	0.112	0.2	0.158	0.26	0.1	0.196	0.26	0.07	0.21	0.083	0.048	0.087	0.07	0.048	0.049	0.083	0.047	0.092	0.088	0.08	0.123	1	0.183	0.094	0.211	0.063	0.083	0.256	0.186	0.105	0.104	0.059	0.104	0.247	0.098	0.069	0.125	0.257	0.1	0.098	0.256	0.084	0.147	0.083	0.121	0.109	0.122	0.059	0.059	0.143	0.119	0.116	0.235	0.202
GO:0032981	0.07	0.297	0.185	0.093	0.077	0.124	0.062	0.072	0.05	0.04	0.04	0.033	0.061	0.036	0.119	0.057	0.061	0.285	0.04	0.061	0.076	0.05	0.294	0.059	0.032	0.021	0.077	0.081	0.329	0.054	0.027	0.063	0.13	0.066	0.027	0.053	0.057	0.076	0.035	0.185	0.297	0.04	0	0.53	0.066	0.024	0.061	0.206	0.088	0.036	0.05	0.036	0.047	0.306	0.107	0.045	0.055	0.031	0.077	0.033	0.367	0.297	0.054	0.054	0.181	0.225	0.078	0	0.181	0.05	0.11	0.124	0.106	0.067	0.17	0.197	0.047	0.036	0.338	0.503	0.037	0.03	0.247	0.124	0.046	0	0.033	0.276	0.341	0.107	0.124	0.036	0	0.091	0.035	0.066	0	0.111	0.056	0.035	0.064	0.037	0.198	0.064	0.143	0.091	0.153	0.045	0.016	0.024	0.035	0.838	0.054	0.019	0.041	0.045	0.019	0.028	0.054	0.027	0.046	0.035	0.038	0.063	0.183	1	0.033	0.215	0.04	0.054	0.185	0.121	0.076	0.047	0.03	0.047	0.245	0.034	0.04	0.072	0.033	0.057	0.044	0.185	0.03	0.094	0.054	0.059	0.049	0.048	0.03	0.03	0.067	0.068	0.04	0.169	0.202
GO:0043484	0.047	0.076	0.115	0.065	0.146	0.083	0.136	0.052	0.04	0.029	0.029	0.026	0.047	0.028	0.084	0.18	0.255	0.066	0.066	0.049	0.05	0.36	0.066	0.122	0.026	0.019	0.146	0.145	0.032	0.037	0.318	0.49	0.078	0.168	0.079	0.042	0.105	0.05	0.114	0.115	0.076	0.029	0	0.053	0.045	0.02	0.047	0.051	0.265	0.271	0.087	0.029	0.04	0.049	0.076	0.033	0.132	0.302	0.146	0.158	0.119	0.035	0.086	0.086	0.094	0.068	0.152	0	0.143	0.133	0.221	0.083	0.244	0.13	0.131	0.106	0.206	0.263	0.053	0.044	0.438	0.244	0.093	0.083	0.034	0	0.522	0.044	0.038	0.431	0.201	0.259	0	0.169	0.172	0.156	0	0.068	0.045	0.032	0.049	0.438	0.076	0.414	0.04	0.064	0.132	0.205	0.032	0.044	0.032	0.038	0.037	0.018	0.036	0.034	0.018	0.024	0.091	0.209	0.039	0.543	0.403	0.117	0.094	0.033	1	0.053	0.031	0.037	0.115	0.082	0.12	0.039	0.024	0.039	0.061	0.082	0.029	0.055	0.042	0.047	0.037	0.115	0.471	0.17	0.037	0.046	0.04	0.104	0.024	0.024	0.329	0.377	0.107	0.109	0.094
GO:0042254	0.113	0.252	0.311	0.164	0.128	0.208	0.097	0.133	0.102	0.071	0.071	0.055	0.107	0.062	0.185	0.098	0.098	0.825	0.071	0.094	0.128	0.08	0.319	0.089	0.054	0.039	0.128	0.137	0.176	0.093	0.044	0.099	0.122	0.111	0.043	0.103	0.112	0.128	0.059	0.311	0.252	0.071	0	0.255	0.104	0.048	0.107	0.228	0.151	0.054	0.083	0.053	0.077	0.212	0.171	0.071	0.089	0.051	0.128	0.055	0.221	0.221	0.093	0.093	0.152	0.102	0.114	0	0.146	0.083	0.177	0.208	0.169	0.107	0.176	0.141	0.076	0.056	0.255	0.434	0.077	0.057	0.252	0.208	0.074	0	0.063	0.213	0.623	0.465	0.208	0.057	0	0.139	0.068	0.104	0	0.187	0.096	0.06	0.116	0.077	0.216	0.101	0.143	0.16	0.174	0.083	0.034	0.048	0.055	0.247	0.093	0.041	0.07	0.073	0.041	0.045	0.093	0.042	0.076	0.068	0.063	0.112	0.211	0.215	0.053	1	0.062	0.093	0.311	0.201	0.128	0.087	0.057	0.087	0.216	0.058	0.071	0.116	0.062	0.087	0.08	0.311	0.062	0.145	0.093	0.109	0.093	0.079	0.057	0.057	0.106	0.108	0.062	0.274	0.153
GO:0098542	0.231	0.072	0.112	0.07	0.116	0.083	0.102	0.061	0.054	0.455	0.158	0.131	0.11	0.066	0.085	0.048	0.059	0.073	0.073	0.152	0.112	0.043	0.073	0.194	0.899	0.102	0.116	0.061	0.041	0.088	0.025	0.047	0.028	0.057	0.349	0.051	0.054	0.433	0.063	0.112	0.072	0.073	0	0.062	0.097	0.055	0.052	0.058	0.066	0.031	0.081	0.058	0.04	0.055	0.072	0.249	0.047	0.056	0.116	0.06	0.043	0.039	0.088	0.088	0.03	0.023	0.104	0	0.046	0.042	0.074	0.083	0.071	0.05	0.049	0.042	0.076	0.03	0.062	0.045	0.043	0.062	0.061	0.083	0.653	0	0.039	0.055	0.045	0.035	0.083	0.035	0	0.061	0.038	0.097	0	0.15	0.054	0.033	0.055	0.043	0.055	0.048	0.04	0.069	0.049	0.043	0.045	0.055	0.03	0.044	0.088	0.051	0.555	0.365	0.051	0.051	0.088	0.049	0.123	0.041	0.036	0.053	0.063	0.04	0.031	0.062	1	0.567	0.112	0.081	0.112	0.095	0.134	0.095	0.063	0.068	0.262	0.054	0.035	0.043	0.042	0.112	0.038	0.117	0.195	0.062	0.047	0.081	0.134	0.134	0.05	0.051	0.145	0.102	0.045
GO:0006952	0.373	0.1	0.176	0.103	0.179	0.123	0.145	0.089	0.078	0.812	0.267	0.203	0.171	0.095	0.117	0.064	0.077	0.11	0.11	0.14	0.176	0.054	0.11	0.291	0.534	0.164	0.179	0.085	0.053	0.135	0.03	0.061	0.032	0.077	0.434	0.073	0.08	0.428	0.09	0.176	0.1	0.11	0	0.093	0.141	0.082	0.071	0.083	0.095	0.037	0.119	0.075	0.05	0.077	0.1	0.247	0.061	0.076	0.179	0.083	0.053	0.05	0.135	0.135	0.036	0.026	0.145	0	0.059	0.054	0.104	0.123	0.099	0.066	0.064	0.054	0.109	0.036	0.093	0.06	0.06	0.093	0.085	0.123	0.218	0	0.05	0.082	0.06	0.045	0.123	0.042	0	0.081	0.05	0.141	0	0.246	0.072	0.042	0.077	0.06	0.078	0.062	0.051	0.101	0.067	0.058	0.064	0.082	0.035	0.06	0.135	0.075	0.325	0.465	0.075	0.067	0.135	0.063	0.12	0.054	0.045	0.074	0.083	0.054	0.037	0.093	0.567	1	0.176	0.119	0.176	0.149	0.227	0.149	0.089	0.097	0.267	0.071	0.045	0.053	0.056	0.176	0.05	0.173	0.329	0.088	0.065	0.118	0.227	0.227	0.065	0.067	0.214	0.154	0.059
GO:0006457	0.193	0.311	0.543	0.334	0.254	0.388	0.188	0.298	0.258	0.147	0.147	0.11	0.231	0.126	0.321	0.21	0.198	0.357	0.147	0.181	0.224	0.161	0.357	0.148	0.106	0.094	0.254	0.273	0.154	0.176	0.098	0.191	0.092	0.231	0.083	0.246	0.272	0.224	0.119	0.543	0.311	0.147	0	0.311	0.176	0.116	0.233	0.274	0.306	0.107	0.154	0.095	0.163	0.253	0.311	0.13	0.181	0.1	0.254	0.11	0.167	0.168	0.176	0.176	0.114	0.082	0.2	0	0.186	0.176	0.323	0.388	0.306	0.208	0.202	0.174	0.14	0.116	0.311	0.195	0.201	0.128	0.273	0.388	0.136	0	0.157	0.281	0.203	0.148	0.388	0.117	0	0.247	0.169	0.176	0	0.306	0.207	0.138	0.254	0.201	0.258	0.195	0.164	0.325	0.219	0.193	0.093	0.116	0.113	0.2	0.176	0.107	0.153	0.133	0.107	0.088	0.176	0.082	0.16	0.17	0.138	0.244	0.256	0.185	0.115	0.311	0.112	0.176	1	0.373	0.224	0.205	0.128	0.205	0.286	0.132	0.147	0.227	0.153	0.168	0.187	0.543	0.165	0.259	0.176	0.246	0.221	0.167	0.128	0.128	0.206	0.211	0.112	0.469	0.191
GO:0007018	0.136	0.221	0.373	0.223	0.176	0.266	0.135	0.194	0.162	0.097	0.097	0.076	0.156	0.085	0.412	0.143	0.14	0.236	0.097	0.227	0.154	0.115	0.236	0.109	0.074	0.061	0.176	0.188	0.104	0.119	0.07	0.137	0.069	0.159	0.059	0.159	0.173	0.154	0.081	0.373	0.221	0.097	0	0.201	0.126	0.073	0.157	0.181	0.207	0.079	0.106	0.07	0.114	0.169	0.221	0.092	0.128	0.07	0.176	0.076	0.122	0.114	0.119	0.119	0.083	0.06	0.149	0	0.134	0.123	0.228	0.266	0.218	0.148	0.144	0.121	0.098	0.084	0.201	0.134	0.128	0.083	0.188	0.266	0.096	0	0.104	0.178	0.135	0.101	0.266	0.085	0	0.181	0.112	0.126	0	0.211	0.141	0.095	0.169	0.128	0.171	0.14	0.115	0.846	0.149	0.129	0.058	0.073	0.081	0.133	0.119	0.067	0.106	0.094	0.067	0.062	0.119	0.059	0.192	0.112	0.097	0.163	0.186	0.121	0.082	0.201	0.081	0.119	0.373	1	0.154	0.136	0.083	0.136	0.36	0.092	0.097	0.16	0.102	0.122	0.125	0.687	0.107	0.188	0.119	0.281	0.145	0.117	0.083	0.083	0.147	0.15	0.081	0.33	0.132
GO:0046034	0.193	0.128	0.224	0.138	0.105	0.16	0.077	0.123	0.11	0.147	0.147	0.11	0.095	0.126	0.145	0.21	0.236	0.147	0.147	0.075	0.224	0.171	0.147	0.148	0.106	0.094	0.105	0.273	0.07	0.176	0.098	0.191	0.04	0.245	0.083	0.101	0.272	0.224	0.288	0.224	0.128	0.147	0	0.128	0.176	0.116	0.096	0.113	0.306	0.114	0.373	0.095	0.067	0.104	0.128	0.13	0.079	0.242	0.105	0.267	0.069	0.069	0.176	0.176	0.047	0.034	0.082	0	0.077	0.176	0.133	0.16	0.306	0.174	0.083	0.072	0.285	0.116	0.128	0.08	0.207	0.311	0.112	0.16	0.136	0	0.166	0.116	0.084	0.143	0.388	0.13	0	0.102	0.169	0.176	0	0.306	0.094	0.057	0.104	0.207	0.106	0.195	0.067	0.134	0.09	0.193	0.093	0.116	0.046	0.083	0.176	0.107	0.066	0.133	0.107	0.088	0.428	0.2	0.073	0.18	0.144	0.244	0.105	0.076	0.12	0.128	0.112	0.176	0.224	0.154	1	0.085	0.128	0.085	0.118	0.054	0.147	0.093	0.063	0.069	0.077	0.224	0.172	0.259	0.176	0.116	0.091	0.069	0.128	0.128	0.18	0.211	0.112	0.193	0.182
GO:0071347	0.187	0.12	0.205	0.107	0.19	0.139	0.16	0.085	0.062	0.112	0.532	0.257	0.825	0.042	0.132	0.067	0.07	0.112	0.046	0.308	0.085	0.058	0.112	0.157	0.079	0.061	0.19	0.093	0.044	0.061	0.032	0.072	0.037	0.076	0.075	0.065	0.069	0.205	0.04	0.205	0.12	0.046	0	0.087	0.073	0.029	0.072	0.08	0.101	0.042	0.056	0.04	0.055	0.076	0.12	0.223	0.064	0.035	0.19	0.038	0.065	0.049	0.061	0.061	0.041	0.031	0.182	0	0.071	0.058	0.123	0.139	0.119	0.077	0.075	0.058	0.053	0.042	0.087	0.063	0.047	0.036	0.093	0.139	0.097	0	0.042	0.071	0.057	0.045	0.139	0.042	0	0.102	0.044	0.073	0	0.122	0.066	0.042	0.076	0.047	0.077	0.073	0.055	0.105	0.069	0.055	0.02	0.029	0.041	0.056	0.061	0.025	0.527	0.123	0.025	0.032	0.061	0.031	0.209	0.044	0.045	0.074	0.104	0.047	0.039	0.087	0.095	0.149	0.205	0.136	0.085	1	0.416	0.66	0.096	0.094	0.112	0.082	0.041	0.065	0.053	0.205	0.039	0.332	0.273	0.071	0.06	0.48	0.416	0.63	0.076	0.078	0.109	0.187	0.062
GO:0034612	0.274	0.071	0.128	0.067	0.115	0.086	0.097	0.055	0.045	0.173	0.825	0.379	0.507	0.062	0.088	0.04	0.055	0.071	0.071	0.173	0.128	0.037	0.071	0.217	0.117	0.096	0.115	0.056	0.033	0.093	0.018	0.041	0.022	0.051	0.104	0.042	0.046	0.311	0.059	0.128	0.071	0.071	0	0.057	0.104	0.048	0.044	0.051	0.062	0.025	0.083	0.053	0.032	0.048	0.071	0.319	0.041	0.051	0.115	0.055	0.036	0.03	0.093	0.093	0.023	0.017	0.101	0	0.04	0.034	0.073	0.086	0.069	0.044	0.043	0.034	0.076	0.023	0.057	0.038	0.033	0.057	0.056	0.086	0.144	0	0.03	0.048	0.036	0.027	0.086	0.028	0	0.057	0.028	0.104	0	0.187	0.048	0.025	0.048	0.033	0.048	0.041	0.032	0.066	0.042	0.034	0.034	0.048	0.022	0.035	0.093	0.041	0.32	0.177	0.041	0.045	0.093	0.042	0.131	0.032	0.028	0.046	0.059	0.03	0.024	0.057	0.134	0.227	0.128	0.083	0.128	0.416	1	0.63	0.059	0.058	0.173	0.048	0.026	0.036	0.033	0.128	0.028	0.196	0.417	0.058	0.038	0.294	0.66	0.66	0.044	0.045	0.151	0.113	0.037
GO:0071356	0.187	0.12	0.205	0.107	0.19	0.139	0.16	0.085	0.062	0.112	0.532	0.257	0.825	0.042	0.132	0.067	0.07	0.112	0.046	0.308	0.085	0.058	0.112	0.157	0.079	0.061	0.19	0.093	0.044	0.061	0.032	0.072	0.037	0.076	0.075	0.065	0.069	0.205	0.04	0.205	0.12	0.046	0	0.087	0.073	0.029	0.072	0.08	0.101	0.042	0.056	0.04	0.055	0.076	0.12	0.223	0.064	0.035	0.19	0.038	0.065	0.049	0.061	0.061	0.041	0.031	0.182	0	0.071	0.058	0.123	0.139	0.119	0.077	0.075	0.058	0.053	0.042	0.087	0.063	0.047	0.036	0.093	0.139	0.097	0	0.042	0.071	0.057	0.045	0.139	0.042	0	0.102	0.044	0.073	0	0.122	0.066	0.042	0.076	0.047	0.077	0.073	0.055	0.105	0.069	0.055	0.02	0.029	0.041	0.056	0.061	0.025	0.527	0.123	0.025	0.032	0.061	0.031	0.209	0.044	0.045	0.074	0.104	0.047	0.039	0.087	0.095	0.149	0.205	0.136	0.085	0.66	0.63	1	0.096	0.094	0.112	0.082	0.041	0.065	0.053	0.205	0.039	0.332	0.273	0.071	0.06	0.48	0.416	0.416	0.076	0.078	0.109	0.187	0.062
GO:0001578	0.106	0.532	0.286	0.164	0.132	0.201	0.104	0.138	0.111	0.071	0.071	0.057	0.114	0.063	0.182	0.105	0.105	0.269	0.071	0.1	0.118	0.087	0.407	0.087	0.055	0.043	0.132	0.14	0.137	0.089	0.051	0.105	0.103	0.117	0.045	0.111	0.12	0.118	0.06	0.286	0.532	0.071	0	0.471	0.099	0.051	0.114	0.292	0.153	0.061	0.08	0.055	0.085	0.402	0.17	0.071	0.096	0.052	0.132	0.057	0.194	0.253	0.089	0.089	0.197	0.171	0.119	0	0.322	0.091	0.175	0.201	0.168	0.113	0.227	0.363	0.075	0.064	0.321	0.208	0.087	0.059	0.332	0.201	0.073	0	0.073	0.381	0.296	0.108	0.201	0.064	0	0.142	0.078	0.099	0	0.165	0.104	0.069	0.122	0.087	0.278	0.107	0.193	0.295	0.217	0.092	0.039	0.051	0.062	0.293	0.089	0.045	0.078	0.072	0.045	0.047	0.089	0.045	0.084	0.078	0.071	0.118	0.247	0.245	0.061	0.216	0.063	0.089	0.286	0.36	0.118	0.096	0.059	0.096	1	0.067	0.071	0.121	0.072	0.094	0.09	0.526	0.073	0.147	0.089	0.116	0.102	0.087	0.059	0.059	0.112	0.114	0.063	0.257	0.194
GO:0070374	0.124	0.084	0.132	0.072	0.339	0.093	0.632	0.057	0.097	0.074	0.074	0.065	0.118	0.028	0.094	0.048	0.052	0.074	0.067	0.123	0.054	0.045	0.074	0.41	0.056	0.043	0.414	0.065	0.033	0.04	0.026	0.054	0.113	0.055	0.149	0.045	0.047	0.132	0.028	0.132	0.084	0.03	0	0.058	0.049	0.02	0.051	0.055	0.069	0.034	0.038	0.03	0.042	0.053	0.084	0.085	0.275	0.025	0.339	0.027	0.114	0.037	0.09	0.09	0.087	0.06	0.393	0	0.142	0.044	0.232	0.093	0.084	0.057	0.128	0.099	0.036	0.034	0.058	0.046	0.033	0.024	0.098	0.093	0.067	0	0.031	0.048	0.041	0.034	0.093	0.034	0	0.273	0.032	0.162	0	0.077	0.048	0.033	0.053	0.033	0.078	0.055	0.042	0.071	0.129	0.04	0.027	0.04	0.033	0.04	0.04	0.017	0.086	0.086	0.017	0.024	0.04	0.023	0.086	0.032	0.035	0.052	0.098	0.034	0.082	0.058	0.068	0.097	0.132	0.092	0.054	0.094	0.058	0.094	0.067	1	0.074	0.06	0.04	0.05	0.039	0.132	0.029	0.14	0.097	0.049	0.042	0.228	0.058	0.058	0.082	0.057	0.212	0.124	0.046
GO:0031667	0.313	0.082	0.147	0.082	0.141	0.101	0.116	0.069	0.058	0.21	0.21	0.161	0.132	0.075	0.099	0.05	0.064	0.087	0.087	0.193	0.147	0.044	0.087	0.246	0.241	0.123	0.141	0.068	0.041	0.11	0.023	0.049	0.026	0.061	0.23	0.054	0.06	0.657	0.071	0.147	0.082	0.087	0	0.071	0.119	0.061	0.055	0.064	0.075	0.03	0.097	0.062	0.039	0.059	0.082	0.343	0.049	0.061	0.141	0.066	0.043	0.038	0.11	0.11	0.028	0.02	0.119	0	0.048	0.042	0.085	0.101	0.081	0.053	0.051	0.042	0.089	0.028	0.071	0.046	0.044	0.071	0.068	0.101	0.297	0	0.038	0.061	0.046	0.034	0.101	0.034	0	0.067	0.037	0.119	0	0.21	0.058	0.032	0.059	0.044	0.06	0.05	0.039	0.08	0.052	0.043	0.046	0.061	0.028	0.045	0.11	0.055	0.152	0.751	0.055	0.054	0.11	0.051	0.156	0.041	0.035	0.057	0.069	0.04	0.029	0.071	0.262	0.267	0.147	0.097	0.147	0.112	0.173	0.112	0.071	0.074	1	0.057	0.033	0.043	0.042	0.147	0.037	0.139	0.267	0.07	0.049	0.091	0.173	0.173	0.052	0.054	0.176	0.129	0.046
GO:0006888	0.086	0.143	0.227	0.133	0.112	0.164	0.091	0.113	0.091	0.057	0.057	0.048	0.096	0.052	0.235	0.09	0.091	0.139	0.057	0.132	0.093	0.077	0.139	0.073	0.047	0.036	0.112	0.117	0.065	0.071	0.047	0.092	0.049	0.1	0.039	0.224	0.098	0.093	0.05	0.227	0.143	0.38	0	0.116	0.081	0.041	0.096	0.107	0.126	0.056	0.066	0.048	0.441	0.102	0.369	0.059	0.084	0.045	0.112	0.048	0.083	0.071	0.071	0.071	0.057	0.043	0.104	0	0.09	0.079	0.146	0.164	0.141	0.097	0.095	0.078	0.062	0.058	0.116	0.085	0.074	0.048	0.117	0.164	0.061	0	0.064	0.1	0.081	0.065	0.164	0.058	0	0.122	0.067	0.081	0	0.128	0.29	0.367	0.6	0.074	0.103	0.093	0.234	0.131	0.092	0.078	0.032	0.041	0.337	0.08	0.173	0.231	0.069	0.06	0.231	0.232	0.071	0.039	0.108	0.067	0.063	0.099	0.125	0.072	0.055	0.116	0.054	0.071	0.227	0.16	0.093	0.082	0.048	0.082	0.121	0.06	0.057	1	0.063	0.221	0.213	0.227	0.063	0.126	0.071	0.144	0.238	0.076	0.048	0.048	0.097	0.099	0.054	0.208	0.084
GO:0006883	0.059	0.092	0.153	0.078	0.086	0.104	0.077	0.06	0.043	0.033	0.033	0.028	0.052	0.031	0.103	0.049	0.054	0.081	0.075	0.054	0.063	0.045	0.081	0.086	0.028	0.018	0.086	0.07	0.032	0.045	0.025	0.056	0.054	0.057	0.046	0.045	0.048	0.063	0.03	0.153	0.092	0.033	0	0.062	0.056	0.02	0.053	0.058	0.075	0.034	0.042	0.032	0.042	0.055	0.092	0.038	0.07	0.027	0.086	0.028	0.066	0.036	0.103	0.187	0.045	0.041	0.09	0	0.076	0.044	0.131	0.104	0.091	0.059	0.075	0.056	0.04	0.033	0.062	0.047	0.032	0.026	0.157	0.104	0.039	0	0.029	0.049	0.041	0.033	0.104	0.033	0	0.103	0.031	0.109	0	0.091	0.049	0.032	0.055	0.032	0.122	0.057	0.042	0.077	0.07	0.039	0.245	0.283	0.032	0.04	0.045	0.016	0.037	0.039	0.016	0.025	0.045	0.024	0.042	0.031	0.034	0.054	0.257	0.033	0.042	0.062	0.035	0.045	0.153	0.102	0.063	0.041	0.026	0.041	0.072	0.04	0.033	0.063	1	0.051	0.039	0.153	0.027	0.083	0.045	0.051	0.043	0.055	0.026	0.026	0.069	0.06	0.068	0.142	0.047
GO:0036376	0.065	0.112	0.168	0.101	0.088	0.124	0.075	0.086	0.07	0.043	0.043	0.037	0.076	0.04	0.171	0.072	0.074	0.104	0.043	0.098	0.069	0.064	0.104	0.057	0.037	0.028	0.088	0.092	0.054	0.053	0.041	0.075	0.044	0.079	0.032	0.099	0.075	0.069	0.039	0.168	0.112	0.248	0	0.087	0.062	0.031	0.076	0.082	0.097	0.049	0.05	0.039	0.182	0.079	0.349	0.046	0.069	0.035	0.088	0.037	0.069	0.058	0.053	0.053	0.049	0.039	0.087	0	0.074	0.065	0.114	0.124	0.11	0.079	0.078	0.064	0.048	0.05	0.087	0.069	0.058	0.036	0.092	0.124	0.047	0	0.052	0.076	0.064	0.054	0.124	0.05	0	0.098	0.054	0.062	0	0.093	0.16	0.153	0.205	0.058	0.08	0.076	0.124	0.1	0.073	0.063	0.025	0.031	0.148	0.064	0.114	0.189	0.057	0.047	0.189	0.187	0.053	0.032	0.079	0.054	0.053	0.078	0.1	0.057	0.047	0.087	0.043	0.053	0.168	0.122	0.069	0.065	0.036	0.065	0.094	0.05	0.043	0.221	0.051	1	0.328	0.168	0.051	0.101	0.053	0.098	0.568	0.063	0.036	0.036	0.079	0.08	0.043	0.157	0.068
GO:1902476	0.071	0.112	0.187	0.099	0.083	0.128	0.067	0.078	0.058	0.042	0.042	0.035	0.067	0.038	0.179	0.062	0.066	0.103	0.042	0.09	0.077	0.055	0.103	0.06	0.035	0.024	0.083	0.087	0.042	0.056	0.031	0.068	0.035	0.071	0.029	0.087	0.064	0.077	0.037	0.187	0.112	0.267	0	0.08	0.067	0.027	0.067	0.074	0.093	0.04	0.052	0.037	0.207	0.071	0.35	0.047	0.06	0.033	0.083	0.035	0.062	0.046	0.056	0.056	0.04	0.03	0.082	0	0.067	0.055	0.115	0.128	0.111	0.072	0.071	0.055	0.049	0.04	0.08	0.059	0.044	0.033	0.087	0.128	0.048	0	0.039	0.065	0.053	0.042	0.128	0.041	0	0.096	0.042	0.067	0	0.111	0.154	0.167	0.192	0.044	0.072	0.069	0.111	0.097	0.064	0.051	0.019	0.027	0.161	0.053	0.126	0.284	0.046	0.047	0.284	0.236	0.056	0.029	0.066	0.042	0.043	0.069	0.098	0.044	0.037	0.08	0.042	0.056	0.187	0.125	0.077	0.053	0.033	0.053	0.09	0.039	0.042	0.213	0.039	0.328	1	0.187	0.037	0.099	0.056	0.086	0.386	0.053	0.033	0.033	0.072	0.073	0.042	0.172	0.058
GO:0007017	0.193	0.311	0.543	0.334	0.254	0.388	0.188	0.298	0.258	0.147	0.147	0.11	0.231	0.126	0.321	0.21	0.198	0.357	0.147	0.181	0.224	0.161	0.357	0.148	0.106	0.094	0.254	0.273	0.154	0.176	0.098	0.191	0.092	0.231	0.083	0.246	0.272	0.224	0.119	0.543	0.311	0.147	0	0.311	0.176	0.116	0.233	0.274	0.306	0.107	0.154	0.095	0.163	0.253	0.311	0.13	0.181	0.1	0.254	0.11	0.167	0.168	0.176	0.176	0.114	0.082	0.2	0	0.186	0.176	0.323	0.388	0.306	0.208	0.202	0.174	0.14	0.116	0.311	0.195	0.201	0.128	0.273	0.388	0.136	0	0.157	0.281	0.203	0.148	0.388	0.117	0	0.247	0.169	0.176	0	0.306	0.207	0.138	0.254	0.201	0.258	0.195	0.164	0.598	0.219	0.193	0.093	0.116	0.113	0.2	0.176	0.107	0.153	0.133	0.107	0.088	0.176	0.082	0.16	0.17	0.138	0.244	0.256	0.185	0.115	0.311	0.112	0.176	0.543	0.687	0.224	0.205	0.128	0.205	0.526	0.132	0.147	0.227	0.153	0.168	0.187	1	0.165	0.259	0.176	0.246	0.221	0.167	0.128	0.128	0.206	0.211	0.112	0.469	0.191
GO:0016180	0.065	0.095	0.165	0.08	0.068	0.109	0.055	0.06	0.041	0.037	0.037	0.031	0.052	0.034	0.107	0.205	0.295	0.083	0.037	0.054	0.071	0.387	0.083	0.055	0.031	0.02	0.068	0.172	0.03	0.05	0.345	0.556	0.028	0.198	0.026	0.044	0.113	0.071	0.146	0.165	0.095	0.037	0	0.062	0.062	0.022	0.052	0.057	0.331	0.267	0.113	0.034	0.041	0.055	0.095	0.042	0.048	0.372	0.068	0.198	0.051	0.034	0.05	0.05	0.031	0.024	0.07	0	0.055	0.144	0.098	0.109	0.313	0.132	0.058	0.042	0.262	0.272	0.062	0.046	0.594	0.327	0.071	0.109	0.043	0	0.58	0.048	0.039	0.623	0.265	0.25	0	0.082	0.168	0.062	0	0.103	0.048	0.029	0.055	0.594	0.055	0.489	0.041	0.079	0.05	0.217	0.015	0.022	0.031	0.038	0.05	0.018	0.035	0.043	0.018	0.027	0.123	0.243	0.04	0.614	0.53	0.13	0.084	0.03	0.471	0.062	0.038	0.05	0.165	0.107	0.172	0.039	0.028	0.039	0.073	0.029	0.037	0.063	0.027	0.051	0.037	0.165	1	0.205	0.05	0.05	0.041	0.041	0.028	0.028	0.181	0.45	0.038	0.151	0.096
GO:0006805	0.208	0.168	0.259	0.162	0.248	0.193	0.209	0.141	0.119	0.139	0.238	0.198	0.394	0.063	0.178	0.273	0.271	0.169	0.069	0.367	0.107	0.231	0.169	0.176	0.103	0.088	0.248	0.346	0.085	0.084	0.147	0.27	0.061	0.299	0.096	0.119	0.307	0.227	0.148	0.259	0.168	0.069	0	0.145	0.092	0.053	0.121	0.134	0.372	0.167	0.188	0.056	0.094	0.127	0.168	0.25	0.104	0.132	0.248	0.14	0.101	0.091	0.084	0.084	0.071	0.054	0.227	0	0.109	0.241	0.172	0.193	0.403	0.229	0.116	0.098	0.143	0.175	0.145	0.107	0.238	0.145	0.143	0.193	0.122	0	0.204	0.129	0.104	0.187	0.468	0.177	0	0.143	0.216	0.092	0	0.142	0.111	0.079	0.127	0.238	0.129	0.275	0.094	0.159	0.115	0.245	0.043	0.053	0.07	0.104	0.084	0.048	0.273	0.146	0.048	0.05	0.204	0.115	0.272	0.216	0.196	0.301	0.147	0.094	0.17	0.145	0.117	0.173	0.259	0.188	0.259	0.332	0.196	0.332	0.147	0.14	0.139	0.126	0.083	0.101	0.099	0.259	0.205	1	0.484	0.122	0.11	0.267	0.196	0.196	0.168	0.291	0.13	0.237	0.24
GO:0009410	0.373	0.1	0.176	0.103	0.179	0.123	0.145	0.089	0.078	0.267	0.491	0.373	0.315	0.095	0.117	0.064	0.077	0.11	0.11	0.257	0.176	0.054	0.11	0.291	0.182	0.164	0.179	0.085	0.053	0.135	0.03	0.061	0.032	0.077	0.156	0.073	0.08	0.428	0.09	0.176	0.1	0.11	0	0.093	0.141	0.082	0.071	0.083	0.095	0.037	0.119	0.075	0.05	0.077	0.1	0.454	0.061	0.076	0.179	0.083	0.053	0.05	0.135	0.135	0.036	0.026	0.145	0	0.059	0.054	0.104	0.123	0.099	0.066	0.064	0.054	0.109	0.036	0.093	0.06	0.06	0.093	0.085	0.123	0.218	0	0.05	0.082	0.06	0.045	0.123	0.042	0	0.081	0.05	0.141	0	0.246	0.072	0.042	0.077	0.06	0.078	0.062	0.051	0.101	0.067	0.058	0.064	0.082	0.035	0.06	0.135	0.075	0.212	0.252	0.075	0.067	0.135	0.063	0.212	0.054	0.045	0.074	0.083	0.054	0.037	0.093	0.195	0.329	0.176	0.119	0.176	0.273	0.417	0.273	0.089	0.097	0.267	0.071	0.045	0.053	0.056	0.176	0.05	0.484	1	0.088	0.065	0.206	0.417	0.417	0.065	0.067	0.214	0.154	0.059
GO:0072676	0.254	0.142	0.246	0.13	0.106	0.167	0.083	0.105	0.08	0.07	0.07	0.056	0.087	0.062	0.668	0.08	0.083	0.137	0.07	0.394	0.282	0.068	0.137	0.086	0.055	0.103	0.106	0.112	0.106	0.214	0.038	0.084	0.042	0.092	0.045	0.118	0.088	0.116	0.06	0.246	0.142	0.137	0	0.109	0.098	0.05	0.087	0.099	0.122	0.048	0.08	0.054	0.096	0.093	0.184	0.149	0.075	0.052	0.106	0.056	0.075	0.06	0.088	0.088	0.048	0.036	0.156	0	0.082	0.07	0.146	0.167	0.14	0.09	0.088	0.069	0.18	0.049	0.109	0.076	0.061	0.058	0.112	0.167	0.072	0	0.052	0.09	0.07	0.054	0.167	0.049	0	0.118	0.055	0.237	0	0.364	0.127	0.074	0.137	0.061	0.094	0.086	0.096	0.217	0.083	0.067	0.038	0.05	0.07	0.069	0.18	0.077	0.108	0.071	0.077	0.092	0.088	0.045	0.526	0.055	0.053	0.09	0.121	0.059	0.046	0.109	0.062	0.088	0.246	0.281	0.116	0.071	0.058	0.071	0.116	0.049	0.07	0.144	0.051	0.098	0.086	0.246	0.05	0.122	0.088	1	0.098	0.067	0.058	0.058	0.089	0.091	0.151	0.222	0.074
GO:1902600	0.082	0.127	0.221	0.114	0.093	0.149	0.074	0.09	0.066	0.049	0.049	0.04	0.075	0.044	0.203	0.07	0.073	0.119	0.049	0.098	0.091	0.06	0.119	0.068	0.039	0.027	0.093	0.099	0.046	0.065	0.033	0.075	0.037	0.08	0.032	0.099	0.074	0.091	0.042	0.221	0.127	0.311	0	0.093	0.077	0.031	0.076	0.085	0.107	0.043	0.06	0.041	0.185	0.08	0.397	0.053	0.066	0.037	0.093	0.04	0.067	0.051	0.065	0.065	0.043	0.032	0.09	0	0.074	0.061	0.131	0.149	0.125	0.08	0.078	0.06	0.056	0.043	0.093	0.066	0.05	0.038	0.099	0.149	0.055	0	0.043	0.076	0.06	0.046	0.149	0.044	0	0.107	0.046	0.077	0	0.132	0.172	0.146	0.219	0.05	0.081	0.076	0.122	0.112	0.072	0.057	0.021	0.031	0.142	0.059	0.147	0.219	0.051	0.054	0.219	0.208	0.065	0.032	0.073	0.046	0.046	0.078	0.109	0.049	0.04	0.093	0.047	0.065	0.221	0.145	0.091	0.06	0.038	0.06	0.102	0.042	0.049	0.238	0.043	0.568	0.386	0.221	0.041	0.11	0.065	0.098	1	0.058	0.038	0.038	0.08	0.081	0.047	0.2	0.065
GO:0070098	0.149	0.106	0.167	0.095	0.53	0.119	0.379	0.077	0.136	0.091	0.381	0.195	0.609	0.037	0.116	0.064	0.067	0.098	0.086	0.256	0.069	0.057	0.098	0.224	0.068	0.053	0.432	0.085	0.045	0.052	0.034	0.069	0.089	0.072	0.128	0.062	0.065	0.16	0.036	0.167	0.106	0.04	0	0.079	0.061	0.027	0.068	0.074	0.09	0.043	0.048	0.037	0.054	0.071	0.106	0.176	0.243	0.033	0.432	0.035	0.144	0.05	0.113	0.113	0.109	0.076	0.43	0	0.176	0.057	0.289	0.119	0.105	0.072	0.162	0.13	0.046	0.043	0.079	0.061	0.048	0.033	0.124	0.119	0.081	0	0.043	0.067	0.056	0.046	0.119	0.043	0	0.213	0.045	0.198	0	0.096	0.063	0.044	0.071	0.048	0.103	0.069	0.055	0.093	0.168	0.054	0.038	0.055	0.042	0.055	0.052	0.024	0.401	0.102	0.024	0.03	0.052	0.029	0.173	0.046	0.046	0.07	0.122	0.048	0.104	0.079	0.081	0.118	0.167	0.117	0.069	0.48	0.294	0.48	0.087	0.228	0.091	0.076	0.055	0.063	0.053	0.167	0.041	0.267	0.206	0.067	0.058	1	0.438	0.294	0.107	0.073	0.181	0.156	0.06
GO:1990868	0.274	0.071	0.128	0.067	0.115	0.086	0.097	0.055	0.045	0.173	0.825	0.379	0.507	0.062	0.088	0.04	0.055	0.071	0.071	0.173	0.128	0.037	0.071	0.217	0.117	0.096	0.115	0.056	0.033	0.093	0.018	0.041	0.022	0.051	0.104	0.042	0.046	0.311	0.059	0.128	0.071	0.071	0	0.057	0.104	0.048	0.044	0.051	0.062	0.025	0.083	0.053	0.032	0.048	0.071	0.319	0.041	0.051	0.115	0.055	0.036	0.03	0.093	0.093	0.023	0.017	0.101	0	0.04	0.034	0.073	0.086	0.069	0.044	0.043	0.034	0.076	0.023	0.057	0.038	0.033	0.057	0.056	0.086	0.144	0	0.03	0.048	0.036	0.027	0.086	0.028	0	0.057	0.028	0.104	0	0.187	0.048	0.025	0.048	0.033	0.048	0.041	0.032	0.066	0.042	0.034	0.034	0.048	0.022	0.035	0.093	0.041	0.32	0.177	0.041	0.045	0.093	0.042	0.131	0.032	0.028	0.046	0.059	0.03	0.024	0.057	0.134	0.227	0.128	0.083	0.128	0.416	0.66	0.416	0.059	0.058	0.173	0.048	0.026	0.036	0.033	0.128	0.028	0.196	0.417	0.058	0.038	0.438	1	0.66	0.044	0.045	0.151	0.113	0.037
GO:0070555	0.274	0.071	0.128	0.067	0.115	0.086	0.097	0.055	0.045	0.173	0.825	0.379	0.507	0.062	0.088	0.04	0.055	0.071	0.071	0.173	0.128	0.037	0.071	0.217	0.117	0.096	0.115	0.056	0.033	0.093	0.018	0.041	0.022	0.051	0.104	0.042	0.046	0.311	0.059	0.128	0.071	0.071	0	0.057	0.104	0.048	0.044	0.051	0.062	0.025	0.083	0.053	0.032	0.048	0.071	0.319	0.041	0.051	0.115	0.055	0.036	0.03	0.093	0.093	0.023	0.017	0.101	0	0.04	0.034	0.073	0.086	0.069	0.044	0.043	0.034	0.076	0.023	0.057	0.038	0.033	0.057	0.056	0.086	0.144	0	0.03	0.048	0.036	0.027	0.086	0.028	0	0.057	0.028	0.104	0	0.187	0.048	0.025	0.048	0.033	0.048	0.041	0.032	0.066	0.042	0.034	0.034	0.048	0.022	0.035	0.093	0.041	0.32	0.177	0.041	0.045	0.093	0.042	0.131	0.032	0.028	0.046	0.059	0.03	0.024	0.057	0.134	0.227	0.128	0.083	0.128	0.63	0.66	0.416	0.059	0.058	0.173	0.048	0.026	0.036	0.033	0.128	0.028	0.196	0.417	0.058	0.038	0.294	0.66	1	0.044	0.045	0.151	0.113	0.037
GO:0035194	0.078	0.132	0.206	0.122	0.158	0.15	0.143	0.103	0.084	0.052	0.052	0.044	0.089	0.048	0.142	0.187	0.18	0.127	0.098	0.083	0.085	0.146	0.127	0.163	0.043	0.033	0.158	0.152	0.061	0.065	0.143	0.203	0.075	0.186	0.097	0.085	0.12	0.085	0.149	0.206	0.132	0.052	0	0.106	0.074	0.038	0.089	0.098	0.162	0.107	0.123	0.045	0.071	0.094	0.132	0.055	0.137	0.259	0.158	0.142	0.151	0.067	0.129	0.129	0.088	0.077	0.153	0	0.142	0.136	0.233	0.15	0.262	0.138	0.172	0.137	0.242	0.189	0.106	0.08	0.153	0.302	0.148	0.15	0.056	0	0.203	0.092	0.075	0.167	0.214	0.115	0	0.177	0.128	0.216	0	0.116	0.083	0.058	0.094	0.153	0.126	0.168	0.071	0.12	0.138	0.156	0.046	0.064	0.054	0.075	0.065	0.034	0.065	0.056	0.034	0.038	0.133	0.157	0.07	0.215	0.155	0.125	0.143	0.067	0.329	0.106	0.05	0.065	0.206	0.147	0.18	0.076	0.044	0.076	0.112	0.082	0.052	0.097	0.069	0.079	0.072	0.206	0.181	0.168	0.065	0.089	0.08	0.107	0.044	0.044	1	0.177	0.138	0.19	0.101
GO:0072524	0.08	0.135	0.211	0.125	0.106	0.154	0.087	0.106	0.086	0.054	0.054	0.045	0.091	0.049	0.145	0.27	0.478	0.13	0.054	0.085	0.087	0.516	0.13	0.069	0.044	0.034	0.106	0.27	0.062	0.067	0.361	0.566	0.048	0.317	0.038	0.087	0.224	0.087	0.211	0.211	0.135	0.054	0	0.108	0.076	0.039	0.091	0.101	0.532	0.444	0.15	0.045	0.072	0.096	0.135	0.056	0.08	0.355	0.106	0.202	0.08	0.068	0.067	0.067	0.055	0.042	0.1	0	0.086	0.248	0.138	0.154	0.436	0.214	0.091	0.075	0.183	0.335	0.108	0.081	0.53	0.2	0.111	0.154	0.057	0	0.453	0.094	0.077	0.399	0.373	0.453	0	0.116	0.326	0.076	0	0.119	0.084	0.059	0.096	0.53	0.097	0.794	0.072	0.123	0.088	0.375	0.03	0.039	0.054	0.076	0.067	0.035	0.066	0.057	0.035	0.039	0.162	0.313	0.071	0.48	0.392	0.228	0.119	0.068	0.377	0.108	0.051	0.067	0.211	0.15	0.211	0.078	0.045	0.078	0.114	0.057	0.054	0.099	0.06	0.08	0.073	0.211	0.45	0.291	0.067	0.091	0.081	0.073	0.045	0.045	0.177	1	0.051	0.195	0.18
GO:0050776	0.603	0.072	0.112	0.07	0.254	0.083	0.322	0.061	0.054	0.176	0.176	0.146	0.124	0.066	0.085	0.048	0.059	0.073	0.158	0.11	0.272	0.043	0.073	0.526	0.132	0.284	0.254	0.061	0.1	0.214	0.025	0.047	0.086	0.057	0.34	0.051	0.054	0.272	0.063	0.112	0.072	0.073	0	0.062	0.096	0.055	0.052	0.057	0.066	0.031	0.081	0.058	0.04	0.054	0.072	0.176	0.163	0.056	0.254	0.06	0.134	0.039	0.195	0.195	0.103	0.072	0.685	0	0.159	0.042	0.252	0.083	0.071	0.05	0.154	0.133	0.184	0.03	0.062	0.045	0.043	0.062	0.133	0.083	0.154	0	0.039	0.055	0.045	0.035	0.083	0.035	0	0.187	0.038	0.665	0	0.15	0.054	0.033	0.055	0.043	0.118	0.048	0.04	0.068	0.169	0.043	0.092	0.117	0.03	0.044	0.088	0.051	0.232	0.179	0.051	0.051	0.088	0.049	0.159	0.041	0.036	0.053	0.116	0.04	0.107	0.062	0.145	0.214	0.112	0.081	0.112	0.109	0.151	0.109	0.063	0.212	0.176	0.054	0.068	0.043	0.042	0.112	0.038	0.13	0.214	0.151	0.047	0.181	0.151	0.151	0.138	0.051	1	0.102	0.045
GO:0022402	0.17	0.281	0.469	0.295	0.231	0.342	0.175	0.263	0.229	0.129	0.129	0.099	0.21	0.112	0.291	0.192	0.183	0.313	0.129	0.169	0.193	0.151	0.313	0.134	0.097	0.085	0.231	0.246	0.143	0.154	0.094	0.178	0.089	0.211	0.077	0.22	0.241	0.193	0.107	0.469	0.281	0.129	0	0.274	0.156	0.102	0.212	0.245	0.273	0.102	0.136	0.088	0.152	0.228	0.281	0.117	0.168	0.091	0.231	0.099	0.157	0.155	0.154	0.154	0.109	0.079	0.187	0	0.174	0.164	0.291	0.342	0.277	0.466	0.187	0.161	0.125	0.11	0.274	0.18	0.182	0.113	0.246	0.342	0.122	0	0.145	0.248	0.185	0.138	0.342	0.112	0	0.228	0.156	0.156	0	0.259	0.189	0.129	0.228	0.182	0.231	0.181	0.153	0.288	0.199	0.177	0.083	0.102	0.107	0.183	0.154	0.095	0.143	0.12	0.095	0.081	0.154	0.076	0.15	0.157	0.13	0.22	0.235	0.169	0.109	0.274	0.102	0.154	0.469	0.33	0.193	0.187	0.113	0.187	0.257	0.124	0.129	0.208	0.142	0.157	0.172	0.469	0.151	0.237	0.154	0.222	0.2	0.156	0.113	0.113	0.19	0.195	0.102	1	0.176
GO:0097352	0.072	0.229	0.191	0.106	0.09	0.135	0.074	0.087	0.067	0.046	0.046	0.038	0.075	0.042	0.129	0.155	0.163	0.192	0.046	0.072	0.078	0.138	0.308	0.062	0.038	0.027	0.09	0.213	0.169	0.059	0.079	0.168	0.093	0.177	0.032	0.069	0.16	0.078	0.09	0.191	0.229	0.046	0	0.244	0.069	0.031	0.075	0.227	0.228	0.101	0.124	0.04	0.059	0.216	0.118	0.049	0.067	0.081	0.09	0.086	0.232	0.145	0.059	0.059	0.104	0.115	0.088	0	0.147	0.138	0.121	0.135	0.267	0.123	0.188	0.15	0.085	0.102	0.375	0.251	0.113	0.081	0.263	0.135	0.05	0	0.101	0.201	0.165	0.127	0.308	0.103	0	0.102	0.107	0.069	0	0.11	0.07	0.047	0.079	0.113	0.219	0.171	0.162	0.105	0.175	0.13	0.023	0.031	0.045	0.237	0.059	0.027	0.053	0.05	0.027	0.033	0.134	0.117	0.058	0.107	0.108	0.171	0.202	0.202	0.094	0.153	0.045	0.059	0.191	0.132	0.182	0.062	0.037	0.062	0.194	0.046	0.046	0.084	0.047	0.068	0.058	0.191	0.096	0.24	0.059	0.074	0.065	0.06	0.037	0.037	0.101	0.18	0.045	0.176	1
