	GO:0072359	GO:0006955	GO:0007167	GO:0048870	GO:0006260	GO:0007389	GO:0002252	GO:0000725	GO:1902531	GO:0033627	GO:0016064	GO:0009060	GO:0070585	GO:0006954	GO:0002503	GO:0019886	GO:0034097	GO:1901652	GO:0031589	GO:0051604	GO:0032200	GO:0002440	GO:0048646	GO:0042060	GO:0006935	GO:0009262	GO:0009263	GO:1901137	GO:0044092	GO:0042327	GO:0001935	GO:0001936	GO:0071345	GO:0015718	GO:0031347	GO:0040011	GO:0006626	GO:0007156	GO:0071875	GO:0006418	GO:0007266	GO:0042775	GO:0042254	GO:0007005	GO:0016072	GO:0006412	GO:0055086	GO:0006364	GO:0035239	GO:0006839	GO:0030036	GO:0006457	GO:0030029	GO:0140053	GO:0090407	GO:0006082	GO:1990542	GO:0098609	GO:0033108	GO:0050790	GO:0043603	GO:0035082	GO:0042255	GO:0051056	GO:0048193	GO:0006790	GO:0051603	GO:0007411	GO:0001578	GO:0022618	GO:0009888	GO:0072522	GO:0051168	GO:0000387	GO:0071826	GO:0033674	GO:0045165	GO:0045595	GO:0043632	GO:0097435	GO:0002381	GO:0007163	GO:0019882	GO:0009611	GO:0120178	GO:0003341	GO:0006406	GO:0051048	GO:0170036	GO:0006259	GO:0050793	GO:1902414	GO:1902600	GO:0061061	GO:0006783	GO:0045197	GO:0000902	GO:0050767	GO:0043414	GO:2000026	GO:0006405	GO:0051492	GO:0032956	GO:0032259	GO:0002377	GO:0120039	GO:0090151	GO:0034330	GO:0046034	GO:0006403	GO:0007044	GO:0042401	GO:0032509	GO:0032101	GO:0097320	GO:0071025	GO:0030155	GO:0044283	GO:0009311	GO:0030168	GO:0045926	GO:0040012	GO:0030335	GO:0000054	GO:0033750	GO:0008299	GO:0000724	GO:0032970	GO:0048640	GO:0045103	GO:0045104	GO:0006766	GO:0051123	GO:0000966	GO:0042440	GO:0170039	GO:0042554	GO:0007017	GO:0030198	GO:0007034	GO:0071880	GO:0045116	GO:0030258	GO:0044282	GO:0034472	GO:0071616	GO:0099536	GO:0050877	GO:0060285	GO:0044782	GO:0006281	GO:0007286	GO:0051254	GO:0007219	GO:0022613	GO:0006805	GO:0009410	GO:0009891	GO:0007602	GO:0006605	GO:0010557	GO:0009583	GO:0006888	GO:0048699	GO:0048667	GO:0006753	GO:0042168	GO:0010558	GO:0009890	GO:0015711	GO:0034329	GO:0006066	GO:0006779	GO:0048729	GO:0180046	GO:0009952	GO:0043549	GO:0019752	GO:0006956	GO:0070972	GO:0019941	GO:0035329
GO:0072359	1	0.112	0.057	0.089	0.045	0.632	0.126	0.033	0.044	0.088	0.045	0.052	0.048	0.075	0.038	0.05	0.075	0.06	0.088	0.055	0.054	0.096	0.394	0.075	0.075	0.045	0.028	0.063	0.095	0.032	0.075	0.048	0.049	0.041	0.059	0.177	0.027	0.06	0.057	0.022	0.047	0.043	0.062	0.062	0.04	0.027	0.055	0.031	0.498	0.075	0.074	0.126	0.126	0.062	0.056	0.073	0.074	0.088	0.041	0.095	0.067	0.033	0.041	0.039	0.081	0.088	0.034	0.218	0.063	0.042	0.425	0.029	0.048	0.027	0.062	0.027	0.193	0.151	0.045	0.075	0.048	0.126	0.126	0.095	0.042	0.07	0.025	0.058	0	0.045	0.254	0.075	0.044	0.425	0.036	0.062	0.361	0.316	0.063	0.473	0.037	0.027	0.044	0.126	0.079	0.189	0.033	0.075	0.126	0.095	0.044	0.033	0.053	0.076	0.05	0.028	0.071	0.085	0.07	0.125	0.091	0.105	0.038	0.029	0.061	0.045	0.031	0.076	0.131	0.126	0.074	0.095	0.021	0.04	0.126	0	0.06	0.126	0.056	0.1	0.045	0.037	0.061	0.085	0.03	0.016	0.084	0.231	0.064	0.053	0.035	0.196	0.027	0.057	0.075	0.063	0.095	0.064	0.046	0.036	0.039	0.052	0.052	0.484	0.344	0.041	0.061	0.039	0.064	0.048	0.053	0.08	0.028	0.327	0	0.454	0.04	0.055	0.054	0.048	0.03	0.057
GO:0006955	0.112	1	0.217	0.131	0.079	0.148	0.469	0.144	0.175	0.141	0.498	0.099	0.091	0.313	0.159	0.213	0.313	0.241	0.141	0.091	0.102	0.347	0.156	0.313	0.285	0.074	0.048	0.107	0.154	0.057	0.129	0.085	0.21	0.087	0.238	0.259	0.046	0.108	0.217	0.039	0.205	0.075	0.113	0.113	0.077	0.045	0.085	0.057	0.112	0.129	0.116	0.193	0.193	0.113	0.092	0.114	0.116	0.141	0.075	0.154	0.112	0.057	0.076	0.165	0.128	0.141	0.058	0.117	0.106	0.074	0.154	0.049	0.09	0.048	0.113	0.048	0.126	0.096	0.079	0.129	0.402	0.193	0.469	0.373	0.069	0.119	0.043	0.089	0	0.073	0.156	0.129	0.082	0.154	0.058	0.113	0.141	0.051	0.098	0.096	0.063	0.045	0.072	0.193	0.304	0.078	0.052	0.129	0.193	0.154	0.081	0.061	0.087	0.291	0.094	0.05	0.112	0.136	0.119	0.18	0.134	0.156	0.061	0.047	0.101	0.073	0.143	0.12	0.083	0.193	0.116	0.154	0.04	0.074	0.193	0	0.108	0.193	0.101	0.148	0.181	0.075	0.102	0.136	0.059	0.027	0.133	0.154	0.107	0.094	0.146	0.059	0.043	0.217	0.129	0.208	0.373	0.099	0.158	0.063	0.063	0.208	0.086	0.087	0.067	0.066	0.094	0.063	0.099	0.095	0.094	0.126	0.05	0.126	0	0.114	0.069	0.097	0.447	0.091	0.054	0.217
GO:0007167	0.057	0.217	1	0.167	0.097	0.086	0.105	0.153	0.537	0.181	0.084	0.108	0.101	0.141	0.07	0.043	0.141	0.115	0.181	0.048	0.111	0.083	0.089	0.141	0.146	0.08	0.054	0.055	0.169	0.159	0.154	0.258	0.227	0.035	0.22	0.145	0.056	0.124	0.645	0.049	0.521	0.086	0.128	0.128	0.08	0.06	0.099	0.069	0.062	0.063	0.156	0.254	0.254	0.053	0.108	0.154	0.156	0.181	0.087	0.169	0.139	0.073	0.088	0.472	0.169	0.181	0.069	0.102	0.132	0.092	0.08	0.064	0.1	0.059	0.128	0.132	0.166	0.351	0.097	0.154	0.075	0.254	0.105	0.179	0.065	0.145	0.053	0.14	0	0.098	0.285	0.063	0.093	0.08	0.065	0.128	0.075	0.169	0.122	0.173	0.071	0.15	0.247	0.105	0.068	0.089	0.073	0.154	0.105	0.08	0.093	0.073	0.114	0.288	0.104	0.062	0.396	0.073	0.06	0.19	0.214	0.285	0.178	0.061	0.128	0.098	0.142	0.418	0.132	0.254	0.156	0.08	0.047	0.078	0.105	0	0.124	0.254	0.118	0.208	0.509	0.079	0.128	0.073	0.061	0.035	0.36	0.08	0.122	0.111	0.168	0.081	0.131	0.791	0.154	0.248	0.179	0.153	0.546	0.08	0.096	0.102	0.112	0.105	0.085	0.082	0.102	0.096	0.153	0.041	0.111	0.068	0.062	0.068	0	0.058	0.188	0.114	0.154	0.101	0.066	0.645
GO:0048870	0.089	0.131	0.167	1	0.139	0.118	0.145	0.106	0.132	0.239	0.069	0.162	0.23	0.099	0.105	0.072	0.099	0.081	0.239	0.075	0.166	0.115	0.123	0.099	0.23	0.116	0.08	0.086	0.117	0.103	0.213	0.147	0.15	0.138	0.08	0.461	0.127	0.179	0.167	0.073	0.147	0.126	0.185	0.185	0.126	0.086	0.136	0.102	0.091	0.213	0.204	0.321	0.321	0.088	0.152	0.202	0.287	0.239	0.13	0.117	0.191	0.104	0.131	0.122	0.311	0.239	0.1	0.232	0.182	0.131	0.117	0.091	0.228	0.088	0.185	0.084	0.219	0.176	0.139	0.213	0.066	0.321	0.145	0.117	0.06	0.351	0.116	0.142	0	0.134	0.123	0.213	0.203	0.117	0.094	0.185	0.11	0.096	0.164	0.081	0.165	0.085	0.131	0.145	0.1	0.131	0.153	0.213	0.145	0.255	0.138	0.108	0.228	0.096	0.156	0.092	0.199	0.107	0.093	0.163	0.109	0.299	0.499	0.133	0.27	0.133	0.103	0.21	0.071	0.321	0.204	0.117	0.074	0.12	0.145	0	0.179	0.321	0.169	0.362	0.137	0.125	0.176	0.107	0.099	0.051	0.21	0.117	0.8	0.16	0.11	0.111	0.079	0.167	0.213	0.178	0.117	0.083	0.134	0.174	0.055	0.071	0.235	0.15	0.121	0.115	0.141	0.055	0.083	0.153	0.16	0.1	0.092	0.1	0	0.09	0.113	0.165	0.07	0.23	0.098	0.167
GO:0006260	0.045	0.079	0.097	0.139	1	0.072	0.086	0.274	0.078	0.147	0.029	0.195	0.075	0.05	0.052	0.033	0.05	0.041	0.147	0.228	0.082	0.272	0.075	0.05	0.053	0.209	0.269	0.383	0.064	0.128	0.121	0.079	0.08	0.024	0.041	0.122	0.044	0.095	0.097	0.421	0.073	0.16	0.098	0.098	0.239	0.535	0.242	0.186	0.051	0.05	0.127	0.21	0.21	0.267	0.455	0.401	0.127	0.147	0.065	0.064	0.266	0.058	0.066	0.067	0.137	0.357	0.273	0.059	0.105	0.071	0.064	0.315	0.075	0.15	0.098	0.099	0.136	0.111	0.38	0.121	0.148	0.21	0.086	0.064	0.228	0.114	0.148	0.043	0	0.4	0.075	0.05	0.07	0.064	0.271	0.098	0.06	0.053	0.477	0.046	0.054	0.047	0.078	0.21	0.227	0.068	0.06	0.121	0.21	0.064	0.069	0.339	0.091	0.054	0.077	0.24	0.124	0.264	0.198	0.104	0.067	0.075	0.061	0.049	0.102	0.464	0.25	0.131	0.041	0.21	0.127	0.156	0.383	0.247	0.21	0	0.23	0.21	0.09	0.175	0.074	0.283	0.308	0.143	0.179	0.178	0.124	0.064	0.095	0.085	0.306	0.066	0.184	0.097	0.121	0.273	0.064	0.209	0.086	0.062	0.371	0.037	0.09	0.081	0.066	0.212	0.238	0.371	0.209	0.029	0.085	0.215	0.293	0.056	0	0.046	0.129	0.276	0.04	0.075	0.254	0.097
GO:0007389	0.632	0.148	0.086	0.118	0.072	1	0.166	0.055	0.067	0.123	0.076	0.087	0.081	0.112	0.06	0.079	0.112	0.089	0.123	0.082	0.09	0.128	0.423	0.112	0.105	0.068	0.045	0.095	0.133	0.053	0.112	0.076	0.078	0.076	0.088	0.219	0.043	0.095	0.086	0.037	0.078	0.069	0.099	0.099	0.069	0.043	0.078	0.053	0.589	0.112	0.104	0.166	0.166	0.099	0.083	0.102	0.104	0.123	0.068	0.133	0.1	0.053	0.069	0.063	0.114	0.123	0.054	0.22	0.094	0.068	0.457	0.046	0.08	0.045	0.099	0.045	0.224	0.176	0.072	0.112	0.072	0.166	0.166	0.133	0.064	0.105	0.041	0.082	0	0.067	0.285	0.112	0.074	0.457	0.054	0.099	0.392	0.297	0.089	0.553	0.059	0.042	0.066	0.166	0.111	0.214	0.049	0.112	0.166	0.133	0.073	0.056	0.079	0.107	0.084	0.047	0.101	0.12	0.105	0.183	0.12	0.138	0.057	0.044	0.091	0.067	0.054	0.107	0.153	0.166	0.104	0.133	0.038	0.067	0.166	0	0.095	0.166	0.089	0.132	0.071	0.068	0.091	0.12	0.055	0.026	0.118	0.323	0.095	0.084	0.056	0.24	0.041	0.086	0.112	0.089	0.133	0.09	0.066	0.058	0.058	0.078	0.078	0.451	0.34	0.061	0.086	0.058	0.09	0.083	0.084	0.112	0.047	0.355	0	0.765	0.063	0.087	0.076	0.081	0.05	0.086
GO:0002252	0.126	0.469	0.105	0.145	0.086	0.166	1	0.064	0.077	0.16	0.418	0.112	0.101	0.147	0.171	0.235	0.147	0.11	0.16	0.1	0.116	0.387	0.176	0.147	0.13	0.08	0.051	0.119	0.176	0.061	0.147	0.093	0.095	0.098	0.108	0.306	0.048	0.123	0.105	0.04	0.097	0.082	0.128	0.128	0.085	0.048	0.091	0.061	0.123	0.147	0.128	0.224	0.224	0.128	0.101	0.126	0.128	0.16	0.083	0.176	0.126	0.06	0.084	0.073	0.144	0.16	0.061	0.054	0.118	0.08	0.176	0.051	0.1	0.051	0.128	0.05	0.141	0.105	0.086	0.147	0.34	0.224	0.543	0.176	0.074	0.134	0.045	0.097	0	0.079	0.176	0.147	0.091	0.176	0.061	0.128	0.16	0.054	0.107	0.105	0.068	0.047	0.077	0.224	0.339	0.086	0.055	0.147	0.224	0.176	0.09	0.065	0.095	0.133	0.106	0.053	0.123	0.154	0.134	0.095	0.148	0.176	0.065	0.049	0.112	0.078	0.063	0.133	0.089	0.224	0.128	0.176	0.043	0.081	0.224	0	0.123	0.224	0.113	0.166	0.085	0.083	0.113	0.154	0.064	0.028	0.15	0.176	0.119	0.104	0.064	0.062	0.045	0.105	0.147	0.107	0.176	0.108	0.075	0.067	0.067	0.093	0.093	0.096	0.072	0.07	0.102	0.067	0.108	0.107	0.104	0.141	0.054	0.141	0	0.128	0.074	0.109	0.393	0.101	0.057	0.105
GO:0000725	0.033	0.144	0.153	0.106	0.274	0.055	0.064	1	0.134	0.108	0.049	0.131	0.051	0.158	0.037	0.024	0.086	0.074	0.108	0.258	0.055	0.199	0.057	0.158	0.097	0.323	0.232	0.135	0.047	0.092	0.086	0.057	0.14	0.015	0.134	0.09	0.033	0.066	0.153	0.283	0.111	0.114	0.067	0.067	0.42	0.266	0.511	0.304	0.039	0.035	0.096	0.155	0.155	0.188	0.203	0.304	0.096	0.108	0.046	0.047	0.327	0.043	0.046	0.112	0.102	0.262	0.255	0.068	0.076	0.052	0.047	0.294	0.051	0.239	0.067	0.071	0.101	0.085	0.274	0.086	0.126	0.155	0.064	0.208	0.146	0.082	0.115	0.033	0	0.731	0.057	0.035	0.048	0.047	0.224	0.067	0.044	0.04	0.358	0.035	0.038	0.036	0.059	0.155	0.161	0.048	0.047	0.086	0.155	0.047	0.048	0.184	0.068	0.098	0.052	0.392	0.094	0.106	0.206	0.139	0.052	0.057	0.047	0.038	0.074	0.216	0.88	0.098	0.032	0.155	0.096	0.113	0.266	0.415	0.155	0	0.16	0.155	0.063	0.133	0.117	0.225	0.269	0.106	0.287	0.168	0.091	0.047	0.068	0.06	0.89	0.051	0.36	0.153	0.086	0.286	0.113	0.087	0.145	0.046	0.131	0.067	0.067	0.058	0.049	0.397	0.317	0.131	0.087	0.019	0.06	0.16	0.254	0.042	0	0.033	0.09	0.196	0.066	0.051	0.227	0.153
GO:1902531	0.044	0.175	0.537	0.132	0.078	0.067	0.077	0.134	1	0.138	0.075	0.083	0.079	0.116	0.058	0.034	0.116	0.1	0.138	0.039	0.084	0.065	0.069	0.116	0.124	0.066	0.046	0.043	0.134	0.145	0.116	0.22	0.189	0.027	0.281	0.105	0.049	0.095	0.537	0.043	0.525	0.07	0.097	0.097	0.063	0.053	0.082	0.058	0.049	0.048	0.123	0.188	0.188	0.04	0.087	0.121	0.123	0.138	0.07	0.134	0.108	0.062	0.071	0.879	0.131	0.138	0.058	0.094	0.104	0.075	0.06	0.055	0.078	0.051	0.097	0.124	0.129	0.298	0.078	0.116	0.069	0.188	0.077	0.145	0.059	0.111	0.047	0.128	0	0.081	0.236	0.048	0.074	0.06	0.056	0.097	0.057	0.155	0.099	0.154	0.059	0.14	0.217	0.077	0.053	0.072	0.064	0.116	0.077	0.06	0.073	0.06	0.092	0.356	0.081	0.053	0.328	0.056	0.046	0.169	0.184	0.236	0.162	0.053	0.101	0.081	0.125	0.343	0.121	0.188	0.123	0.06	0.04	0.062	0.077	0	0.095	0.188	0.091	0.162	0.433	0.062	0.101	0.056	0.05	0.032	0.277	0.06	0.095	0.087	0.148	0.069	0.124	0.537	0.116	0.209	0.145	0.137	0.481	0.067	0.092	0.091	0.091	0.083	0.07	0.069	0.083	0.092	0.137	0.031	0.087	0.053	0.053	0.053	0	0.045	0.167	0.089	0.197	0.079	0.056	0.653
GO:0033627	0.088	0.141	0.181	0.239	0.147	0.123	0.16	0.108	0.138	1	0.063	0.179	0.164	0.101	0.106	0.067	0.101	0.078	0.669	0.071	0.184	0.119	0.13	0.101	0.095	0.119	0.079	0.083	0.123	0.104	0.244	0.157	0.16	0.061	0.077	0.221	0.081	0.486	0.181	0.07	0.158	0.132	0.208	0.208	0.132	0.085	0.142	0.103	0.091	0.101	0.227	0.388	0.388	0.086	0.163	0.224	0.227	0.669	0.136	0.123	0.214	0.105	0.138	0.127	0.251	0.276	0.101	0.099	0.201	0.137	0.123	0.091	0.162	0.087	0.208	0.083	0.247	0.19	0.147	0.244	0.062	0.388	0.16	0.123	0.054	0.225	0.075	0.073	0	0.14	0.13	0.101	0.149	0.123	0.094	0.208	0.113	0.096	0.176	0.078	0.106	0.084	0.137	0.16	0.101	0.137	0.1	0.244	0.16	0.123	0.147	0.11	0.167	0.097	0.17	0.091	0.534	0.11	0.093	0.174	0.112	0.13	0.109	0.083	0.193	0.139	0.105	0.235	0.067	0.388	0.227	0.123	0.071	0.124	0.16	0	0.2	0.388	0.186	0.3	0.145	0.132	0.194	0.11	0.1	0.048	0.238	0.123	0.189	0.173	0.112	0.113	0.077	0.181	0.244	0.193	0.123	0.081	0.139	0.116	0.049	0.067	0.164	0.161	0.125	0.117	0.149	0.049	0.081	0.069	0.173	0.102	0.092	0.102	0	0.089	0.116	0.18	0.067	0.164	0.098	0.181
GO:0016064	0.045	0.498	0.084	0.069	0.029	0.076	0.418	0.049	0.075	0.063	1	0.031	0.029	0.123	0.06	0.078	0.123	0.099	0.063	0.038	0.032	0.179	0.079	0.123	0.131	0.032	0.019	0.043	0.067	0.02	0.051	0.031	0.077	0.021	0.098	0.136	0.018	0.038	0.084	0.014	0.062	0.028	0.039	0.039	0.023	0.018	0.041	0.019	0.052	0.051	0.054	0.094	0.094	0.039	0.038	0.053	0.054	0.063	0.025	0.067	0.045	0.022	0.025	0.063	0.058	0.063	0.022	0.049	0.043	0.028	0.067	0.019	0.029	0.017	0.039	0.017	0.057	0.046	0.029	0.051	0.716	0.094	0.227	0.164	0.03	0.047	0.017	0.043	0	0.031	0.079	0.051	0.027	0.067	0.026	0.039	0.063	0.02	0.047	0.046	0.024	0.018	0.031	0.094	0.139	0.029	0.023	0.051	0.094	0.067	0.026	0.021	0.037	0.134	0.03	0.017	0.052	0.061	0.047	0.073	0.07	0.079	0.027	0.021	0.042	0.031	0.044	0.055	0.04	0.094	0.054	0.067	0.012	0.025	0.094	0	0.038	0.094	0.036	0.076	0.063	0.02	0.042	0.061	0.017	0.011	0.06	0.067	0.043	0.034	0.056	0.026	0.02	0.084	0.051	0.088	0.164	0.047	0.073	0.024	0.027	0.087	0.036	0.032	0.026	0.029	0.045	0.027	0.047	0.027	0.034	0.057	0.017	0.057	0	0.046	0.026	0.035	0.285	0.029	0.019	0.084
GO:0009060	0.052	0.099	0.108	0.162	0.195	0.087	0.112	0.131	0.083	0.179	0.031	1	0.081	0.06	0.052	0.036	0.06	0.047	0.179	0.104	0.091	0.141	0.092	0.06	0.062	0.153	0.093	0.121	0.08	0.127	0.145	0.086	0.087	0.024	0.046	0.166	0.042	0.108	0.108	0.086	0.079	0.437	0.112	0.112	0.141	0.114	0.207	0.107	0.059	0.06	0.149	0.272	0.272	0.112	0.225	0.355	0.149	0.179	0.068	0.08	0.309	0.058	0.069	0.069	0.164	0.435	0.128	0.06	0.12	0.075	0.08	0.121	0.08	0.086	0.112	0.093	0.161	0.125	0.195	0.145	0.066	0.272	0.112	0.08	0.08	0.134	0.066	0.048	0	0.204	0.092	0.06	0.074	0.08	0.121	0.112	0.074	0.053	0.267	0.051	0.053	0.046	0.082	0.272	0.114	0.071	0.061	0.145	0.272	0.08	0.073	0.134	0.1	0.063	0.084	0.112	0.144	0.173	0.134	0.114	0.079	0.092	0.062	0.048	0.115	0.203	0.117	0.153	0.044	0.272	0.149	0.194	0.074	0.139	0.272	0	0.263	0.272	0.101	0.212	0.079	0.136	0.281	0.173	0.098	0.062	0.147	0.08	0.107	0.094	0.149	0.068	0.108	0.108	0.145	0.307	0.08	0.128	0.092	0.064	0.072	0.04	0.098	0.088	0.069	0.163	0.21	0.072	0.128	0.031	0.094	0.161	0.112	0.066	0	0.053	0.128	0.238	0.044	0.081	0.119	0.108
GO:0070585	0.048	0.091	0.101	0.23	0.075	0.081	0.101	0.051	0.079	0.164	0.029	0.081	1	0.054	0.049	0.034	0.054	0.043	0.164	0.04	0.083	0.078	0.085	0.054	0.057	0.06	0.037	0.046	0.073	0.05	0.132	0.08	0.081	0.054	0.043	0.148	0.422	0.099	0.101	0.034	0.073	0.064	0.103	0.103	0.054	0.045	0.081	0.049	0.055	0.132	0.138	0.246	0.246	0.042	0.087	0.136	0.188	0.164	0.064	0.073	0.117	0.055	0.064	0.066	0.206	0.164	0.05	0.057	0.111	0.071	0.073	0.048	0.181	0.042	0.103	0.038	0.149	0.117	0.075	0.132	0.035	0.246	0.101	0.073	0.031	0.123	0.218	0.085	0	0.08	0.085	0.401	0.099	0.073	0.048	0.103	0.067	0.05	0.103	0.048	0.165	0.044	0.078	0.101	0.061	0.067	0.485	0.132	0.101	0.325	0.068	0.052	0.2	0.058	0.078	0.044	0.134	0.065	0.051	0.108	0.074	0.085	0.091	0.266	0.478	0.079	0.046	0.142	0.042	0.246	0.138	0.073	0.029	0.053	0.101	0	0.099	0.246	0.093	0.264	0.074	0.052	0.107	0.065	0.038	0.025	0.135	0.073	0.152	0.087	0.058	0.065	0.043	0.101	0.132	0.119	0.073	0.049	0.088	0.395	0.028	0.038	0.224	0.082	0.065	0.064	0.081	0.028	0.049	0.07	0.087	0.061	0.044	0.061	0	0.049	0.055	0.09	0.041	0.738	0.047	0.101
GO:0006954	0.075	0.313	0.141	0.099	0.05	0.112	0.147	0.158	0.116	0.101	0.123	0.06	0.054	1	0.041	0.055	0.21	0.161	0.101	0.061	0.061	0.108	0.119	0.387	0.203	0.049	0.03	0.071	0.11	0.034	0.087	0.053	0.132	0.047	0.484	0.21	0.029	0.069	0.141	0.023	0.12	0.047	0.071	0.071	0.044	0.028	0.06	0.034	0.08	0.087	0.082	0.147	0.147	0.071	0.061	0.081	0.082	0.101	0.045	0.11	0.075	0.035	0.046	0.104	0.091	0.101	0.036	0.075	0.071	0.046	0.11	0.03	0.054	0.028	0.071	0.028	0.09	0.068	0.05	0.087	0.102	0.147	0.147	0.491	0.046	0.08	0.027	0.063	0	0.049	0.119	0.087	0.049	0.11	0.039	0.071	0.101	0.032	0.07	0.068	0.04	0.028	0.048	0.147	0.089	0.049	0.035	0.087	0.147	0.11	0.049	0.036	0.058	0.207	0.057	0.03	0.08	0.097	0.08	0.196	0.101	0.119	0.041	0.031	0.068	0.048	0.15	0.085	0.059	0.147	0.082	0.11	0.022	0.044	0.147	0	0.069	0.147	0.064	0.112	0.111	0.042	0.068	0.097	0.033	0.017	0.095	0.11	0.072	0.059	0.168	0.039	0.029	0.141	0.087	0.139	0.267	0.071	0.108	0.039	0.042	0.139	0.057	0.055	0.042	0.044	0.067	0.042	0.071	0.055	0.059	0.09	0.03	0.09	0	0.076	0.043	0.061	0.126	0.054	0.032	0.141
GO:0002503	0.038	0.159	0.07	0.105	0.052	0.06	0.171	0.037	0.058	0.106	0.06	0.052	0.049	0.041	1	0.412	0.041	0.035	0.106	0.033	0.137	0.144	0.062	0.041	0.045	0.043	0.028	0.037	0.053	0.036	0.084	0.055	0.055	0.02	0.035	0.098	0.078	0.064	0.07	0.027	0.048	0.045	0.176	0.176	0.035	0.035	0.059	0.094	0.044	0.041	0.17	0.154	0.154	0.033	0.06	0.093	0.094	0.106	0.405	0.053	0.077	0.212	0.216	0.047	0.101	0.106	0.037	0.071	0.137	0.427	0.053	0.037	0.049	0.267	0.269	0.029	0.099	0.084	0.052	0.232	0.073	0.154	0.314	0.053	0.027	0.08	0.03	0.038	0	0.058	0.062	0.041	0.046	0.053	0.036	0.065	0.05	0.038	0.073	0.04	0.037	0.133	0.105	0.07	0.113	0.115	0.093	0.232	0.07	0.053	0.225	0.037	0.066	0.045	0.131	0.033	0.092	0.049	0.039	0.079	0.057	0.062	0.045	0.08	0.073	0.058	0.032	0.096	0.036	0.154	0.17	0.053	0.199	0.036	0.07	0	0.064	0.154	0.164	0.132	0.052	0.034	0.073	0.049	0.026	0.021	0.089	0.053	0.066	0.157	0.043	0.05	0.035	0.07	0.232	0.085	0.053	0.04	0.067	0.044	0.026	0.032	0.065	0.056	0.047	0.048	0.058	0.026	0.04	0.024	0.299	0.047	0.033	0.047	0	0.038	0.039	0.06	0.086	0.049	0.034	0.07
GO:0019886	0.05	0.213	0.043	0.072	0.033	0.079	0.235	0.024	0.034	0.067	0.078	0.036	0.034	0.055	0.412	1	0.055	0.045	0.067	0.042	0.037	0.186	0.082	0.055	0.058	0.035	0.022	0.048	0.071	0.023	0.055	0.035	0.036	0.027	0.045	0.137	0.021	0.043	0.043	0.016	0.033	0.032	0.044	0.044	0.027	0.021	0.044	0.023	0.056	0.055	0.057	0.097	0.097	0.044	0.042	0.057	0.057	0.067	0.029	0.071	0.05	0.025	0.029	0.03	0.062	0.067	0.026	0.026	0.047	0.032	0.071	0.022	0.034	0.02	0.044	0.02	0.061	0.049	0.033	0.055	0.09	0.097	0.432	0.071	0.033	0.052	0.02	0.046	0	0.035	0.082	0.055	0.031	0.071	0.029	0.044	0.067	0.023	0.05	0.049	0.028	0.02	0.034	0.097	0.148	0.033	0.026	0.055	0.097	0.071	0.031	0.024	0.04	0.059	0.035	0.021	0.056	0.065	0.052	0.046	0.073	0.082	0.03	0.024	0.046	0.035	0.022	0.059	0.043	0.097	0.057	0.071	0.015	0.029	0.097	0	0.043	0.097	0.041	0.079	0.033	0.025	0.046	0.065	0.021	0.013	0.064	0.071	0.048	0.038	0.026	0.029	0.022	0.043	0.055	0.05	0.071	0.051	0.038	0.027	0.031	0.04	0.04	0.036	0.029	0.032	0.048	0.031	0.051	0.032	0.038	0.061	0.021	0.061	0	0.05	0.03	0.04	0.104	0.034	0.022	0.043
GO:0034097	0.075	0.313	0.141	0.099	0.05	0.112	0.147	0.086	0.116	0.101	0.123	0.06	0.054	0.21	0.041	0.055	1	0.462	0.101	0.061	0.061	0.108	0.119	0.21	0.373	0.049	0.03	0.071	0.11	0.034	0.087	0.053	0.63	0.047	0.159	0.21	0.029	0.069	0.141	0.023	0.12	0.047	0.071	0.071	0.044	0.028	0.06	0.034	0.08	0.087	0.082	0.147	0.147	0.071	0.061	0.081	0.082	0.101	0.045	0.11	0.075	0.035	0.046	0.104	0.091	0.101	0.036	0.134	0.071	0.046	0.11	0.03	0.054	0.028	0.071	0.028	0.09	0.068	0.05	0.087	0.102	0.147	0.147	0.267	0.046	0.08	0.027	0.063	0	0.049	0.119	0.087	0.049	0.11	0.039	0.071	0.101	0.032	0.07	0.068	0.04	0.028	0.048	0.147	0.089	0.049	0.035	0.087	0.147	0.11	0.049	0.036	0.058	0.207	0.057	0.03	0.08	0.097	0.08	0.117	0.101	0.119	0.041	0.031	0.068	0.048	0.081	0.085	0.059	0.147	0.082	0.11	0.022	0.044	0.147	0	0.069	0.147	0.064	0.112	0.111	0.042	0.068	0.097	0.033	0.017	0.095	0.11	0.072	0.059	0.091	0.039	0.029	0.141	0.087	0.238	0.491	0.071	0.108	0.039	0.042	0.139	0.057	0.055	0.042	0.044	0.067	0.042	0.071	0.055	0.059	0.09	0.03	0.09	0	0.076	0.043	0.061	0.126	0.054	0.032	0.141
GO:1901652	0.06	0.241	0.115	0.081	0.041	0.089	0.11	0.074	0.1	0.078	0.099	0.047	0.043	0.161	0.035	0.045	0.462	1	0.078	0.05	0.048	0.087	0.093	0.161	0.301	0.042	0.027	0.057	0.083	0.029	0.066	0.044	0.306	0.036	0.13	0.153	0.026	0.053	0.115	0.021	0.096	0.04	0.055	0.055	0.036	0.025	0.051	0.029	0.065	0.066	0.067	0.11	0.11	0.055	0.051	0.066	0.067	0.078	0.037	0.083	0.06	0.031	0.038	0.088	0.072	0.078	0.031	0.12	0.057	0.039	0.083	0.027	0.043	0.025	0.055	0.025	0.071	0.057	0.041	0.066	0.086	0.11	0.11	0.203	0.04	0.062	0.024	0.054	0	0.042	0.093	0.066	0.04	0.083	0.034	0.055	0.078	0.028	0.058	0.057	0.034	0.025	0.041	0.11	0.071	0.041	0.031	0.066	0.11	0.083	0.04	0.031	0.048	0.166	0.045	0.026	0.065	0.076	0.062	0.099	0.082	0.093	0.036	0.028	0.055	0.041	0.069	0.068	0.05	0.11	0.067	0.083	0.02	0.037	0.11	0	0.053	0.11	0.05	0.089	0.092	0.034	0.055	0.076	0.028	0.016	0.075	0.083	0.057	0.048	0.079	0.034	0.026	0.115	0.066	0.198	0.373	0.059	0.095	0.034	0.036	0.116	0.048	0.045	0.036	0.038	0.056	0.036	0.059	0.042	0.048	0.071	0.026	0.071	0	0.06	0.037	0.049	0.108	0.043	0.028	0.115
GO:0031589	0.088	0.141	0.181	0.239	0.147	0.123	0.16	0.108	0.138	0.669	0.063	0.179	0.164	0.101	0.106	0.067	0.101	0.078	1	0.071	0.184	0.119	0.13	0.101	0.095	0.119	0.079	0.083	0.123	0.104	0.244	0.157	0.16	0.061	0.077	0.221	0.081	0.486	0.181	0.07	0.158	0.132	0.208	0.208	0.132	0.085	0.142	0.103	0.091	0.101	0.227	0.388	0.388	0.086	0.163	0.224	0.227	0.669	0.136	0.123	0.214	0.105	0.138	0.127	0.251	0.276	0.101	0.099	0.201	0.137	0.123	0.091	0.162	0.087	0.208	0.083	0.247	0.19	0.147	0.244	0.062	0.388	0.16	0.123	0.054	0.225	0.075	0.073	0	0.14	0.13	0.101	0.149	0.123	0.094	0.208	0.113	0.096	0.176	0.078	0.106	0.084	0.137	0.16	0.101	0.137	0.1	0.244	0.16	0.123	0.147	0.11	0.167	0.097	0.17	0.091	0.534	0.11	0.093	0.174	0.112	0.13	0.109	0.083	0.193	0.139	0.105	0.235	0.067	0.388	0.227	0.123	0.071	0.124	0.16	0	0.2	0.388	0.186	0.3	0.145	0.132	0.194	0.11	0.1	0.048	0.238	0.123	0.189	0.173	0.112	0.113	0.077	0.181	0.244	0.193	0.123	0.081	0.139	0.116	0.049	0.067	0.164	0.161	0.125	0.117	0.149	0.049	0.081	0.069	0.173	0.102	0.092	0.102	0	0.089	0.116	0.18	0.067	0.164	0.098	0.181
GO:0051604	0.055	0.091	0.048	0.075	0.228	0.082	0.1	0.258	0.039	0.071	0.038	0.104	0.04	0.061	0.033	0.042	0.061	0.05	0.071	1	0.044	0.481	0.086	0.061	0.062	0.258	0.176	0.22	0.076	0.068	0.061	0.041	0.041	0.033	0.05	0.137	0.025	0.049	0.048	0.36	0.039	0.09	0.051	0.051	0.325	0.448	0.312	0.319	0.06	0.061	0.062	0.1	0.1	0.502	0.196	0.257	0.062	0.071	0.035	0.076	0.229	0.029	0.035	0.034	0.067	0.173	0.427	0.029	0.052	0.037	0.076	0.212	0.04	0.255	0.051	0.055	0.066	0.054	0.228	0.061	0.278	0.1	0.1	0.076	0.193	0.057	0.23	0.05	0	0.347	0.086	0.061	0.037	0.076	0.197	0.051	0.071	0.027	0.287	0.054	0.032	0.024	0.039	0.242	0.415	0.038	0.03	0.061	0.242	0.076	0.037	0.233	0.045	0.063	0.041	0.234	0.06	0.169	0.355	0.05	0.076	0.086	0.034	0.027	0.051	0.218	0.245	0.063	0.047	0.1	0.062	0.185	0.241	0.44	0.242	0	0.119	0.1	0.046	0.082	0.038	0.448	0.285	0.169	0.328	0.137	0.069	0.076	0.053	0.044	0.276	0.033	0.227	0.048	0.061	0.132	0.076	0.133	0.041	0.032	0.204	0.045	0.045	0.042	0.034	0.256	0.307	0.204	0.133	0.039	0.044	0.254	0.201	0.066	0	0.055	0.074	0.186	0.047	0.04	0.379	0.048
GO:0032200	0.054	0.102	0.111	0.166	0.082	0.09	0.116	0.055	0.084	0.184	0.032	0.091	0.083	0.061	0.137	0.037	0.061	0.048	0.184	0.044	1	0.087	0.094	0.061	0.063	0.064	0.039	0.051	0.082	0.053	0.149	0.087	0.089	0.025	0.047	0.172	0.19	0.111	0.111	0.036	0.08	0.07	0.213	0.55	0.059	0.047	0.087	0.097	0.06	0.061	0.443	0.281	0.281	0.048	0.095	0.15	0.152	0.184	0.33	0.082	0.13	0.249	0.334	0.071	0.168	0.184	0.054	0.115	0.381	0.217	0.082	0.051	0.082	0.127	0.352	0.04	0.165	0.127	0.082	0.453	0.038	0.281	0.116	0.082	0.033	0.137	0.04	0.049	0	0.086	0.094	0.061	0.076	0.082	0.051	0.116	0.076	0.053	0.112	0.052	0.054	0.163	0.259	0.116	0.067	0.209	0.203	0.453	0.116	0.082	0.227	0.056	0.102	0.065	0.263	0.047	0.147	0.073	0.057	0.116	0.081	0.094	0.063	0.079	0.118	0.085	0.049	0.157	0.045	0.281	0.443	0.082	0.094	0.058	0.116	0	0.111	0.281	0.315	0.218	0.081	0.057	0.118	0.073	0.041	0.026	0.151	0.082	0.109	0.459	0.062	0.069	0.045	0.111	0.274	0.129	0.082	0.054	0.093	0.065	0.03	0.041	0.1	0.09	0.07	0.068	0.088	0.03	0.054	0.032	0.293	0.068	0.047	0.068	0	0.054	0.059	0.1	0.045	0.083	0.05	0.111
GO:0002440	0.096	0.347	0.083	0.115	0.272	0.128	0.387	0.199	0.065	0.119	0.179	0.141	0.078	0.108	0.144	0.186	0.108	0.087	0.119	0.481	0.087	1	0.133	0.108	0.102	0.197	0.124	0.271	0.128	0.087	0.108	0.074	0.076	0.074	0.086	0.21	0.043	0.092	0.083	0.215	0.076	0.116	0.095	0.095	0.255	0.27	0.206	0.276	0.098	0.108	0.101	0.159	0.159	0.609	0.238	0.311	0.101	0.119	0.066	0.128	0.173	0.052	0.067	0.061	0.11	0.224	0.204	0.048	0.092	0.066	0.128	0.125	0.078	0.217	0.095	0.07	0.108	0.086	0.272	0.108	0.567	0.159	0.387	0.128	0.163	0.101	0.256	0.08	0	0.269	0.133	0.108	0.072	0.128	0.134	0.095	0.119	0.047	0.338	0.086	0.057	0.042	0.065	0.312	0.871	0.07	0.049	0.108	0.312	0.128	0.071	0.144	0.077	0.104	0.081	0.171	0.098	0.217	0.297	0.079	0.117	0.133	0.056	0.044	0.088	0.18	0.189	0.104	0.075	0.159	0.101	0.241	0.2	0.391	0.312	0	0.159	0.159	0.087	0.128	0.069	0.228	0.242	0.217	0.285	0.072	0.114	0.128	0.092	0.081	0.212	0.054	0.166	0.083	0.108	0.163	0.128	0.165	0.064	0.057	0.234	0.076	0.076	0.076	0.061	0.177	0.216	0.234	0.165	0.081	0.081	0.312	0.122	0.108	0	0.098	0.096	0.233	0.18	0.078	0.183	0.083
GO:0048646	0.394	0.156	0.089	0.123	0.075	0.423	0.176	0.057	0.069	0.13	0.079	0.092	0.085	0.119	0.062	0.082	0.119	0.093	0.13	0.086	0.094	0.133	1	0.119	0.11	0.071	0.047	0.099	0.141	0.055	0.119	0.08	0.081	0.08	0.092	0.234	0.044	0.1	0.089	0.037	0.082	0.071	0.104	0.104	0.072	0.044	0.081	0.054	0.555	0.119	0.108	0.176	0.176	0.104	0.087	0.107	0.108	0.13	0.071	0.141	0.105	0.054	0.072	0.065	0.119	0.13	0.055	0.209	0.099	0.07	0.543	0.047	0.084	0.046	0.104	0.046	0.285	0.222	0.075	0.119	0.074	0.176	0.176	0.141	0.066	0.11	0.042	0.085	0	0.07	0.352	0.119	0.077	0.543	0.056	0.104	0.688	0.182	0.093	0.329	0.06	0.043	0.068	0.176	0.116	0.38	0.05	0.119	0.176	0.141	0.076	0.058	0.082	0.112	0.088	0.048	0.105	0.126	0.11	0.084	0.126	0.145	0.059	0.045	0.095	0.069	0.056	0.112	0.192	0.176	0.108	0.141	0.039	0.07	0.176	0	0.1	0.176	0.094	0.138	0.074	0.071	0.095	0.126	0.056	0.027	0.123	0.141	0.1	0.088	0.057	0.201	0.042	0.089	0.119	0.092	0.141	0.094	0.067	0.06	0.06	0.081	0.081	0.289	0.338	0.063	0.089	0.06	0.094	0.088	0.088	0.117	0.048	0.62	0	0.337	0.066	0.091	0.078	0.085	0.052	0.089
GO:0042060	0.075	0.313	0.141	0.099	0.05	0.112	0.147	0.158	0.116	0.101	0.123	0.06	0.054	0.387	0.041	0.055	0.21	0.161	0.101	0.061	0.061	0.108	0.119	1	0.203	0.049	0.03	0.071	0.11	0.034	0.087	0.053	0.132	0.047	0.293	0.21	0.029	0.069	0.141	0.023	0.12	0.047	0.071	0.071	0.044	0.028	0.06	0.034	0.08	0.087	0.082	0.147	0.147	0.071	0.061	0.081	0.082	0.101	0.045	0.11	0.075	0.035	0.046	0.104	0.091	0.101	0.036	0.075	0.071	0.046	0.11	0.03	0.054	0.028	0.071	0.028	0.09	0.068	0.05	0.087	0.102	0.147	0.147	0.812	0.046	0.08	0.027	0.063	0	0.049	0.119	0.087	0.049	0.11	0.039	0.071	0.101	0.032	0.07	0.068	0.04	0.028	0.048	0.147	0.089	0.049	0.035	0.087	0.147	0.11	0.049	0.036	0.058	0.207	0.057	0.03	0.08	0.097	0.08	0.467	0.101	0.119	0.041	0.031	0.068	0.048	0.15	0.085	0.059	0.147	0.082	0.11	0.022	0.044	0.147	0	0.069	0.147	0.064	0.112	0.111	0.042	0.068	0.097	0.033	0.017	0.095	0.11	0.072	0.059	0.168	0.039	0.029	0.141	0.087	0.139	0.267	0.071	0.108	0.039	0.042	0.139	0.057	0.055	0.042	0.044	0.067	0.042	0.071	0.055	0.059	0.09	0.03	0.09	0	0.076	0.043	0.061	0.126	0.054	0.032	0.141
GO:0006935	0.075	0.285	0.146	0.23	0.053	0.105	0.13	0.097	0.124	0.095	0.131	0.062	0.057	0.203	0.045	0.058	0.373	0.301	0.095	0.062	0.063	0.102	0.11	0.203	1	0.052	0.034	0.071	0.102	0.039	0.083	0.056	0.256	0.051	0.162	0.428	0.033	0.069	0.146	0.027	0.129	0.051	0.071	0.071	0.049	0.032	0.061	0.038	0.078	0.083	0.081	0.13	0.13	0.071	0.063	0.079	0.081	0.095	0.049	0.102	0.075	0.039	0.05	0.113	0.088	0.095	0.04	0.408	0.071	0.05	0.102	0.034	0.057	0.033	0.071	0.033	0.086	0.069	0.053	0.083	0.112	0.13	0.13	0.247	0.049	0.078	0.031	0.065	0	0.052	0.11	0.083	0.053	0.102	0.042	0.071	0.095	0.036	0.07	0.069	0.044	0.032	0.051	0.13	0.086	0.053	0.038	0.083	0.13	0.102	0.052	0.041	0.06	0.345	0.059	0.034	0.078	0.092	0.078	0.125	0.096	0.266	0.107	0.034	0.068	0.051	0.093	0.083	0.06	0.13	0.081	0.102	0.027	0.048	0.13	0	0.069	0.13	0.065	0.105	0.12	0.047	0.069	0.092	0.038	0.02	0.091	0.102	0.174	0.061	0.101	0.042	0.032	0.146	0.083	0.25	0.454	0.071	0.179	0.043	0.045	0.243	0.059	0.058	0.046	0.047	0.067	0.045	0.071	0.058	0.061	0.086	0.034	0.086	0	0.075	0.047	0.063	0.132	0.057	0.037	0.146
GO:0009262	0.045	0.074	0.08	0.116	0.209	0.068	0.08	0.323	0.066	0.119	0.032	0.153	0.06	0.049	0.043	0.035	0.049	0.042	0.119	0.258	0.064	0.197	0.071	0.049	0.052	1	0.688	0.325	0.061	0.203	0.097	0.065	0.066	0.028	0.042	0.109	0.038	0.076	0.08	0.24	0.058	0.209	0.077	0.077	0.376	0.214	0.726	0.274	0.051	0.049	0.106	0.169	0.169	0.184	0.399	0.441	0.106	0.119	0.053	0.061	0.356	0.049	0.053	0.056	0.113	0.29	0.212	0.051	0.086	0.059	0.061	0.329	0.059	0.22	0.077	0.152	0.112	0.094	0.209	0.097	0.119	0.169	0.08	0.061	0.192	0.092	0.109	0.044	0	0.481	0.071	0.049	0.056	0.061	0.259	0.077	0.058	0.045	0.268	0.046	0.044	0.041	0.066	0.194	0.17	0.056	0.052	0.097	0.194	0.061	0.056	0.224	0.076	0.053	0.061	0.317	0.103	0.231	0.274	0.088	0.064	0.071	0.052	0.043	0.084	0.257	0.29	0.108	0.041	0.169	0.106	0.248	0.219	0.366	0.194	0	0.183	0.169	0.072	0.145	0.061	0.2	0.323	0.231	0.264	0.358	0.101	0.061	0.077	0.069	0.366	0.057	0.316	0.08	0.097	0.23	0.061	0.114	0.075	0.052	0.127	0.038	0.075	0.066	0.055	0.841	0.366	0.127	0.114	0.032	0.069	0.312	0.291	0.055	0	0.046	0.192	0.303	0.041	0.06	0.19	0.08
GO:0009263	0.028	0.048	0.054	0.08	0.269	0.045	0.051	0.232	0.046	0.079	0.019	0.093	0.037	0.03	0.028	0.022	0.03	0.027	0.079	0.176	0.039	0.124	0.047	0.03	0.034	0.688	1	0.457	0.038	0.138	0.062	0.042	0.043	0.015	0.027	0.07	0.026	0.047	0.054	0.278	0.036	0.135	0.048	0.048	0.256	0.283	0.537	0.196	0.033	0.03	0.072	0.111	0.111	0.11	0.479	0.299	0.072	0.079	0.034	0.038	0.244	0.034	0.034	0.038	0.075	0.191	0.149	0.038	0.056	0.039	0.038	0.535	0.037	0.159	0.048	0.103	0.075	0.066	0.135	0.062	0.074	0.111	0.051	0.038	0.265	0.059	0.075	0.03	0	0.356	0.047	0.03	0.035	0.038	0.386	0.048	0.037	0.032	0.181	0.031	0.029	0.029	0.046	0.123	0.103	0.036	0.038	0.062	0.123	0.038	0.035	0.302	0.051	0.034	0.037	0.236	0.071	0.225	0.177	0.063	0.043	0.047	0.037	0.031	0.055	0.329	0.204	0.073	0.028	0.111	0.072	0.159	0.332	0.254	0.123	0	0.115	0.111	0.046	0.099	0.04	0.123	0.214	0.151	0.181	0.541	0.066	0.038	0.05	0.044	0.27	0.041	0.251	0.054	0.062	0.16	0.038	0.14	0.055	0.036	0.179	0.025	0.051	0.043	0.037	0.619	0.258	0.179	0.14	0.018	0.044	0.203	0.459	0.035	0	0.029	0.125	0.191	0.028	0.037	0.131	0.054
GO:1901137	0.063	0.107	0.055	0.086	0.383	0.095	0.119	0.135	0.043	0.083	0.043	0.121	0.046	0.071	0.037	0.048	0.071	0.057	0.083	0.22	0.051	0.271	0.099	0.071	0.071	0.325	0.457	1	0.09	0.074	0.071	0.046	0.047	0.039	0.056	0.166	0.026	0.057	0.055	0.194	0.045	0.101	0.059	0.059	0.17	0.238	0.206	0.125	0.068	0.071	0.071	0.119	0.119	0.264	0.503	0.311	0.071	0.083	0.039	0.09	0.154	0.032	0.04	0.038	0.077	0.203	0.138	0.031	0.06	0.041	0.09	0.263	0.046	0.101	0.059	0.059	0.076	0.06	0.183	0.071	0.154	0.119	0.119	0.09	0.336	0.066	0.111	0.056	0	0.181	0.099	0.071	0.042	0.09	0.251	0.059	0.083	0.029	0.235	0.06	0.036	0.026	0.043	0.288	0.236	0.043	0.032	0.071	0.288	0.09	0.042	0.304	0.051	0.073	0.048	0.116	0.068	0.362	0.297	0.055	0.087	0.099	0.037	0.029	0.058	0.375	0.129	0.073	0.052	0.119	0.071	0.218	0.192	0.173	0.288	0	0.139	0.119	0.054	0.095	0.043	0.155	0.242	0.197	0.129	0.236	0.08	0.09	0.061	0.05	0.143	0.036	0.111	0.055	0.071	0.148	0.09	0.276	0.045	0.035	0.328	0.05	0.05	0.047	0.038	0.177	0.216	0.328	0.276	0.045	0.05	0.312	0.257	0.076	0	0.064	0.082	0.233	0.052	0.046	0.124	0.055
GO:0044092	0.095	0.154	0.169	0.117	0.064	0.133	0.176	0.047	0.134	0.123	0.067	0.08	0.073	0.11	0.053	0.071	0.11	0.083	0.123	0.076	0.082	0.128	0.141	0.11	0.102	0.061	0.038	0.09	1	0.101	0.11	0.158	0.071	0.066	0.186	0.246	0.036	0.089	0.169	0.03	0.157	0.061	0.093	0.093	0.06	0.036	0.072	0.045	0.097	0.11	0.1	0.176	0.176	0.093	0.077	0.099	0.1	0.123	0.06	0.605	0.095	0.045	0.06	0.126	0.112	0.123	0.046	0.042	0.089	0.06	0.135	0.039	0.072	0.037	0.093	0.166	0.11	0.183	0.064	0.11	0.065	0.176	0.176	0.135	0.121	0.101	0.034	0.158	0	0.061	0.307	0.11	0.065	0.135	0.048	0.093	0.123	0.094	0.084	0.183	0.051	0.082	0.133	0.176	0.109	0.064	0.043	0.11	0.176	0.135	0.065	0.048	0.073	0.23	0.076	0.039	0.214	0.119	0.101	0.148	0.24	0.307	0.107	0.038	0.085	0.06	0.045	0.23	0.146	0.176	0.1	0.135	0.03	0.059	0.176	0	0.089	0.176	0.083	0.133	0.138	0.058	0.085	0.119	0.045	0.022	0.116	0.135	0.09	0.077	0.048	0.048	0.075	0.169	0.11	0.084	0.135	0.176	0.123	0.05	0.11	0.071	0.071	0.071	0.054	0.054	0.081	0.11	0.176	0.075	0.077	0.11	0.039	0.11	0	0.096	0.249	0.08	0.132	0.073	0.042	0.169
GO:0042327	0.032	0.057	0.159	0.103	0.128	0.053	0.061	0.092	0.145	0.104	0.02	0.127	0.05	0.034	0.036	0.023	0.034	0.029	0.104	0.068	0.053	0.087	0.055	0.034	0.039	0.203	0.138	0.074	0.101	1	0.083	0.144	0.056	0.014	0.093	0.087	0.032	0.064	0.159	0.067	0.111	0.279	0.065	0.065	0.089	0.087	0.144	0.076	0.038	0.034	0.093	0.149	0.149	0.065	0.211	0.224	0.093	0.104	0.044	0.101	0.186	0.042	0.045	0.118	0.099	0.253	0.093	0.046	0.074	0.051	0.045	0.092	0.049	0.064	0.065	0.755	0.098	0.224	0.128	0.083	0.045	0.149	0.061	0.045	0.073	0.079	0.051	0.088	0	0.142	0.18	0.034	0.047	0.045	0.09	0.065	0.043	0.103	0.177	0.111	0.038	0.093	0.154	0.149	0.069	0.047	0.046	0.083	0.149	0.045	0.046	0.093	0.066	0.127	0.051	0.082	0.246	0.102	0.079	0.096	0.135	0.18	0.171	0.037	0.072	0.142	0.081	0.256	0.084	0.149	0.093	0.109	0.056	0.091	0.149	0	0.155	0.149	0.061	0.129	0.12	0.085	0.176	0.102	0.066	0.091	0.088	0.045	0.066	0.059	0.107	0.05	0.305	0.159	0.083	0.204	0.045	0.315	0.153	0.045	0.196	0.027	0.065	0.056	0.047	0.244	0.141	0.121	0.194	0.018	0.059	0.098	0.082	0.04	0	0.032	0.602	0.145	0.09	0.05	0.086	0.159
GO:0001935	0.075	0.129	0.154	0.213	0.121	0.112	0.147	0.086	0.116	0.244	0.051	0.145	0.132	0.087	0.084	0.055	0.087	0.066	0.244	0.061	0.149	0.108	0.119	0.087	0.083	0.097	0.062	0.071	0.11	0.083	1	0.616	0.132	0.047	0.066	0.21	0.064	0.166	0.154	0.056	0.127	0.106	0.173	0.173	0.102	0.069	0.12	0.082	0.08	0.087	0.2	0.357	0.357	0.071	0.136	0.197	0.2	0.244	0.109	0.11	0.183	0.086	0.111	0.104	0.222	0.244	0.081	0.083	0.172	0.113	0.11	0.074	0.131	0.069	0.173	0.065	0.218	0.166	0.121	0.21	0.052	0.357	0.147	0.11	0.046	0.193	0.06	0.063	0	0.118	0.119	0.087	0.119	0.11	0.076	0.173	0.101	0.078	0.152	0.068	0.084	0.068	0.116	0.147	0.089	0.111	0.084	0.21	0.147	0.11	0.118	0.088	0.141	0.085	0.137	0.073	0.193	0.097	0.08	0.152	0.101	0.119	0.09	0.069	0.165	0.117	0.081	0.207	0.059	0.357	0.2	0.11	0.054	0.097	0.147	0	0.166	0.357	0.155	0.273	0.119	0.101	0.165	0.097	0.075	0.038	0.207	0.11	0.158	0.144	0.091	0.095	0.063	0.154	0.21	0.169	0.11	0.071	0.121	0.095	0.042	0.057	0.139	0.133	0.102	0.097	0.125	0.042	0.071	0.055	0.144	0.09	0.073	0.09	0	0.076	0.092	0.149	0.058	0.132	0.078	0.154
GO:0001936	0.048	0.085	0.258	0.147	0.079	0.076	0.093	0.057	0.22	0.157	0.031	0.086	0.08	0.053	0.055	0.035	0.053	0.044	0.157	0.041	0.087	0.074	0.08	0.053	0.056	0.065	0.042	0.046	0.158	0.144	0.616	1	0.085	0.026	0.148	0.132	0.045	0.101	0.258	0.039	0.203	0.069	0.104	0.104	0.061	0.05	0.084	0.055	0.054	0.053	0.135	0.226	0.226	0.043	0.09	0.133	0.135	0.157	0.069	0.158	0.117	0.06	0.07	0.19	0.146	0.157	0.055	0.061	0.111	0.075	0.069	0.053	0.079	0.047	0.104	0.12	0.144	0.332	0.079	0.129	0.036	0.226	0.093	0.069	0.059	0.122	0.043	0.133	0	0.083	0.273	0.053	0.074	0.069	0.053	0.104	0.065	0.156	0.104	0.165	0.056	0.139	0.231	0.093	0.059	0.072	0.062	0.129	0.093	0.069	0.073	0.058	0.096	0.196	0.082	0.049	0.374	0.063	0.05	0.138	0.204	0.273	0.164	0.05	0.108	0.082	0.052	0.394	0.125	0.226	0.135	0.069	0.035	0.06	0.093	0	0.101	0.226	0.096	0.186	0.201	0.059	0.108	0.063	0.045	0.029	0.133	0.069	0.101	0.091	0.063	0.069	0.121	0.258	0.129	0.118	0.069	0.145	0.221	0.065	0.09	0.039	0.094	0.086	0.069	0.068	0.085	0.09	0.145	0.031	0.091	0.059	0.049	0.059	0	0.049	0.171	0.093	0.099	0.08	0.052	0.258
GO:0071345	0.049	0.21	0.227	0.15	0.08	0.078	0.095	0.14	0.189	0.16	0.077	0.087	0.081	0.132	0.055	0.036	0.63	0.306	0.16	0.041	0.089	0.076	0.081	0.132	0.256	0.066	0.043	0.047	0.071	0.056	0.132	0.085	1	0.026	0.107	0.135	0.046	0.103	0.227	0.039	0.178	0.07	0.107	0.107	0.062	0.05	0.085	0.055	0.055	0.055	0.138	0.231	0.231	0.044	0.091	0.136	0.138	0.16	0.07	0.071	0.119	0.061	0.071	0.164	0.149	0.16	0.056	0.134	0.114	0.076	0.071	0.053	0.081	0.048	0.107	0.044	0.147	0.119	0.08	0.132	0.069	0.231	0.095	0.171	0.033	0.124	0.043	0.046	0	0.084	0.081	0.055	0.075	0.071	0.053	0.107	0.066	0.056	0.106	0.049	0.057	0.049	0.082	0.095	0.06	0.073	0.063	0.132	0.095	0.071	0.075	0.059	0.097	0.141	0.084	0.05	0.134	0.064	0.051	0.146	0.072	0.081	0.064	0.051	0.11	0.083	0.128	0.141	0.043	0.231	0.138	0.071	0.036	0.061	0.095	0	0.103	0.231	0.098	0.189	0.176	0.06	0.11	0.064	0.046	0.029	0.135	0.071	0.103	0.092	0.155	0.069	0.047	0.227	0.132	0.394	0.315	0.05	0.194	0.066	0.03	0.096	0.096	0.087	0.07	0.069	0.086	0.03	0.05	0.032	0.092	0.061	0.05	0.061	0	0.05	0.061	0.095	0.091	0.081	0.053	0.227
GO:0015718	0.041	0.087	0.035	0.138	0.024	0.076	0.098	0.015	0.027	0.061	0.021	0.024	0.054	0.047	0.02	0.027	0.047	0.036	0.061	0.033	0.025	0.074	0.08	0.047	0.051	0.028	0.015	0.039	0.066	0.014	0.047	0.026	0.026	1	0.036	0.15	0.18	0.032	0.035	0.01	0.022	0.023	0.034	0.034	0.016	0.014	0.038	0.014	0.049	0.344	0.051	0.098	0.098	0.034	0.034	0.05	0.227	0.061	0.019	0.066	0.041	0.017	0.019	0.021	0.25	0.061	0.018	0.019	0.039	0.023	0.066	0.015	0.139	0.012	0.034	0.012	0.055	0.043	0.024	0.047	0.029	0.098	0.098	0.066	0.026	0.043	0.134	0.177	0	0.027	0.08	0.113	0.154	0.066	0.022	0.034	0.061	0.016	0.043	0.043	0.232	0.014	0.027	0.098	0.055	0.024	0.088	0.047	0.098	0.161	0.02	0.015	0.156	0.052	0.023	0.013	0.049	0.059	0.043	0.039	0.069	0.08	0.047	0.152	0.09	0.027	0.012	0.052	0.037	0.098	0.051	0.066	0.007	0.019	0.098	0	0.032	0.098	0.03	0.333	0.024	0.013	0.037	0.059	0.01	0.009	0.058	0.066	0.081	0.028	0.018	0.022	0.016	0.035	0.047	0.043	0.066	0.044	0.031	0.236	0.023	0.032	0.193	0.026	0.021	0.025	0.042	0.023	0.044	0.734	0.028	0.055	0.013	0.055	0	0.041	0.021	0.029	0.036	0.054	0.014	0.035
GO:0031347	0.059	0.238	0.22	0.08	0.041	0.088	0.108	0.134	0.281	0.077	0.098	0.046	0.043	0.484	0.035	0.045	0.159	0.13	0.077	0.05	0.047	0.086	0.092	0.293	0.162	0.042	0.027	0.056	0.186	0.093	0.066	0.148	0.107	0.036	1	0.151	0.025	0.053	0.22	0.021	0.186	0.039	0.055	0.055	0.035	0.025	0.051	0.029	0.064	0.066	0.066	0.108	0.108	0.055	0.05	0.065	0.066	0.077	0.037	0.186	0.059	0.031	0.037	0.249	0.072	0.077	0.031	0.067	0.056	0.039	0.082	0.027	0.042	0.025	0.055	0.083	0.071	0.194	0.041	0.066	0.086	0.108	0.108	0.368	0.073	0.061	0.024	0.159	0	0.041	0.316	0.066	0.04	0.082	0.034	0.055	0.077	0.097	0.057	0.194	0.034	0.086	0.139	0.108	0.07	0.041	0.031	0.066	0.108	0.082	0.039	0.031	0.048	0.467	0.044	0.026	0.22	0.075	0.061	0.201	0.239	0.316	0.108	0.028	0.054	0.041	0.126	0.232	0.149	0.108	0.066	0.082	0.02	0.036	0.108	0	0.053	0.108	0.05	0.088	0.177	0.033	0.054	0.075	0.027	0.016	0.074	0.082	0.057	0.047	0.144	0.034	0.079	0.22	0.066	0.115	0.2	0.174	0.18	0.034	0.111	0.114	0.047	0.044	0.036	0.038	0.055	0.111	0.174	0.042	0.047	0.071	0.026	0.071	0	0.06	0.121	0.049	0.242	0.043	0.028	0.22
GO:0040011	0.177	0.259	0.145	0.461	0.122	0.219	0.306	0.09	0.105	0.221	0.136	0.166	0.148	0.21	0.098	0.137	0.21	0.153	0.221	0.137	0.172	0.21	0.234	0.21	0.428	0.109	0.07	0.166	0.246	0.087	0.21	0.132	0.135	0.15	0.151	1	0.066	0.178	0.145	0.056	0.142	0.115	0.187	0.187	0.125	0.065	0.121	0.086	0.167	0.21	0.174	0.306	0.306	0.187	0.14	0.17	0.174	0.221	0.119	0.246	0.177	0.083	0.121	0.103	0.197	0.221	0.085	0.167	0.165	0.113	0.246	0.07	0.147	0.071	0.187	0.071	0.192	0.14	0.122	0.21	0.115	0.306	0.306	0.246	0.1	0.189	0.061	0.128	0	0.107	0.234	0.21	0.132	0.246	0.083	0.187	0.221	0.075	0.143	0.14	0.094	0.064	0.104	0.306	0.191	0.121	0.074	0.21	0.306	0.246	0.13	0.092	0.131	0.181	0.156	0.075	0.167	0.211	0.189	0.126	0.194	0.569	0.212	0.065	0.157	0.106	0.092	0.181	0.118	0.306	0.174	0.246	0.061	0.117	0.306	0	0.178	0.306	0.163	0.219	0.12	0.125	0.157	0.211	0.095	0.038	0.206	0.246	0.405	0.149	0.089	0.084	0.06	0.145	0.21	0.142	0.246	0.145	0.098	0.093	0.09	0.128	0.128	0.136	0.101	0.095	0.136	0.09	0.145	0.162	0.149	0.192	0.075	0.192	0	0.18	0.104	0.156	0.116	0.148	0.081	0.145
GO:0006626	0.027	0.046	0.056	0.127	0.044	0.043	0.048	0.033	0.049	0.081	0.018	0.042	0.422	0.029	0.078	0.021	0.029	0.026	0.081	0.025	0.19	0.043	0.044	0.029	0.033	0.038	0.026	0.026	0.036	0.032	0.064	0.045	0.046	0.18	0.025	0.066	1	0.051	0.056	0.026	0.04	0.039	0.092	0.35	0.031	0.032	0.05	0.057	0.032	0.331	0.21	0.112	0.112	0.023	0.049	0.073	0.299	0.081	0.25	0.036	0.061	0.148	0.167	0.041	0.22	0.081	0.034	0.075	0.177	0.115	0.036	0.034	0.255	0.079	0.15	0.027	0.077	0.068	0.044	0.189	0.023	0.112	0.048	0.036	0.021	0.062	0.361	0.148	0	0.049	0.044	0.182	0.149	0.036	0.033	0.052	0.035	0.035	0.06	0.03	0.29	0.106	0.146	0.048	0.033	0.108	0.631	0.189	0.048	0.15	0.111	0.033	0.284	0.033	0.119	0.03	0.073	0.035	0.028	0.065	0.041	0.044	0.063	0.41	0.243	0.049	0.029	0.075	0.027	0.112	0.21	0.036	0.061	0.032	0.048	0	0.051	0.112	0.143	0.272	0.044	0.03	0.058	0.035	0.024	0.021	0.069	0.036	0.084	0.214	0.038	0.044	0.032	0.056	0.116	0.068	0.036	0.03	0.057	0.713	0.02	0.024	0.331	0.046	0.04	0.041	0.048	0.02	0.03	0.256	0.138	0.034	0.03	0.034	0	0.027	0.034	0.048	0.027	0.324	0.031	0.056
GO:0007156	0.06	0.108	0.124	0.179	0.095	0.095	0.123	0.066	0.095	0.486	0.038	0.108	0.099	0.069	0.064	0.043	0.069	0.053	0.486	0.049	0.111	0.092	0.1	0.069	0.069	0.076	0.047	0.057	0.089	0.064	0.166	0.101	0.103	0.032	0.053	0.178	0.051	1	0.124	0.043	0.096	0.082	0.133	0.133	0.074	0.055	0.098	0.063	0.066	0.069	0.166	0.298	0.298	0.055	0.108	0.163	0.166	0.726	0.083	0.089	0.146	0.068	0.084	0.082	0.183	0.2	0.064	0.068	0.138	0.089	0.089	0.059	0.098	0.053	0.133	0.049	0.18	0.139	0.095	0.166	0.042	0.298	0.123	0.089	0.038	0.154	0.048	0.053	0	0.096	0.1	0.069	0.09	0.089	0.06	0.133	0.082	0.062	0.125	0.057	0.065	0.055	0.094	0.123	0.073	0.086	0.07	0.166	0.123	0.089	0.089	0.067	0.115	0.071	0.103	0.056	0.39	0.08	0.063	0.128	0.087	0.1	0.073	0.056	0.132	0.096	0.061	0.171	0.049	0.298	0.166	0.089	0.04	0.072	0.123	0	0.128	0.298	0.12	0.231	0.094	0.073	0.133	0.08	0.053	0.031	0.167	0.089	0.125	0.112	0.072	0.078	0.052	0.124	0.166	0.141	0.089	0.059	0.102	0.075	0.034	0.046	0.113	0.104	0.081	0.078	0.1	0.034	0.059	0.04	0.112	0.074	0.056	0.074	0	0.061	0.071	0.116	0.049	0.099	0.06	0.124
GO:0071875	0.057	0.217	0.645	0.167	0.097	0.086	0.105	0.153	0.537	0.181	0.084	0.108	0.101	0.141	0.07	0.043	0.141	0.115	0.181	0.048	0.111	0.083	0.089	0.141	0.146	0.08	0.054	0.055	0.169	0.159	0.154	0.258	0.227	0.035	0.22	0.145	0.056	0.124	1	0.049	0.521	0.086	0.128	0.128	0.08	0.06	0.099	0.069	0.062	0.063	0.156	0.254	0.254	0.053	0.108	0.154	0.156	0.181	0.087	0.169	0.139	0.073	0.088	0.472	0.169	0.181	0.069	0.102	0.132	0.092	0.08	0.064	0.1	0.059	0.128	0.132	0.166	0.351	0.097	0.154	0.075	0.254	0.105	0.179	0.065	0.145	0.053	0.14	0	0.098	0.285	0.063	0.093	0.08	0.065	0.128	0.075	0.169	0.122	0.173	0.071	0.15	0.247	0.105	0.068	0.089	0.073	0.154	0.105	0.08	0.093	0.073	0.114	0.288	0.104	0.062	0.396	0.073	0.06	0.19	0.214	0.285	0.178	0.061	0.128	0.098	0.142	0.418	0.132	0.254	0.156	0.08	0.047	0.078	0.105	0	0.124	0.254	0.118	0.208	0.788	0.079	0.128	0.073	0.061	0.035	0.36	0.08	0.122	0.111	0.168	0.081	0.131	0.645	0.154	0.248	0.179	0.153	0.546	0.08	0.096	0.102	0.112	0.105	0.085	0.082	0.102	0.096	0.153	0.041	0.111	0.068	0.062	0.068	0	0.058	0.188	0.114	0.154	0.101	0.066	0.645
GO:0006418	0.022	0.039	0.049	0.073	0.421	0.037	0.04	0.283	0.043	0.07	0.014	0.086	0.034	0.023	0.027	0.016	0.023	0.021	0.07	0.36	0.036	0.215	0.037	0.023	0.027	0.24	0.278	0.194	0.03	0.067	0.056	0.039	0.039	0.01	0.021	0.056	0.026	0.043	0.049	1	0.034	0.081	0.044	0.044	0.374	0.806	0.399	0.32	0.026	0.023	0.065	0.098	0.098	0.209	0.238	0.321	0.065	0.07	0.032	0.03	0.296	0.032	0.032	0.035	0.068	0.171	0.315	0.036	0.051	0.037	0.03	0.426	0.034	0.223	0.044	0.053	0.067	0.06	0.201	0.056	0.128	0.098	0.04	0.03	0.174	0.054	0.144	0.024	0	0.442	0.037	0.023	0.033	0.03	0.306	0.044	0.029	0.03	0.261	0.025	0.028	0.028	0.043	0.098	0.177	0.034	0.036	0.056	0.098	0.03	0.033	0.334	0.047	0.027	0.035	0.315	0.064	0.177	0.144	0.058	0.035	0.037	0.035	0.03	0.051	0.289	0.244	0.066	0.023	0.098	0.065	0.123	0.371	0.369	0.098	0	0.105	0.098	0.042	0.089	0.038	0.263	0.191	0.118	0.29	0.308	0.06	0.03	0.046	0.041	0.334	0.039	0.311	0.049	0.056	0.147	0.03	0.112	0.051	0.034	0.221	0.019	0.047	0.04	0.035	0.311	0.248	0.221	0.112	0.012	0.041	0.159	0.361	0.028	0	0.022	0.065	0.323	0.023	0.034	0.277	0.049
GO:0007266	0.047	0.205	0.521	0.147	0.073	0.078	0.097	0.111	0.525	0.158	0.062	0.079	0.073	0.12	0.048	0.033	0.12	0.096	0.158	0.039	0.08	0.076	0.082	0.12	0.129	0.058	0.036	0.045	0.157	0.111	0.127	0.203	0.178	0.022	0.186	0.142	0.04	0.096	0.521	0.034	1	0.063	0.099	0.099	0.052	0.044	0.079	0.048	0.054	0.052	0.134	0.237	0.237	0.041	0.084	0.132	0.134	0.158	0.062	0.157	0.113	0.054	0.063	0.545	0.146	0.158	0.049	0.08	0.108	0.069	0.07	0.047	0.072	0.041	0.099	0.09	0.144	0.308	0.073	0.127	0.056	0.237	0.097	0.162	0.052	0.119	0.038	0.119	0	0.078	0.269	0.052	0.067	0.07	0.047	0.099	0.065	0.13	0.101	0.152	0.049	0.114	0.203	0.097	0.059	0.065	0.057	0.127	0.097	0.07	0.066	0.051	0.091	0.259	0.075	0.043	0.351	0.063	0.049	0.156	0.194	0.269	0.136	0.046	0.104	0.077	0.097	0.372	0.111	0.237	0.134	0.07	0.029	0.052	0.097	0	0.096	0.237	0.09	0.19	0.384	0.051	0.104	0.063	0.037	0.025	0.309	0.07	0.096	0.085	0.129	0.064	0.099	0.521	0.127	0.205	0.162	0.13	0.456	0.059	0.075	0.084	0.09	0.08	0.063	0.063	0.079	0.075	0.13	0.028	0.085	0.059	0.043	0.059	0	0.047	0.137	0.088	0.124	0.073	0.046	0.639
GO:0042775	0.043	0.075	0.086	0.126	0.16	0.069	0.082	0.114	0.07	0.132	0.028	0.437	0.064	0.047	0.045	0.032	0.047	0.04	0.132	0.09	0.07	0.116	0.071	0.047	0.051	0.209	0.135	0.101	0.061	0.279	0.106	0.069	0.07	0.023	0.039	0.115	0.039	0.082	0.086	0.081	0.063	1	0.085	0.085	0.117	0.104	0.174	0.095	0.049	0.047	0.115	0.19	0.19	0.093	0.242	0.276	0.115	0.132	0.056	0.061	0.236	0.051	0.057	0.059	0.124	0.32	0.113	0.053	0.093	0.063	0.061	0.109	0.064	0.079	0.085	0.201	0.122	0.101	0.16	0.106	0.062	0.19	0.082	0.061	0.073	0.101	0.063	0.042	0	0.172	0.071	0.047	0.06	0.061	0.108	0.085	0.058	0.047	0.217	0.044	0.046	0.042	0.07	0.199	0.095	0.059	0.054	0.106	0.365	0.061	0.059	0.116	0.081	0.051	0.066	0.1	0.112	0.137	0.109	0.094	0.064	0.071	0.055	0.044	0.09	0.171	0.102	0.118	0.039	0.19	0.115	0.148	0.07	0.117	0.199	0	0.2	0.19	0.078	0.159	0.065	0.113	0.22	0.137	0.087	0.086	0.111	0.061	0.083	0.074	0.13	0.06	0.1	0.086	0.106	0.247	0.061	0.109	0.079	0.055	0.068	0.035	0.08	0.071	0.058	0.255	0.174	0.068	0.109	0.028	0.074	0.13	0.101	0.053	0	0.043	0.257	0.186	0.039	0.064	0.106	0.086
GO:0042254	0.062	0.113	0.128	0.185	0.098	0.099	0.128	0.067	0.097	0.208	0.039	0.112	0.103	0.071	0.176	0.044	0.071	0.055	0.208	0.051	0.213	0.095	0.104	0.071	0.071	0.077	0.048	0.059	0.093	0.065	0.173	0.104	0.107	0.034	0.055	0.187	0.092	0.133	0.128	0.044	0.099	0.085	1	0.255	0.077	0.056	0.1	0.465	0.068	0.071	0.252	0.311	0.311	0.057	0.111	0.169	0.171	0.208	0.247	0.093	0.151	0.212	0.623	0.084	0.19	0.208	0.065	0.099	0.216	0.434	0.093	0.06	0.102	0.259	0.255	0.05	0.186	0.143	0.098	0.319	0.043	0.311	0.128	0.093	0.038	0.16	0.048	0.055	0	0.099	0.104	0.071	0.093	0.093	0.061	0.139	0.086	0.063	0.128	0.059	0.066	0.152	0.146	0.128	0.076	0.157	0.112	0.319	0.128	0.093	0.28	0.069	0.118	0.073	0.197	0.057	0.166	0.083	0.066	0.131	0.089	0.104	0.074	0.331	0.137	0.098	0.062	0.177	0.051	0.311	0.252	0.093	0.119	0.074	0.128	0	0.133	0.311	0.228	0.24	0.096	0.075	0.137	0.083	0.055	0.031	0.173	0.093	0.129	0.212	0.074	0.079	0.052	0.128	0.825	0.145	0.093	0.061	0.104	0.077	0.035	0.048	0.116	0.107	0.083	0.08	0.103	0.035	0.061	0.041	0.351	0.077	0.057	0.077	0	0.063	0.072	0.12	0.05	0.103	0.061	0.128
GO:0007005	0.062	0.113	0.128	0.185	0.098	0.099	0.128	0.067	0.097	0.208	0.039	0.112	0.103	0.071	0.176	0.044	0.071	0.055	0.208	0.051	0.55	0.095	0.104	0.071	0.071	0.077	0.048	0.059	0.093	0.065	0.173	0.104	0.107	0.034	0.055	0.187	0.35	0.133	0.128	0.044	0.099	0.085	0.255	1	0.077	0.056	0.1	0.119	0.068	0.071	0.531	0.311	0.311	0.057	0.111	0.169	0.171	0.208	0.616	0.093	0.151	0.302	0.411	0.084	0.19	0.208	0.065	0.142	0.471	0.261	0.093	0.06	0.102	0.157	0.422	0.05	0.186	0.143	0.098	0.527	0.043	0.311	0.128	0.093	0.038	0.16	0.048	0.055	0	0.099	0.104	0.071	0.093	0.093	0.061	0.139	0.086	0.063	0.128	0.059	0.066	0.203	0.319	0.128	0.076	0.256	0.352	0.527	0.128	0.093	0.28	0.069	0.118	0.073	0.325	0.057	0.166	0.083	0.066	0.131	0.089	0.104	0.074	0.094	0.137	0.098	0.062	0.177	0.051	0.311	0.531	0.093	0.123	0.074	0.128	0	0.133	0.311	0.377	0.24	0.096	0.075	0.137	0.083	0.055	0.031	0.173	0.093	0.129	0.549	0.074	0.079	0.052	0.128	0.319	0.145	0.093	0.061	0.104	0.077	0.035	0.048	0.116	0.107	0.083	0.08	0.103	0.035	0.061	0.041	0.351	0.077	0.057	0.077	0	0.063	0.072	0.12	0.05	0.103	0.061	0.128
GO:0016072	0.04	0.077	0.08	0.126	0.239	0.069	0.085	0.42	0.063	0.132	0.023	0.141	0.054	0.044	0.035	0.027	0.044	0.036	0.132	0.325	0.059	0.255	0.072	0.044	0.049	0.376	0.256	0.17	0.06	0.089	0.102	0.061	0.062	0.016	0.035	0.125	0.031	0.074	0.08	0.374	0.052	0.117	0.077	0.077	1	0.242	0.611	0.651	0.047	0.044	0.113	0.201	0.201	0.247	0.232	0.367	0.113	0.132	0.046	0.06	0.404	0.043	0.047	0.051	0.122	0.32	0.235	0.047	0.087	0.054	0.06	0.329	0.054	0.317	0.077	0.064	0.121	0.097	0.239	0.102	0.125	0.201	0.085	0.06	0.173	0.096	0.123	0.039	0	0.666	0.072	0.044	0.05	0.06	0.248	0.077	0.056	0.04	0.326	0.041	0.037	0.035	0.063	0.207	0.205	0.05	0.048	0.102	0.207	0.06	0.049	0.203	0.075	0.049	0.056	0.472	0.11	0.133	0.269	0.09	0.064	0.072	0.047	0.037	0.085	0.243	0.369	0.116	0.036	0.201	0.113	0.146	0.31	0.604	0.207	0	0.18	0.201	0.07	0.164	0.057	0.206	0.321	0.133	0.498	0.175	0.108	0.06	0.076	0.066	0.485	0.053	0.463	0.08	0.102	0.238	0.06	0.103	0.074	0.047	0.152	0.032	0.074	0.062	0.05	0.461	0.374	0.152	0.103	0.021	0.066	0.205	0.285	0.051	0	0.04	0.087	0.226	0.036	0.054	0.201	0.08
GO:0006412	0.027	0.045	0.06	0.086	0.535	0.043	0.048	0.266	0.053	0.085	0.018	0.114	0.045	0.028	0.035	0.021	0.028	0.025	0.085	0.448	0.047	0.27	0.044	0.028	0.032	0.214	0.283	0.238	0.036	0.087	0.069	0.05	0.05	0.014	0.025	0.065	0.032	0.055	0.06	0.806	0.044	0.104	0.056	0.056	0.242	1	0.283	0.253	0.032	0.028	0.078	0.116	0.116	0.267	0.293	0.253	0.078	0.085	0.041	0.036	0.357	0.04	0.042	0.044	0.082	0.206	0.401	0.043	0.064	0.046	0.036	0.429	0.045	0.211	0.056	0.071	0.081	0.072	0.257	0.069	0.169	0.116	0.048	0.036	0.191	0.067	0.178	0.028	0	0.375	0.044	0.028	0.043	0.036	0.338	0.056	0.035	0.038	0.321	0.029	0.036	0.035	0.052	0.116	0.229	0.044	0.044	0.069	0.116	0.036	0.043	0.423	0.058	0.033	0.046	0.251	0.077	0.154	0.179	0.068	0.041	0.044	0.043	0.037	0.062	0.354	0.242	0.079	0.027	0.116	0.078	0.088	0.404	0.317	0.116	0	0.134	0.116	0.054	0.104	0.048	0.367	0.238	0.084	0.242	0.324	0.073	0.036	0.057	0.052	0.297	0.047	0.222	0.06	0.069	0.175	0.036	0.134	0.06	0.042	0.271	0.024	0.058	0.05	0.044	0.24	0.227	0.271	0.134	0.017	0.052	0.135	0.382	0.033	0	0.027	0.086	0.173	0.027	0.045	0.361	0.06
GO:0055086	0.055	0.085	0.099	0.136	0.242	0.078	0.091	0.511	0.082	0.142	0.041	0.207	0.081	0.06	0.059	0.044	0.06	0.051	0.142	0.312	0.087	0.206	0.081	0.06	0.061	0.726	0.537	0.206	0.072	0.144	0.12	0.084	0.085	0.038	0.051	0.121	0.05	0.098	0.099	0.399	0.079	0.174	0.1	0.1	0.611	0.283	1	0.457	0.06	0.06	0.126	0.194	0.194	0.195	0.285	0.517	0.126	0.142	0.072	0.072	0.46	0.063	0.072	0.072	0.134	0.345	0.273	0.064	0.106	0.076	0.072	0.437	0.08	0.381	0.1	0.115	0.133	0.112	0.242	0.12	0.127	0.194	0.091	0.072	0.243	0.114	0.12	0.051	0	0.673	0.081	0.06	0.076	0.072	0.374	0.1	0.069	0.059	0.3	0.054	0.06	0.053	0.082	0.221	0.18	0.074	0.065	0.12	0.221	0.072	0.075	0.291	0.094	0.062	0.083	0.484	0.123	0.301	0.316	0.105	0.073	0.081	0.066	0.054	0.104	0.308	0.485	0.129	0.049	0.194	0.126	0.323	0.372	0.586	0.221	0	0.238	0.194	0.094	0.166	0.079	0.284	0.387	0.301	0.467	0.354	0.123	0.072	0.098	0.089	0.545	0.071	0.444	0.099	0.12	0.273	0.072	0.134	0.089	0.068	0.134	0.046	0.093	0.085	0.072	0.809	0.489	0.134	0.134	0.042	0.089	0.365	0.41	0.064	0	0.056	0.146	0.382	0.048	0.081	0.252	0.099
GO:0006364	0.031	0.057	0.069	0.102	0.186	0.053	0.061	0.304	0.058	0.103	0.019	0.107	0.049	0.034	0.094	0.023	0.034	0.029	0.103	0.319	0.097	0.276	0.054	0.034	0.038	0.274	0.196	0.125	0.045	0.076	0.082	0.055	0.055	0.014	0.029	0.086	0.057	0.063	0.069	0.32	0.048	0.095	0.465	0.119	0.651	0.253	0.457	1	0.037	0.034	0.132	0.148	0.148	0.272	0.18	0.276	0.092	0.103	0.126	0.045	0.288	0.127	0.319	0.048	0.098	0.232	0.188	0.062	0.108	0.239	0.045	0.262	0.049	0.43	0.119	0.057	0.097	0.083	0.186	0.151	0.147	0.148	0.061	0.045	0.132	0.078	0.161	0.032	0	0.494	0.054	0.034	0.046	0.045	0.193	0.065	0.043	0.039	0.253	0.034	0.037	0.095	0.084	0.143	0.222	0.083	0.071	0.151	0.143	0.045	0.14	0.159	0.065	0.039	0.093	0.35	0.09	0.097	0.188	0.078	0.05	0.054	0.045	0.21	0.072	0.192	0.261	0.094	0.031	0.148	0.132	0.103	0.303	0.568	0.143	0	0.134	0.148	0.111	0.128	0.052	0.15	0.237	0.097	0.515	0.146	0.087	0.045	0.065	0.107	0.362	0.05	0.369	0.069	0.39	0.187	0.045	0.08	0.067	0.045	0.124	0.027	0.065	0.056	0.047	0.35	0.278	0.124	0.08	0.018	0.177	0.15	0.221	0.04	0	0.032	0.073	0.17	0.031	0.049	0.161	0.069
GO:0035239	0.498	0.112	0.062	0.091	0.051	0.589	0.123	0.039	0.049	0.091	0.052	0.059	0.055	0.08	0.044	0.056	0.08	0.065	0.091	0.06	0.06	0.098	0.555	0.08	0.078	0.051	0.033	0.068	0.097	0.038	0.08	0.054	0.055	0.049	0.064	0.167	0.032	0.066	0.062	0.026	0.054	0.049	0.068	0.068	0.047	0.032	0.06	0.037	1	0.08	0.077	0.123	0.123	0.068	0.061	0.076	0.077	0.091	0.047	0.097	0.071	0.038	0.048	0.045	0.084	0.091	0.039	0.227	0.068	0.048	0.403	0.034	0.055	0.032	0.068	0.032	0.201	0.162	0.051	0.08	0.053	0.123	0.123	0.097	0.048	0.075	0.03	0.062	0	0.05	0.255	0.08	0.051	0.403	0.041	0.068	0.534	0.241	0.068	0.453	0.042	0.031	0.049	0.123	0.082	0.3	0.037	0.08	0.123	0.097	0.05	0.039	0.058	0.08	0.057	0.033	0.075	0.088	0.075	0.124	0.093	0.105	0.043	0.034	0.066	0.05	0.037	0.08	0.142	0.123	0.077	0.097	0.026	0.047	0.123	0	0.066	0.123	0.062	0.101	0.051	0.045	0.066	0.088	0.037	0.02	0.087	0.214	0.069	0.059	0.04	0.201	0.031	0.062	0.08	0.067	0.097	0.068	0.051	0.042	0.044	0.057	0.057	0.348	0.357	0.046	0.065	0.044	0.068	0.055	0.059	0.083	0.034	0.489	0	0.432	0.046	0.061	0.058	0.055	0.036	0.062
GO:0006839	0.075	0.129	0.063	0.213	0.05	0.112	0.147	0.035	0.048	0.101	0.051	0.06	0.132	0.087	0.041	0.055	0.087	0.066	0.101	0.061	0.061	0.108	0.119	0.087	0.083	0.049	0.03	0.071	0.11	0.034	0.087	0.053	0.055	0.344	0.066	0.21	0.331	0.069	0.063	0.023	0.052	0.047	0.071	0.071	0.044	0.028	0.06	0.034	0.08	1	0.082	0.147	0.147	0.071	0.061	0.081	0.691	0.101	0.045	0.11	0.075	0.035	0.046	0.043	0.5	0.101	0.036	0.034	0.071	0.046	0.11	0.03	0.371	0.028	0.071	0.028	0.09	0.068	0.05	0.087	0.052	0.147	0.147	0.11	0.046	0.08	0.162	0.347	0	0.049	0.119	0.21	0.311	0.11	0.039	0.071	0.101	0.032	0.07	0.068	0.262	0.028	0.048	0.147	0.089	0.049	0.155	0.087	0.147	0.267	0.049	0.036	0.344	0.085	0.057	0.03	0.08	0.097	0.08	0.063	0.101	0.119	0.09	0.191	0.165	0.048	0.034	0.085	0.059	0.147	0.082	0.11	0.022	0.044	0.147	0	0.069	0.147	0.064	0.584	0.049	0.042	0.068	0.097	0.033	0.017	0.095	0.11	0.158	0.059	0.038	0.039	0.029	0.063	0.087	0.069	0.11	0.071	0.05	0.266	0.042	0.057	0.38	0.055	0.042	0.044	0.067	0.042	0.071	0.403	0.059	0.09	0.03	0.09	0	0.076	0.043	0.061	0.058	0.132	0.032	0.063
GO:0030036	0.074	0.116	0.156	0.204	0.127	0.104	0.128	0.096	0.123	0.227	0.054	0.149	0.138	0.082	0.17	0.057	0.082	0.067	0.227	0.062	0.443	0.101	0.108	0.082	0.081	0.106	0.072	0.071	0.1	0.093	0.2	0.135	0.138	0.051	0.066	0.174	0.21	0.166	0.156	0.065	0.134	0.115	0.252	0.531	0.113	0.078	0.126	0.132	0.077	0.082	1	0.311	0.573	0.071	0.141	0.191	0.193	0.227	0.344	0.1	0.179	0.347	0.348	0.112	0.211	0.227	0.091	0.14	0.532	0.243	0.1	0.083	0.137	0.155	0.367	0.075	0.207	0.166	0.127	0.451	0.054	0.311	0.128	0.1	0.049	0.187	0.07	0.064	0	0.124	0.108	0.082	0.127	0.1	0.085	0.171	0.094	0.087	0.153	0.068	0.095	0.384	0.63	0.128	0.085	0.238	0.222	0.451	0.128	0.1	0.257	0.098	0.145	0.082	0.291	0.083	0.188	0.091	0.077	0.153	0.095	0.108	0.098	0.105	0.164	0.123	0.093	0.366	0.06	0.311	0.605	0.1	0.123	0.108	0.128	0	0.166	0.311	0.334	0.252	0.126	0.112	0.165	0.091	0.088	0.046	0.198	0.1	0.159	0.456	0.1	0.102	0.072	0.156	0.303	0.168	0.1	0.07	0.126	0.104	0.045	0.059	0.143	0.138	0.111	0.105	0.131	0.045	0.07	0.057	0.315	0.085	0.083	0.085	0	0.074	0.102	0.152	0.059	0.138	0.088	0.156
GO:0006457	0.126	0.193	0.254	0.321	0.21	0.166	0.224	0.155	0.188	0.388	0.094	0.272	0.246	0.147	0.154	0.097	0.147	0.11	0.388	0.1	0.281	0.159	0.176	0.147	0.13	0.169	0.111	0.119	0.176	0.149	0.357	0.226	0.231	0.098	0.108	0.306	0.112	0.298	0.254	0.098	0.237	0.19	0.311	0.311	0.201	0.116	0.194	0.148	0.123	0.147	0.311	1	0.543	0.128	0.231	0.306	0.311	0.388	0.2	0.176	0.306	0.146	0.203	0.178	0.349	0.388	0.142	0.131	0.286	0.195	0.176	0.124	0.243	0.123	0.311	0.118	0.342	0.255	0.21	0.357	0.084	0.543	0.224	0.176	0.074	0.325	0.104	0.097	0	0.191	0.176	0.147	0.221	0.176	0.13	0.311	0.16	0.132	0.241	0.105	0.152	0.114	0.186	0.224	0.14	0.199	0.134	0.357	0.224	0.176	0.218	0.158	0.231	0.133	0.257	0.129	0.3	0.154	0.134	0.232	0.148	0.176	0.148	0.112	0.273	0.19	0.154	0.323	0.089	0.543	0.311	0.176	0.103	0.186	0.224	0	0.298	0.543	0.274	0.403	0.207	0.203	0.274	0.154	0.151	0.065	0.338	0.176	0.272	0.253	0.156	0.151	0.103	0.254	0.357	0.259	0.176	0.108	0.181	0.163	0.067	0.093	0.227	0.233	0.176	0.161	0.208	0.067	0.108	0.107	0.253	0.141	0.13	0.141	0	0.128	0.167	0.264	0.088	0.246	0.139	0.254
GO:0030029	0.126	0.193	0.254	0.321	0.21	0.166	0.224	0.155	0.188	0.388	0.094	0.272	0.246	0.147	0.154	0.097	0.147	0.11	0.388	0.1	0.281	0.159	0.176	0.147	0.13	0.169	0.111	0.119	0.176	0.149	0.357	0.226	0.231	0.098	0.108	0.306	0.112	0.298	0.254	0.098	0.237	0.19	0.311	0.311	0.201	0.116	0.194	0.148	0.123	0.147	0.573	0.543	1	0.128	0.231	0.306	0.311	0.388	0.2	0.176	0.306	0.146	0.203	0.178	0.349	0.388	0.142	0.131	0.286	0.195	0.176	0.124	0.243	0.123	0.311	0.118	0.342	0.255	0.21	0.357	0.084	0.543	0.224	0.176	0.074	0.325	0.104	0.097	0	0.191	0.176	0.147	0.221	0.176	0.13	0.311	0.16	0.132	0.241	0.105	0.152	0.203	0.343	0.224	0.14	0.199	0.134	0.357	0.224	0.176	0.218	0.158	0.231	0.133	0.257	0.129	0.3	0.154	0.134	0.232	0.148	0.176	0.148	0.112	0.273	0.19	0.154	0.595	0.089	0.543	0.311	0.176	0.103	0.186	0.224	0	0.298	0.543	0.274	0.403	0.207	0.203	0.274	0.154	0.151	0.065	0.338	0.176	0.272	0.253	0.156	0.151	0.103	0.254	0.357	0.259	0.176	0.108	0.181	0.163	0.067	0.093	0.227	0.233	0.176	0.161	0.208	0.067	0.108	0.107	0.253	0.141	0.13	0.141	0	0.128	0.167	0.264	0.088	0.246	0.139	0.254
GO:0140053	0.062	0.113	0.053	0.088	0.267	0.099	0.128	0.188	0.04	0.086	0.039	0.112	0.042	0.071	0.033	0.044	0.071	0.055	0.086	0.502	0.048	0.609	0.104	0.071	0.071	0.184	0.11	0.264	0.093	0.065	0.071	0.043	0.044	0.034	0.055	0.187	0.023	0.055	0.053	0.209	0.041	0.093	0.057	0.057	0.247	0.267	0.195	0.272	0.068	0.071	0.071	0.128	0.128	1	0.229	0.31	0.071	0.086	0.035	0.093	0.151	0.029	0.036	0.035	0.078	0.208	0.194	0.029	0.059	0.038	0.093	0.111	0.042	0.209	0.057	0.05	0.077	0.059	0.267	0.071	0.325	0.128	0.128	0.093	0.148	0.066	0.252	0.055	0	0.265	0.104	0.071	0.038	0.093	0.119	0.057	0.086	0.026	0.34	0.059	0.032	0.023	0.04	0.311	0.525	0.04	0.029	0.071	0.311	0.093	0.038	0.127	0.049	0.073	0.044	0.159	0.068	0.201	0.294	0.054	0.089	0.104	0.034	0.026	0.056	0.166	0.176	0.073	0.051	0.128	0.071	0.227	0.192	0.401	0.311	0	0.133	0.128	0.051	0.099	0.04	0.216	0.232	0.201	0.282	0.062	0.081	0.093	0.059	0.048	0.203	0.033	0.157	0.053	0.071	0.145	0.093	0.147	0.043	0.032	0.227	0.048	0.048	0.044	0.034	0.164	0.204	0.227	0.147	0.041	0.048	0.311	0.106	0.077	0	0.063	0.072	0.221	0.05	0.042	0.171	0.053
GO:0090407	0.056	0.092	0.108	0.152	0.455	0.083	0.101	0.203	0.087	0.163	0.038	0.225	0.087	0.061	0.06	0.042	0.061	0.051	0.163	0.196	0.095	0.238	0.087	0.061	0.063	0.399	0.479	0.503	0.077	0.211	0.136	0.09	0.091	0.034	0.05	0.14	0.049	0.108	0.108	0.238	0.084	0.242	0.111	0.111	0.232	0.293	0.285	0.18	0.061	0.061	0.141	0.231	0.231	0.229	1	0.463	0.141	0.163	0.075	0.077	0.299	0.064	0.076	0.075	0.152	0.396	0.2	0.065	0.117	0.08	0.077	0.32	0.086	0.148	0.111	0.162	0.15	0.122	0.276	0.136	0.139	0.231	0.101	0.077	0.308	0.128	0.128	0.051	0	0.282	0.087	0.061	0.08	0.077	0.292	0.111	0.072	0.059	0.345	0.054	0.061	0.053	0.086	0.245	0.207	0.078	0.066	0.136	0.245	0.077	0.08	0.358	0.101	0.064	0.089	0.177	0.137	0.315	0.259	0.113	0.077	0.087	0.068	0.054	0.114	0.458	0.19	0.144	0.048	0.231	0.141	0.187	0.229	0.231	0.245	0	0.263	0.231	0.102	0.191	0.084	0.221	0.366	0.171	0.177	0.288	0.139	0.077	0.107	0.097	0.22	0.073	0.166	0.108	0.136	0.299	0.077	0.247	0.094	0.07	0.302	0.045	0.1	0.092	0.074	0.431	0.285	0.302	0.247	0.039	0.097	0.274	0.307	0.067	0	0.056	0.211	0.336	0.047	0.087	0.187	0.108
GO:0006082	0.073	0.114	0.154	0.202	0.401	0.102	0.126	0.304	0.121	0.224	0.053	0.355	0.136	0.081	0.093	0.057	0.081	0.066	0.224	0.257	0.15	0.311	0.107	0.081	0.079	0.441	0.299	0.311	0.099	0.224	0.197	0.133	0.136	0.05	0.065	0.17	0.073	0.163	0.154	0.321	0.132	0.276	0.169	0.169	0.367	0.253	0.517	0.276	0.076	0.081	0.191	0.306	0.306	0.31	0.463	1	0.191	0.224	0.117	0.099	0.428	0.094	0.118	0.111	0.207	0.543	0.292	0.09	0.168	0.119	0.099	0.269	0.135	0.229	0.169	0.178	0.205	0.164	0.401	0.197	0.189	0.306	0.126	0.099	0.194	0.184	0.174	0.063	0	0.389	0.107	0.081	0.125	0.099	0.267	0.169	0.092	0.086	0.472	0.067	0.094	0.077	0.121	0.306	0.279	0.118	0.091	0.197	0.306	0.099	0.124	0.316	0.143	0.081	0.14	0.263	0.186	0.4	0.339	0.152	0.094	0.107	0.097	0.077	0.162	0.387	0.295	0.196	0.059	0.306	0.191	0.441	0.211	0.355	0.306	0	0.396	0.306	0.154	0.248	0.125	0.358	0.514	0.4	0.287	0.183	0.195	0.099	0.157	0.145	0.316	0.101	0.23	0.154	0.197	0.403	0.099	0.168	0.124	0.103	0.187	0.058	0.141	0.137	0.11	0.442	0.404	0.187	0.168	0.056	0.145	0.522	0.269	0.084	0	0.073	0.234	0.795	0.059	0.136	0.28	0.154
GO:1990542	0.074	0.116	0.156	0.287	0.127	0.104	0.128	0.096	0.123	0.227	0.054	0.149	0.188	0.082	0.094	0.057	0.082	0.067	0.227	0.062	0.152	0.101	0.108	0.082	0.081	0.106	0.072	0.071	0.1	0.093	0.2	0.135	0.138	0.227	0.066	0.174	0.299	0.166	0.156	0.065	0.134	0.115	0.171	0.171	0.113	0.078	0.126	0.092	0.077	0.691	0.193	0.311	0.311	0.071	0.141	0.191	1	0.227	0.118	0.1	0.179	0.095	0.119	0.112	0.482	0.227	0.091	0.09	0.17	0.12	0.1	0.083	0.338	0.079	0.171	0.075	0.207	0.166	0.127	0.2	0.054	0.311	0.128	0.1	0.049	0.187	0.165	0.264	0	0.124	0.108	0.165	0.397	0.1	0.085	0.171	0.094	0.087	0.153	0.068	0.249	0.077	0.122	0.128	0.085	0.119	0.184	0.2	0.128	0.207	0.126	0.098	0.339	0.082	0.142	0.083	0.188	0.091	0.077	0.153	0.095	0.108	0.134	0.196	0.232	0.123	0.093	0.199	0.06	0.311	0.193	0.1	0.065	0.108	0.128	0	0.166	0.311	0.156	0.577	0.126	0.112	0.165	0.091	0.088	0.046	0.198	0.1	0.218	0.147	0.1	0.102	0.072	0.156	0.2	0.168	0.1	0.07	0.126	0.263	0.045	0.059	0.369	0.138	0.111	0.105	0.131	0.045	0.07	0.272	0.147	0.085	0.083	0.085	0	0.074	0.102	0.152	0.059	0.188	0.088	0.156
GO:0098609	0.088	0.141	0.181	0.239	0.147	0.123	0.16	0.108	0.138	0.669	0.063	0.179	0.164	0.101	0.106	0.067	0.101	0.078	0.669	0.071	0.184	0.119	0.13	0.101	0.095	0.119	0.079	0.083	0.123	0.104	0.244	0.157	0.16	0.061	0.077	0.221	0.081	0.726	0.181	0.07	0.158	0.132	0.208	0.208	0.132	0.085	0.142	0.103	0.091	0.101	0.227	0.388	0.388	0.086	0.163	0.224	0.227	1	0.136	0.123	0.214	0.105	0.138	0.127	0.251	0.276	0.101	0.099	0.201	0.137	0.123	0.091	0.162	0.087	0.208	0.083	0.247	0.19	0.147	0.244	0.062	0.388	0.16	0.123	0.054	0.225	0.075	0.073	0	0.14	0.13	0.101	0.149	0.123	0.094	0.208	0.113	0.096	0.176	0.078	0.106	0.084	0.137	0.16	0.101	0.137	0.1	0.244	0.16	0.123	0.147	0.11	0.167	0.097	0.17	0.091	0.534	0.11	0.093	0.174	0.112	0.13	0.109	0.083	0.193	0.139	0.105	0.235	0.067	0.388	0.227	0.123	0.071	0.124	0.16	0	0.2	0.388	0.186	0.3	0.145	0.132	0.194	0.11	0.1	0.048	0.238	0.123	0.189	0.173	0.112	0.113	0.077	0.181	0.244	0.193	0.123	0.081	0.139	0.116	0.049	0.067	0.164	0.161	0.125	0.117	0.149	0.049	0.081	0.069	0.173	0.102	0.092	0.102	0	0.089	0.116	0.18	0.067	0.164	0.098	0.181
GO:0033108	0.041	0.075	0.087	0.13	0.065	0.068	0.083	0.046	0.07	0.136	0.025	0.068	0.064	0.045	0.405	0.029	0.045	0.037	0.136	0.035	0.33	0.066	0.071	0.045	0.049	0.053	0.034	0.039	0.06	0.044	0.109	0.069	0.07	0.019	0.037	0.119	0.25	0.083	0.087	0.032	0.062	0.056	0.247	0.616	0.046	0.041	0.072	0.126	0.047	0.045	0.344	0.2	0.2	0.035	0.075	0.117	0.118	0.136	1	0.06	0.099	0.339	0.403	0.058	0.127	0.136	0.045	0.1	0.293	0.59	0.06	0.044	0.063	0.368	0.388	0.035	0.126	0.102	0.065	0.332	0.031	0.2	0.083	0.06	0.028	0.103	0.035	0.04	0	0.071	0.071	0.045	0.059	0.06	0.043	0.085	0.056	0.046	0.09	0.042	0.045	0.217	0.216	0.083	0.051	0.168	0.25	0.332	0.083	0.06	0.323	0.046	0.082	0.05	0.199	0.04	0.115	0.055	0.042	0.095	0.063	0.071	0.054	0.102	0.092	0.07	0.04	0.121	0.037	0.2	0.344	0.06	0.285	0.046	0.083	0	0.083	0.2	0.239	0.166	0.065	0.045	0.092	0.055	0.033	0.024	0.114	0.06	0.084	0.355	0.052	0.059	0.04	0.087	0.319	0.104	0.06	0.043	0.079	0.054	0.026	0.033	0.08	0.071	0.057	0.057	0.071	0.026	0.043	0.024	0.417	0.052	0.04	0.052	0	0.041	0.048	0.077	0.037	0.064	0.042	0.087
GO:0050790	0.095	0.154	0.169	0.117	0.064	0.133	0.176	0.047	0.134	0.123	0.067	0.08	0.073	0.11	0.053	0.071	0.11	0.083	0.123	0.076	0.082	0.128	0.141	0.11	0.102	0.061	0.038	0.09	0.605	0.101	0.11	0.158	0.071	0.066	0.186	0.246	0.036	0.089	0.169	0.03	0.157	0.061	0.093	0.093	0.06	0.036	0.072	0.045	0.097	0.11	0.1	0.176	0.176	0.093	0.077	0.099	0.1	0.123	0.06	1	0.095	0.045	0.06	0.126	0.112	0.123	0.046	0.042	0.089	0.06	0.135	0.039	0.072	0.037	0.093	0.275	0.11	0.183	0.064	0.11	0.065	0.176	0.176	0.135	0.121	0.101	0.034	0.158	0	0.061	0.307	0.11	0.065	0.135	0.048	0.093	0.123	0.094	0.084	0.183	0.051	0.082	0.133	0.176	0.109	0.064	0.043	0.11	0.176	0.135	0.065	0.048	0.073	0.23	0.076	0.039	0.214	0.119	0.101	0.148	0.24	0.307	0.107	0.038	0.085	0.06	0.045	0.23	0.146	0.176	0.1	0.135	0.03	0.059	0.176	0	0.089	0.176	0.083	0.133	0.138	0.058	0.085	0.119	0.045	0.022	0.116	0.135	0.09	0.077	0.048	0.048	0.075	0.169	0.11	0.084	0.135	0.176	0.123	0.05	0.11	0.071	0.071	0.071	0.054	0.054	0.081	0.11	0.176	0.075	0.077	0.11	0.039	0.11	0	0.096	0.411	0.08	0.132	0.073	0.042	0.169
GO:0043603	0.067	0.112	0.139	0.191	0.266	0.1	0.126	0.327	0.108	0.214	0.045	0.309	0.117	0.075	0.077	0.05	0.075	0.06	0.214	0.229	0.13	0.173	0.105	0.075	0.075	0.356	0.244	0.154	0.095	0.186	0.183	0.117	0.119	0.041	0.059	0.177	0.061	0.146	0.139	0.296	0.113	0.236	0.151	0.151	0.404	0.357	0.46	0.288	0.071	0.075	0.179	0.306	0.306	0.151	0.299	0.428	0.179	0.214	0.099	0.095	1	0.08	0.1	0.096	0.196	0.519	0.244	0.078	0.153	0.103	0.095	0.311	0.116	0.236	0.151	0.144	0.193	0.151	0.266	0.183	0.094	0.306	0.126	0.095	0.103	0.17	0.093	0.058	0	0.43	0.105	0.075	0.107	0.095	0.292	0.151	0.088	0.073	0.335	0.062	0.078	0.064	0.107	0.306	0.148	0.101	0.079	0.183	0.306	0.095	0.106	0.361	0.128	0.076	0.121	0.289	0.173	0.207	0.17	0.139	0.091	0.105	0.084	0.065	0.147	0.263	0.315	0.185	0.054	0.306	0.179	0.231	0.221	0.38	0.306	0	0.355	0.306	0.137	0.242	0.108	0.292	0.359	0.207	0.301	0.221	0.182	0.095	0.141	0.128	0.343	0.089	0.253	0.139	0.183	0.372	0.095	0.156	0.113	0.088	0.094	0.052	0.126	0.12	0.094	0.369	0.353	0.094	0.156	0.048	0.128	0.193	0.304	0.08	0	0.067	0.194	0.322	0.054	0.117	0.231	0.139
GO:0035082	0.033	0.057	0.073	0.104	0.058	0.053	0.06	0.043	0.062	0.105	0.022	0.058	0.055	0.035	0.212	0.025	0.035	0.031	0.105	0.029	0.249	0.052	0.054	0.035	0.039	0.049	0.034	0.032	0.045	0.042	0.086	0.06	0.061	0.017	0.031	0.083	0.148	0.068	0.073	0.032	0.054	0.051	0.212	0.302	0.043	0.04	0.063	0.127	0.038	0.035	0.347	0.146	0.146	0.029	0.064	0.094	0.095	0.105	0.339	0.045	0.08	1	0.445	0.053	0.1	0.105	0.043	0.15	0.586	0.295	0.045	0.042	0.055	0.204	0.212	0.035	0.1	0.086	0.058	0.262	0.027	0.146	0.06	0.045	0.025	0.152	0.035	0.034	0	0.063	0.054	0.035	0.052	0.045	0.042	0.07	0.043	0.044	0.076	0.035	0.043	0.248	0.233	0.06	0.041	0.203	0.156	0.262	0.06	0.045	0.31	0.044	0.07	0.04	0.172	0.039	0.093	0.043	0.034	0.081	0.05	0.054	0.05	0.107	0.076	0.062	0.039	0.097	0.032	0.146	0.347	0.045	0.162	0.043	0.06	0	0.068	0.269	0.2	0.128	0.057	0.042	0.076	0.043	0.034	0.025	0.09	0.045	0.07	0.527	0.049	0.054	0.039	0.073	0.262	0.086	0.045	0.036	0.07	0.05	0.023	0.028	0.069	0.061	0.052	0.052	0.062	0.023	0.036	0.021	0.378	0.041	0.039	0.041	0	0.033	0.045	0.065	0.032	0.055	0.04	0.073
GO:0042255	0.041	0.076	0.088	0.131	0.066	0.069	0.084	0.046	0.071	0.138	0.025	0.069	0.064	0.046	0.216	0.029	0.046	0.038	0.138	0.035	0.334	0.067	0.072	0.046	0.05	0.053	0.034	0.04	0.06	0.045	0.111	0.07	0.071	0.019	0.037	0.121	0.167	0.084	0.088	0.032	0.063	0.057	0.623	0.411	0.047	0.042	0.072	0.319	0.048	0.046	0.348	0.203	0.203	0.036	0.076	0.118	0.119	0.138	0.403	0.06	0.1	0.445	1	0.059	0.129	0.138	0.046	0.101	0.296	0.435	0.06	0.044	0.064	0.271	0.263	0.035	0.127	0.103	0.066	0.336	0.031	0.203	0.084	0.06	0.028	0.104	0.035	0.04	0	0.071	0.072	0.046	0.06	0.06	0.044	0.086	0.057	0.046	0.091	0.043	0.045	0.233	0.217	0.084	0.052	0.169	0.177	0.336	0.084	0.06	0.352	0.047	0.082	0.05	0.201	0.04	0.116	0.055	0.043	0.096	0.064	0.072	0.054	0.242	0.093	0.071	0.041	0.122	0.038	0.203	0.348	0.06	0.153	0.047	0.084	0	0.084	0.203	0.242	0.168	0.065	0.045	0.093	0.055	0.034	0.024	0.115	0.06	0.085	0.358	0.053	0.059	0.04	0.088	0.526	0.104	0.06	0.044	0.08	0.055	0.026	0.033	0.081	0.071	0.058	0.058	0.072	0.026	0.044	0.024	0.449	0.052	0.04	0.052	0	0.042	0.049	0.078	0.037	0.064	0.042	0.088
GO:0051056	0.039	0.165	0.472	0.122	0.067	0.063	0.073	0.112	0.879	0.127	0.063	0.069	0.066	0.104	0.047	0.03	0.104	0.088	0.127	0.034	0.071	0.061	0.065	0.104	0.113	0.056	0.038	0.038	0.126	0.118	0.104	0.19	0.164	0.021	0.249	0.103	0.041	0.082	0.472	0.035	0.545	0.059	0.084	0.084	0.051	0.044	0.072	0.048	0.045	0.043	0.112	0.178	0.178	0.035	0.075	0.111	0.112	0.127	0.058	0.126	0.096	0.053	0.059	1	0.12	0.127	0.049	0.081	0.092	0.064	0.055	0.047	0.065	0.042	0.084	0.1	0.118	0.273	0.067	0.104	0.058	0.178	0.073	0.133	0.051	0.099	0.039	0.114	0	0.072	0.222	0.043	0.062	0.055	0.047	0.084	0.052	0.133	0.088	0.14	0.049	0.119	0.193	0.073	0.048	0.061	0.056	0.104	0.073	0.055	0.061	0.05	0.081	0.325	0.067	0.043	0.302	0.051	0.041	0.149	0.17	0.222	0.138	0.046	0.09	0.071	0.101	0.316	0.108	0.178	0.112	0.055	0.031	0.05	0.073	0	0.082	0.178	0.078	0.152	0.367	0.049	0.09	0.051	0.039	0.027	0.252	0.055	0.083	0.075	0.127	0.061	0.105	0.472	0.104	0.186	0.133	0.122	0.431	0.057	0.079	0.08	0.08	0.071	0.06	0.059	0.072	0.079	0.122	0.025	0.075	0.049	0.044	0.049	0	0.04	0.139	0.077	0.169	0.066	0.046	0.575
GO:0048193	0.081	0.128	0.169	0.311	0.137	0.114	0.144	0.102	0.131	0.251	0.058	0.164	0.206	0.091	0.101	0.062	0.091	0.072	0.251	0.067	0.168	0.11	0.119	0.091	0.088	0.113	0.075	0.077	0.112	0.099	0.222	0.146	0.149	0.25	0.072	0.197	0.22	0.183	0.169	0.068	0.146	0.124	0.19	0.19	0.122	0.082	0.134	0.098	0.084	0.5	0.211	0.349	0.349	0.078	0.152	0.207	0.482	0.251	0.127	0.112	0.196	0.1	0.129	0.12	1	0.251	0.096	0.095	0.186	0.129	0.112	0.087	0.37	0.083	0.19	0.079	0.227	0.178	0.137	0.222	0.058	0.349	0.144	0.112	0.052	0.206	0.172	0.282	0	0.132	0.119	0.183	0.316	0.112	0.09	0.19	0.103	0.092	0.165	0.073	0.265	0.081	0.13	0.144	0.093	0.128	0.193	0.222	0.144	0.231	0.136	0.104	0.496	0.089	0.156	0.087	0.204	0.1	0.085	0.164	0.104	0.119	0.141	0.204	0.253	0.132	0.099	0.217	0.064	0.349	0.211	0.112	0.068	0.116	0.144	0	0.183	0.349	0.171	0.632	0.136	0.122	0.179	0.1	0.094	0.047	0.218	0.112	0.238	0.16	0.106	0.108	0.075	0.169	0.222	0.18	0.112	0.075	0.133	0.279	0.047	0.063	0.71	0.15	0.118	0.111	0.14	0.047	0.075	0.3	0.16	0.094	0.088	0.094	0	0.082	0.109	0.166	0.063	0.206	0.093	0.169
GO:0006790	0.088	0.141	0.181	0.239	0.357	0.123	0.16	0.262	0.138	0.276	0.063	0.435	0.164	0.101	0.106	0.067	0.101	0.078	0.276	0.173	0.184	0.224	0.13	0.101	0.095	0.29	0.191	0.203	0.123	0.253	0.244	0.157	0.16	0.061	0.077	0.221	0.081	0.2	0.181	0.171	0.158	0.32	0.208	0.208	0.32	0.206	0.345	0.232	0.091	0.101	0.227	0.388	0.388	0.208	0.396	0.543	0.227	0.276	0.136	0.123	0.519	0.105	0.138	0.127	0.251	1	0.246	0.099	0.201	0.137	0.123	0.22	0.162	0.191	0.208	0.198	0.247	0.19	0.357	0.244	0.126	0.388	0.16	0.123	0.132	0.225	0.123	0.073	0	0.34	0.13	0.101	0.149	0.123	0.228	0.208	0.113	0.096	0.428	0.078	0.106	0.084	0.137	0.388	0.198	0.137	0.1	0.244	0.388	0.123	0.147	0.267	0.167	0.097	0.17	0.222	0.22	0.266	0.225	0.174	0.112	0.13	0.109	0.083	0.193	0.338	0.254	0.235	0.067	0.388	0.227	0.3	0.173	0.302	0.388	0	0.486	0.388	0.186	0.3	0.145	0.319	0.47	0.266	0.242	0.173	0.238	0.123	0.189	0.173	0.271	0.113	0.187	0.181	0.244	0.468	0.123	0.196	0.139	0.116	0.12	0.067	0.164	0.161	0.125	0.285	0.362	0.12	0.196	0.069	0.173	0.247	0.223	0.102	0	0.089	0.268	0.437	0.067	0.164	0.238	0.181
GO:0051603	0.034	0.058	0.069	0.1	0.273	0.054	0.061	0.255	0.058	0.101	0.022	0.128	0.05	0.036	0.037	0.026	0.036	0.031	0.101	0.427	0.054	0.204	0.055	0.036	0.04	0.212	0.149	0.138	0.046	0.093	0.081	0.055	0.056	0.018	0.031	0.085	0.034	0.064	0.069	0.315	0.049	0.113	0.065	0.065	0.235	0.401	0.273	0.188	0.039	0.036	0.091	0.142	0.142	0.194	0.2	0.292	0.091	0.101	0.045	0.046	0.244	0.043	0.046	0.049	0.096	0.246	1	0.046	0.073	0.051	0.046	0.198	0.05	0.154	0.065	0.073	0.095	0.082	0.56	0.081	0.117	0.142	0.061	0.046	0.127	0.078	0.122	0.034	0	0.375	0.055	0.036	0.048	0.046	0.169	0.065	0.044	0.04	0.35	0.036	0.039	0.037	0.058	0.149	0.169	0.048	0.047	0.081	0.149	0.046	0.047	0.201	0.066	0.041	0.051	0.422	0.089	0.105	0.216	0.077	0.051	0.055	0.046	0.038	0.072	0.223	0.23	0.093	0.033	0.142	0.091	0.112	0.173	0.241	0.149	0	0.154	0.142	0.061	0.124	0.053	0.394	0.273	0.185	0.178	0.126	0.086	0.046	0.065	0.059	0.289	0.051	0.207	0.069	0.081	0.2	0.046	0.088	0.067	0.046	0.139	0.029	0.065	0.056	0.048	0.232	0.255	0.139	0.088	0.021	0.059	0.161	0.178	0.042	0	0.034	0.091	0.193	0.032	0.05	0.9	0.069
GO:0007411	0.218	0.117	0.102	0.232	0.059	0.22	0.054	0.068	0.094	0.099	0.049	0.06	0.057	0.075	0.071	0.026	0.134	0.12	0.099	0.029	0.115	0.048	0.209	0.075	0.408	0.051	0.038	0.031	0.042	0.046	0.083	0.061	0.134	0.019	0.067	0.167	0.075	0.068	0.102	0.036	0.08	0.053	0.099	0.142	0.047	0.043	0.064	0.062	0.227	0.034	0.14	0.131	0.131	0.029	0.065	0.09	0.09	0.099	0.1	0.042	0.078	0.15	0.101	0.081	0.095	0.099	0.046	1	0.115	0.108	0.148	0.045	0.057	0.073	0.142	0.039	0.249	0.208	0.059	0.181	0.047	0.131	0.054	0.095	0.025	0.147	0.039	0.033	0	0.063	0.105	0.034	0.055	0.148	0.045	0.069	0.275	0.332	0.075	0.182	0.046	0.072	0.095	0.054	0.039	0.485	0.087	0.181	0.054	0.042	0.104	0.047	0.069	0.146	0.111	0.042	0.089	0.04	0.033	0.123	0.046	0.113	0.121	0.058	0.074	0.063	0.063	0.092	0.064	0.131	0.14	0.042	0.055	0.047	0.054	0	0.068	0.131	0.135	0.118	0.083	0.046	0.075	0.04	0.039	0.028	0.086	0.079	0.162	0.234	0.076	0.206	0.042	0.102	0.123	0.152	0.17	0.035	0.127	0.052	0.024	0.106	0.069	0.397	0.584	0.054	0.063	0.024	0.035	0.022	0.131	0.039	0.042	0.18	0	0.13	0.048	0.065	0.063	0.057	0.044	0.102
GO:0001578	0.063	0.106	0.132	0.182	0.105	0.094	0.118	0.076	0.104	0.201	0.043	0.12	0.111	0.071	0.137	0.047	0.071	0.057	0.201	0.052	0.381	0.092	0.099	0.071	0.071	0.086	0.056	0.06	0.089	0.074	0.172	0.111	0.114	0.039	0.056	0.165	0.177	0.138	0.132	0.051	0.108	0.093	0.216	0.471	0.087	0.064	0.106	0.108	0.068	0.071	0.532	0.286	0.286	0.059	0.117	0.168	0.17	0.201	0.293	0.089	0.153	0.586	0.296	0.092	0.186	0.201	0.073	0.115	1	0.208	0.089	0.068	0.11	0.127	0.321	0.059	0.183	0.145	0.105	0.407	0.046	0.286	0.118	0.089	0.041	0.295	0.056	0.056	0	0.105	0.099	0.071	0.102	0.089	0.069	0.143	0.083	0.071	0.132	0.06	0.075	0.197	0.322	0.118	0.075	0.201	0.188	0.407	0.118	0.089	0.216	0.078	0.123	0.072	0.246	0.066	0.165	0.08	0.066	0.134	0.087	0.099	0.081	0.088	0.14	0.104	0.072	0.175	0.052	0.286	0.532	0.089	0.097	0.084	0.118	0	0.138	0.526	0.292	0.229	0.104	0.086	0.14	0.08	0.066	0.036	0.172	0.089	0.134	0.402	0.082	0.086	0.059	0.132	0.269	0.147	0.089	0.061	0.109	0.085	0.038	0.05	0.121	0.114	0.091	0.087	0.109	0.038	0.061	0.045	0.274	0.075	0.066	0.075	0	0.064	0.082	0.126	0.052	0.111	0.07	0.132
GO:0022618	0.042	0.074	0.092	0.131	0.071	0.068	0.08	0.052	0.075	0.137	0.028	0.075	0.071	0.046	0.427	0.032	0.046	0.039	0.137	0.037	0.217	0.066	0.07	0.046	0.05	0.059	0.039	0.041	0.06	0.051	0.113	0.075	0.076	0.023	0.039	0.113	0.115	0.089	0.092	0.037	0.069	0.063	0.434	0.261	0.054	0.046	0.076	0.239	0.048	0.046	0.243	0.195	0.195	0.038	0.08	0.119	0.12	0.137	0.59	0.06	0.103	0.295	0.435	0.064	0.129	0.137	0.051	0.108	0.208	1	0.06	0.049	0.07	0.645	0.584	0.041	0.128	0.106	0.071	0.327	0.033	0.195	0.08	0.06	0.03	0.107	0.04	0.041	0	0.076	0.07	0.046	0.066	0.06	0.049	0.091	0.057	0.051	0.094	0.043	0.051	0.197	0.156	0.08	0.052	0.175	0.132	0.327	0.08	0.06	0.342	0.053	0.086	0.051	0.205	0.046	0.117	0.055	0.044	0.099	0.063	0.07	0.059	0.187	0.096	0.075	0.047	0.123	0.039	0.195	0.243	0.06	0.308	0.054	0.08	0	0.089	0.195	0.242	0.164	0.071	0.053	0.096	0.055	0.041	0.027	0.117	0.06	0.089	0.23	0.058	0.064	0.044	0.092	0.537	0.107	0.06	0.044	0.083	0.06	0.028	0.035	0.085	0.077	0.063	0.063	0.077	0.028	0.044	0.027	0.43	0.053	0.046	0.053	0	0.043	0.055	0.083	0.038	0.071	0.048	0.092
GO:0009888	0.425	0.154	0.08	0.117	0.064	0.457	0.176	0.047	0.06	0.123	0.067	0.08	0.073	0.11	0.053	0.071	0.11	0.083	0.123	0.076	0.082	0.128	0.543	0.11	0.102	0.061	0.038	0.09	0.135	0.045	0.11	0.069	0.071	0.066	0.082	0.246	0.036	0.089	0.08	0.03	0.07	0.061	0.093	0.093	0.06	0.036	0.072	0.045	0.403	0.11	0.1	0.176	0.176	0.093	0.077	0.099	0.1	0.123	0.06	0.135	0.095	0.045	0.06	0.055	0.112	0.123	0.046	0.148	0.089	0.06	1	0.039	0.072	0.037	0.093	0.037	0.266	0.201	0.064	0.11	0.065	0.176	0.176	0.135	0.057	0.101	0.034	0.077	0	0.061	0.342	0.11	0.065	0.605	0.048	0.093	0.514	0.183	0.084	0.345	0.051	0.036	0.059	0.176	0.109	0.272	0.043	0.11	0.176	0.135	0.065	0.048	0.073	0.104	0.076	0.039	0.097	0.119	0.101	0.076	0.12	0.141	0.05	0.038	0.085	0.06	0.045	0.104	0.172	0.176	0.1	0.135	0.03	0.059	0.176	0	0.089	0.176	0.083	0.133	0.063	0.058	0.085	0.119	0.045	0.022	0.116	0.135	0.09	0.077	0.048	0.203	0.035	0.08	0.11	0.084	0.135	0.085	0.06	0.05	0.052	0.071	0.071	0.303	0.242	0.054	0.081	0.052	0.085	0.075	0.077	0.11	0.039	0.728	0	0.36	0.056	0.08	0.07	0.073	0.042	0.08
GO:0072522	0.029	0.049	0.064	0.091	0.315	0.046	0.051	0.294	0.055	0.091	0.019	0.121	0.048	0.03	0.037	0.022	0.03	0.027	0.091	0.212	0.051	0.125	0.047	0.03	0.034	0.329	0.535	0.263	0.039	0.092	0.074	0.053	0.053	0.015	0.027	0.07	0.034	0.059	0.064	0.426	0.047	0.109	0.06	0.06	0.329	0.429	0.437	0.262	0.034	0.03	0.083	0.124	0.124	0.111	0.32	0.269	0.083	0.091	0.044	0.039	0.311	0.042	0.044	0.047	0.087	0.22	0.198	0.045	0.068	0.049	0.039	1	0.048	0.223	0.06	0.074	0.086	0.076	0.16	0.074	0.075	0.124	0.051	0.039	0.287	0.071	0.083	0.03	0	0.395	0.047	0.03	0.046	0.039	0.675	0.06	0.037	0.04	0.206	0.031	0.038	0.036	0.055	0.124	0.104	0.046	0.046	0.074	0.124	0.039	0.046	0.514	0.061	0.035	0.049	0.283	0.082	0.165	0.131	0.072	0.044	0.047	0.045	0.038	0.066	0.342	0.274	0.084	0.029	0.124	0.083	0.094	0.464	0.323	0.124	0	0.143	0.124	0.057	0.111	0.05	0.186	0.207	0.089	0.258	0.54	0.078	0.039	0.061	0.055	0.32	0.049	0.278	0.064	0.074	0.185	0.039	0.141	0.063	0.045	0.18	0.025	0.061	0.053	0.047	0.367	0.405	0.18	0.141	0.018	0.055	0.144	0.768	0.036	0	0.029	0.09	0.184	0.028	0.048	0.18	0.064
GO:0051168	0.048	0.09	0.1	0.228	0.075	0.08	0.1	0.051	0.078	0.162	0.029	0.08	0.181	0.054	0.049	0.034	0.054	0.043	0.162	0.04	0.082	0.078	0.084	0.054	0.057	0.059	0.037	0.046	0.072	0.049	0.131	0.079	0.081	0.139	0.042	0.147	0.255	0.098	0.1	0.034	0.072	0.064	0.102	0.102	0.054	0.045	0.08	0.049	0.055	0.371	0.137	0.243	0.243	0.042	0.086	0.135	0.338	0.162	0.063	0.072	0.116	0.055	0.064	0.065	0.37	0.162	0.05	0.057	0.11	0.07	0.072	0.048	1	0.042	0.102	0.038	0.147	0.116	0.075	0.131	0.035	0.243	0.1	0.072	0.031	0.122	0.388	0.205	0	0.079	0.084	0.131	0.181	0.072	0.047	0.102	0.067	0.05	0.103	0.048	0.616	0.044	0.078	0.1	0.06	0.066	0.248	0.131	0.1	0.175	0.067	0.052	0.457	0.058	0.077	0.044	0.133	0.065	0.05	0.107	0.073	0.084	0.091	0.389	0.258	0.079	0.045	0.141	0.042	0.243	0.137	0.072	0.029	0.053	0.1	0	0.098	0.243	0.092	0.472	0.074	0.052	0.106	0.065	0.038	0.025	0.134	0.072	0.15	0.087	0.058	0.065	0.043	0.1	0.131	0.118	0.072	0.049	0.087	0.356	0.028	0.038	0.539	0.081	0.064	0.064	0.081	0.028	0.049	0.186	0.087	0.061	0.044	0.061	0	0.048	0.054	0.09	0.041	0.181	0.047	0.1
GO:0000387	0.027	0.048	0.059	0.088	0.15	0.045	0.051	0.239	0.051	0.087	0.017	0.086	0.042	0.028	0.267	0.02	0.028	0.025	0.087	0.255	0.127	0.217	0.046	0.028	0.033	0.22	0.159	0.101	0.037	0.064	0.069	0.047	0.048	0.012	0.025	0.071	0.079	0.053	0.059	0.223	0.041	0.079	0.259	0.157	0.317	0.211	0.381	0.43	0.032	0.028	0.155	0.123	0.123	0.209	0.148	0.229	0.079	0.087	0.368	0.037	0.236	0.204	0.271	0.042	0.083	0.191	0.154	0.073	0.127	0.645	0.037	0.223	0.042	1	0.356	0.048	0.083	0.072	0.15	0.202	0.113	0.123	0.051	0.037	0.108	0.066	0.135	0.028	0	0.406	0.046	0.028	0.04	0.037	0.159	0.054	0.036	0.035	0.208	0.03	0.033	0.135	0.103	0.116	0.17	0.11	0.092	0.202	0.116	0.037	0.212	0.13	0.057	0.033	0.122	0.281	0.078	0.079	0.15	0.068	0.043	0.046	0.041	0.129	0.062	0.161	0.199	0.081	0.027	0.123	0.155	0.084	0.376	0.436	0.116	0	0.109	0.123	0.149	0.109	0.045	0.112	0.193	0.079	0.272	0.125	0.074	0.037	0.056	0.144	0.293	0.045	0.313	0.059	0.328	0.159	0.037	0.067	0.06	0.04	0.102	0.023	0.056	0.048	0.042	0.291	0.228	0.102	0.067	0.015	0.271	0.121	0.183	0.034	0	0.027	0.061	0.137	0.027	0.042	0.13	0.059
GO:0071826	0.062	0.113	0.128	0.185	0.098	0.099	0.128	0.067	0.097	0.208	0.039	0.112	0.103	0.071	0.269	0.044	0.071	0.055	0.208	0.051	0.352	0.095	0.104	0.071	0.071	0.077	0.048	0.059	0.093	0.065	0.173	0.104	0.107	0.034	0.055	0.187	0.15	0.133	0.128	0.044	0.099	0.085	0.255	0.422	0.077	0.056	0.1	0.119	0.068	0.071	0.367	0.311	0.311	0.057	0.111	0.169	0.171	0.208	0.388	0.093	0.151	0.212	0.263	0.084	0.19	0.208	0.065	0.142	0.321	0.584	0.093	0.06	0.102	0.356	1	0.05	0.186	0.143	0.098	0.527	0.043	0.311	0.128	0.093	0.038	0.16	0.048	0.055	0	0.099	0.104	0.071	0.093	0.093	0.061	0.139	0.086	0.063	0.128	0.059	0.066	0.145	0.218	0.128	0.076	0.256	0.172	0.527	0.128	0.093	0.28	0.069	0.118	0.073	0.325	0.057	0.166	0.083	0.066	0.131	0.089	0.104	0.074	0.094	0.137	0.098	0.062	0.177	0.051	0.311	0.367	0.093	0.192	0.074	0.128	0	0.133	0.311	0.377	0.24	0.096	0.075	0.137	0.083	0.055	0.031	0.173	0.093	0.129	0.351	0.074	0.079	0.052	0.128	0.319	0.145	0.093	0.061	0.104	0.077	0.035	0.048	0.116	0.107	0.083	0.08	0.103	0.035	0.061	0.041	0.351	0.077	0.057	0.077	0	0.063	0.072	0.12	0.05	0.103	0.061	0.128
GO:0033674	0.027	0.048	0.132	0.084	0.099	0.045	0.05	0.071	0.124	0.083	0.017	0.093	0.038	0.028	0.029	0.02	0.028	0.025	0.083	0.055	0.04	0.07	0.046	0.028	0.033	0.152	0.103	0.059	0.166	0.755	0.065	0.12	0.044	0.012	0.083	0.071	0.027	0.049	0.132	0.053	0.09	0.201	0.05	0.05	0.064	0.071	0.115	0.057	0.032	0.028	0.075	0.118	0.118	0.05	0.162	0.178	0.075	0.083	0.035	0.275	0.144	0.035	0.035	0.1	0.079	0.198	0.073	0.039	0.059	0.041	0.037	0.074	0.038	0.048	0.05	1	0.079	0.19	0.099	0.065	0.036	0.118	0.05	0.037	0.066	0.062	0.042	0.08	0	0.114	0.155	0.028	0.036	0.037	0.071	0.05	0.036	0.089	0.142	0.099	0.03	0.081	0.132	0.118	0.055	0.037	0.039	0.065	0.118	0.037	0.036	0.071	0.053	0.111	0.039	0.064	0.206	0.082	0.062	0.086	0.118	0.155	0.143	0.032	0.058	0.114	0.06	0.213	0.076	0.118	0.075	0.086	0.042	0.066	0.118	0	0.116	0.118	0.048	0.105	0.1	0.061	0.137	0.082	0.047	0.071	0.07	0.037	0.052	0.046	0.084	0.042	0.253	0.132	0.065	0.164	0.037	0.26	0.133	0.037	0.164	0.023	0.053	0.044	0.038	0.192	0.111	0.104	0.163	0.015	0.046	0.079	0.064	0.034	0	0.027	0.711	0.11	0.079	0.038	0.067	0.132
GO:0045165	0.193	0.126	0.166	0.219	0.136	0.224	0.141	0.101	0.129	0.247	0.057	0.161	0.149	0.09	0.099	0.061	0.09	0.071	0.247	0.066	0.165	0.108	0.285	0.09	0.086	0.112	0.075	0.076	0.11	0.098	0.218	0.144	0.147	0.055	0.071	0.192	0.077	0.18	0.166	0.067	0.144	0.122	0.186	0.186	0.121	0.081	0.133	0.097	0.201	0.09	0.207	0.342	0.342	0.077	0.15	0.205	0.207	0.247	0.126	0.11	0.193	0.1	0.127	0.118	0.227	0.247	0.095	0.249	0.183	0.128	0.266	0.086	0.147	0.083	0.186	0.079	1	0.553	0.136	0.218	0.057	0.342	0.141	0.11	0.051	0.203	0.072	0.068	0	0.131	0.285	0.09	0.136	0.266	0.089	0.186	0.247	0.308	0.163	0.176	0.1	0.08	0.128	0.141	0.092	0.308	0.096	0.218	0.141	0.11	0.135	0.103	0.154	0.088	0.154	0.087	0.201	0.099	0.083	0.162	0.102	0.117	0.103	0.08	0.176	0.13	0.098	0.214	0.153	0.342	0.207	0.11	0.068	0.115	0.141	0	0.18	0.342	0.169	0.272	0.134	0.12	0.177	0.099	0.093	0.047	0.214	0.11	0.171	0.158	0.105	0.338	0.074	0.166	0.218	0.178	0.11	0.074	0.131	0.109	0.047	0.062	0.151	0.501	0.382	0.11	0.138	0.047	0.074	0.062	0.158	0.092	0.087	0.224	0	0.171	0.108	0.164	0.062	0.149	0.092	0.166
GO:0045595	0.151	0.096	0.351	0.176	0.111	0.176	0.105	0.085	0.298	0.19	0.046	0.125	0.117	0.068	0.084	0.049	0.068	0.057	0.19	0.054	0.127	0.086	0.222	0.068	0.069	0.094	0.066	0.06	0.183	0.224	0.166	0.332	0.119	0.043	0.194	0.14	0.068	0.139	0.351	0.06	0.308	0.101	0.143	0.143	0.097	0.072	0.112	0.083	0.162	0.068	0.166	0.255	0.255	0.059	0.122	0.164	0.166	0.19	0.102	0.183	0.151	0.086	0.103	0.273	0.178	0.19	0.082	0.208	0.145	0.106	0.201	0.076	0.116	0.072	0.143	0.19	0.553	1	0.111	0.166	0.048	0.255	0.105	0.083	0.081	0.157	0.064	0.173	0	0.11	0.63	0.068	0.109	0.201	0.077	0.143	0.19	0.561	0.134	0.412	0.084	0.201	0.308	0.105	0.072	0.234	0.084	0.166	0.105	0.083	0.108	0.087	0.126	0.24	0.12	0.075	0.459	0.076	0.065	0.177	0.246	0.313	0.236	0.071	0.141	0.11	0.082	0.482	0.331	0.255	0.166	0.083	0.059	0.094	0.105	0	0.139	0.255	0.132	0.214	0.292	0.096	0.141	0.076	0.077	0.043	0.167	0.083	0.136	0.126	0.09	0.279	0.177	0.351	0.166	0.146	0.083	0.187	0.29	0.093	0.126	0.051	0.124	0.384	0.304	0.094	0.115	0.126	0.187	0.048	0.126	0.072	0.075	0.176	0	0.134	0.256	0.129	0.138	0.117	0.079	0.351
GO:0043632	0.045	0.079	0.097	0.139	0.38	0.072	0.086	0.274	0.078	0.147	0.029	0.195	0.075	0.05	0.052	0.033	0.05	0.041	0.147	0.228	0.082	0.272	0.075	0.05	0.053	0.209	0.135	0.183	0.064	0.128	0.121	0.079	0.08	0.024	0.041	0.122	0.044	0.095	0.097	0.201	0.073	0.16	0.098	0.098	0.239	0.257	0.242	0.186	0.051	0.05	0.127	0.21	0.21	0.267	0.276	0.401	0.127	0.147	0.065	0.064	0.266	0.058	0.066	0.067	0.137	0.357	0.56	0.059	0.105	0.071	0.064	0.16	0.075	0.15	0.098	0.099	0.136	0.111	1	0.121	0.148	0.21	0.086	0.064	0.112	0.114	0.148	0.043	0	0.4	0.075	0.05	0.07	0.064	0.15	0.098	0.06	0.053	0.477	0.046	0.054	0.047	0.078	0.21	0.227	0.068	0.06	0.121	0.21	0.064	0.069	0.172	0.091	0.054	0.077	0.515	0.124	0.143	0.198	0.104	0.067	0.075	0.061	0.049	0.102	0.237	0.25	0.131	0.041	0.21	0.127	0.156	0.178	0.247	0.21	0	0.23	0.21	0.09	0.175	0.074	0.283	0.308	0.264	0.179	0.09	0.124	0.064	0.095	0.085	0.306	0.066	0.184	0.097	0.121	0.273	0.064	0.114	0.086	0.062	0.17	0.037	0.09	0.081	0.066	0.212	0.238	0.17	0.114	0.029	0.085	0.215	0.148	0.056	0	0.046	0.129	0.276	0.04	0.075	0.668	0.097
GO:0097435	0.075	0.129	0.154	0.213	0.121	0.112	0.147	0.086	0.116	0.244	0.051	0.145	0.132	0.087	0.232	0.055	0.087	0.066	0.244	0.061	0.453	0.108	0.119	0.087	0.083	0.097	0.062	0.071	0.11	0.083	0.21	0.129	0.132	0.047	0.066	0.21	0.189	0.166	0.154	0.056	0.127	0.106	0.319	0.527	0.102	0.069	0.12	0.151	0.08	0.087	0.451	0.357	0.357	0.071	0.136	0.197	0.2	0.244	0.332	0.11	0.183	0.262	0.336	0.104	0.222	0.244	0.081	0.181	0.407	0.327	0.11	0.074	0.131	0.202	0.527	0.065	0.218	0.166	0.121	1	0.052	0.357	0.147	0.11	0.046	0.193	0.06	0.063	0	0.118	0.119	0.087	0.119	0.11	0.076	0.173	0.101	0.078	0.152	0.068	0.084	0.268	0.274	0.147	0.089	0.326	0.212	0.639	0.147	0.11	0.359	0.088	0.141	0.085	0.418	0.073	0.193	0.097	0.08	0.152	0.101	0.119	0.09	0.116	0.165	0.117	0.081	0.207	0.059	0.357	0.451	0.11	0.164	0.097	0.147	0	0.166	0.357	0.47	0.273	0.119	0.101	0.165	0.097	0.075	0.038	0.207	0.11	0.158	0.437	0.091	0.095	0.063	0.154	0.387	0.169	0.11	0.071	0.121	0.095	0.042	0.057	0.139	0.133	0.102	0.097	0.125	0.042	0.071	0.055	0.437	0.09	0.073	0.09	0	0.076	0.092	0.149	0.058	0.132	0.078	0.154
GO:0002381	0.048	0.402	0.075	0.066	0.148	0.072	0.34	0.126	0.069	0.062	0.716	0.066	0.035	0.102	0.073	0.09	0.102	0.086	0.062	0.278	0.038	0.567	0.074	0.102	0.112	0.119	0.074	0.154	0.065	0.045	0.052	0.036	0.069	0.029	0.086	0.115	0.023	0.042	0.075	0.128	0.056	0.062	0.043	0.043	0.125	0.169	0.127	0.147	0.053	0.052	0.054	0.084	0.084	0.325	0.139	0.189	0.054	0.062	0.031	0.065	0.094	0.027	0.031	0.058	0.058	0.126	0.117	0.047	0.046	0.033	0.065	0.075	0.035	0.113	0.043	0.036	0.057	0.048	0.148	0.052	1	0.084	0.205	0.133	0.095	0.049	0.161	0.045	0	0.161	0.074	0.052	0.033	0.065	0.079	0.043	0.062	0.025	0.202	0.048	0.029	0.022	0.035	0.179	0.627	0.034	0.027	0.052	0.179	0.065	0.032	0.077	0.04	0.113	0.036	0.093	0.053	0.123	0.165	0.067	0.067	0.074	0.031	0.025	0.045	0.107	0.112	0.055	0.043	0.084	0.054	0.133	0.104	0.21	0.179	0	0.08	0.084	0.04	0.072	0.058	0.102	0.135	0.123	0.139	0.046	0.059	0.065	0.046	0.039	0.146	0.03	0.107	0.075	0.052	0.128	0.133	0.1	0.068	0.029	0.143	0.078	0.04	0.037	0.031	0.109	0.129	0.143	0.1	0.034	0.039	0.182	0.067	0.057	0	0.048	0.049	0.124	0.248	0.035	0.098	0.075
GO:0007163	0.126	0.193	0.254	0.321	0.21	0.166	0.224	0.155	0.188	0.388	0.094	0.272	0.246	0.147	0.154	0.097	0.147	0.11	0.388	0.1	0.281	0.159	0.176	0.147	0.13	0.169	0.111	0.119	0.176	0.149	0.357	0.226	0.231	0.098	0.108	0.306	0.112	0.298	0.254	0.098	0.237	0.19	0.311	0.311	0.201	0.116	0.194	0.148	0.123	0.147	0.311	0.543	0.543	0.128	0.231	0.306	0.311	0.388	0.2	0.176	0.306	0.146	0.203	0.178	0.349	0.388	0.142	0.131	0.286	0.195	0.176	0.124	0.243	0.123	0.311	0.118	0.342	0.255	0.21	0.357	0.084	1	0.224	0.176	0.074	0.325	0.104	0.097	0	0.191	0.176	0.147	0.221	0.176	0.13	0.573	0.16	0.132	0.241	0.105	0.152	0.114	0.186	0.224	0.14	0.199	0.134	0.357	0.224	0.176	0.218	0.158	0.231	0.133	0.257	0.129	0.3	0.154	0.134	0.232	0.148	0.176	0.148	0.112	0.273	0.19	0.154	0.323	0.089	0.543	0.311	0.176	0.103	0.186	0.224	0	0.298	0.543	0.274	0.403	0.207	0.203	0.274	0.154	0.151	0.065	0.338	0.176	0.272	0.253	0.156	0.151	0.103	0.254	0.357	0.259	0.176	0.108	0.181	0.163	0.067	0.093	0.227	0.233	0.176	0.161	0.208	0.067	0.108	0.107	0.253	0.141	0.13	0.141	0	0.128	0.167	0.264	0.088	0.246	0.139	0.254
GO:0019882	0.126	0.469	0.105	0.145	0.086	0.166	0.543	0.064	0.077	0.16	0.227	0.112	0.101	0.147	0.314	0.432	0.147	0.11	0.16	0.1	0.116	0.387	0.176	0.147	0.13	0.08	0.051	0.119	0.176	0.061	0.147	0.093	0.095	0.098	0.108	0.306	0.048	0.123	0.105	0.04	0.097	0.082	0.128	0.128	0.085	0.048	0.091	0.061	0.123	0.147	0.128	0.224	0.224	0.128	0.101	0.126	0.128	0.16	0.083	0.176	0.126	0.06	0.084	0.073	0.144	0.16	0.061	0.054	0.118	0.08	0.176	0.051	0.1	0.051	0.128	0.05	0.141	0.105	0.086	0.147	0.205	0.224	1	0.176	0.074	0.134	0.045	0.097	0	0.079	0.176	0.147	0.091	0.176	0.061	0.128	0.16	0.054	0.107	0.105	0.068	0.047	0.077	0.224	0.339	0.086	0.055	0.147	0.224	0.176	0.09	0.065	0.095	0.133	0.106	0.053	0.123	0.154	0.134	0.095	0.148	0.176	0.065	0.049	0.112	0.078	0.063	0.133	0.089	0.224	0.128	0.176	0.043	0.081	0.224	0	0.123	0.224	0.113	0.166	0.085	0.083	0.113	0.154	0.064	0.028	0.15	0.176	0.119	0.104	0.064	0.062	0.045	0.105	0.147	0.107	0.176	0.108	0.075	0.067	0.067	0.093	0.093	0.096	0.072	0.07	0.102	0.067	0.108	0.107	0.104	0.141	0.054	0.141	0	0.128	0.074	0.109	0.213	0.101	0.057	0.105
GO:0009611	0.095	0.373	0.179	0.117	0.064	0.133	0.176	0.208	0.145	0.123	0.164	0.08	0.073	0.491	0.053	0.071	0.267	0.203	0.123	0.076	0.082	0.128	0.141	0.812	0.247	0.061	0.038	0.09	0.135	0.045	0.11	0.069	0.171	0.066	0.368	0.246	0.036	0.089	0.179	0.03	0.162	0.061	0.093	0.093	0.06	0.036	0.072	0.045	0.097	0.11	0.1	0.176	0.176	0.093	0.077	0.099	0.1	0.123	0.06	0.135	0.095	0.045	0.06	0.133	0.112	0.123	0.046	0.095	0.089	0.06	0.135	0.039	0.072	0.037	0.093	0.037	0.11	0.083	0.064	0.11	0.133	0.176	0.176	1	0.057	0.101	0.034	0.077	0	0.061	0.141	0.11	0.065	0.135	0.048	0.093	0.123	0.041	0.084	0.083	0.051	0.036	0.059	0.176	0.109	0.064	0.043	0.11	0.176	0.135	0.065	0.048	0.073	0.252	0.076	0.039	0.097	0.119	0.101	0.399	0.12	0.141	0.05	0.038	0.085	0.06	0.203	0.104	0.071	0.176	0.1	0.135	0.03	0.059	0.176	0	0.089	0.176	0.083	0.133	0.145	0.058	0.085	0.119	0.045	0.022	0.116	0.135	0.09	0.077	0.215	0.048	0.035	0.179	0.11	0.173	0.329	0.085	0.132	0.05	0.052	0.173	0.071	0.071	0.054	0.054	0.081	0.052	0.085	0.075	0.077	0.11	0.039	0.11	0	0.096	0.056	0.08	0.155	0.073	0.042	0.179
GO:0120178	0.042	0.069	0.065	0.06	0.228	0.064	0.074	0.146	0.059	0.054	0.03	0.08	0.031	0.046	0.027	0.033	0.046	0.04	0.054	0.193	0.033	0.163	0.066	0.046	0.049	0.192	0.265	0.336	0.121	0.073	0.046	0.059	0.033	0.026	0.073	0.1	0.021	0.038	0.065	0.174	0.052	0.073	0.038	0.038	0.173	0.191	0.243	0.132	0.048	0.046	0.049	0.074	0.074	0.148	0.308	0.194	0.049	0.054	0.028	0.121	0.103	0.025	0.028	0.051	0.052	0.132	0.127	0.025	0.041	0.03	0.057	0.287	0.031	0.108	0.038	0.066	0.051	0.081	0.112	0.046	0.095	0.074	0.074	0.057	1	0.044	0.078	0.07	0	0.204	0.125	0.046	0.029	0.057	0.244	0.038	0.054	0.042	0.15	0.081	0.027	0.038	0.059	0.179	0.137	0.031	0.026	0.046	0.179	0.057	0.029	0.186	0.036	0.093	0.032	0.138	0.089	0.239	0.24	0.098	0.102	0.125	0.049	0.024	0.04	0.415	0.135	0.093	0.067	0.074	0.049	0.138	0.2	0.175	0.179	0	0.091	0.074	0.036	0.064	0.052	0.116	0.264	0.13	0.131	0.173	0.053	0.057	0.041	0.035	0.161	0.028	0.155	0.065	0.046	0.106	0.057	0.229	0.06	0.027	0.237	0.036	0.036	0.033	0.028	0.199	0.189	0.237	0.229	0.03	0.035	0.188	0.263	0.051	0	0.043	0.089	0.136	0.058	0.031	0.109	0.065
GO:0003341	0.07	0.119	0.145	0.351	0.114	0.105	0.134	0.082	0.111	0.225	0.047	0.134	0.123	0.08	0.08	0.052	0.08	0.062	0.225	0.057	0.137	0.101	0.11	0.08	0.078	0.092	0.059	0.066	0.101	0.079	0.193	0.122	0.124	0.043	0.061	0.189	0.062	0.154	0.145	0.054	0.119	0.101	0.16	0.16	0.096	0.067	0.114	0.078	0.075	0.08	0.187	0.325	0.325	0.066	0.128	0.184	0.187	0.225	0.103	0.101	0.17	0.152	0.104	0.099	0.206	0.225	0.078	0.147	0.295	0.107	0.101	0.071	0.122	0.066	0.16	0.062	0.203	0.157	0.114	0.193	0.049	0.325	0.134	0.101	0.044	1	0.058	0.06	0	0.113	0.11	0.08	0.112	0.101	0.073	0.16	0.093	0.075	0.143	0.065	0.081	0.066	0.11	0.134	0.083	0.105	0.081	0.193	0.134	0.101	0.111	0.083	0.134	0.08	0.128	0.07	0.181	0.09	0.074	0.144	0.095	0.11	0.154	0.066	0.154	0.112	0.077	0.193	0.056	0.325	0.187	0.101	0.052	0.092	0.134	0	0.154	0.598	0.144	0.254	0.113	0.095	0.154	0.09	0.071	0.038	0.191	0.101	0.263	0.134	0.087	0.091	0.062	0.145	0.193	0.159	0.101	0.067	0.116	0.091	0.04	0.054	0.131	0.125	0.098	0.093	0.118	0.04	0.067	0.05	0.134	0.083	0.07	0.083	0	0.071	0.088	0.139	0.055	0.123	0.075	0.145
GO:0006406	0.025	0.043	0.053	0.116	0.148	0.041	0.045	0.115	0.047	0.075	0.017	0.066	0.218	0.027	0.03	0.02	0.027	0.024	0.075	0.23	0.04	0.256	0.042	0.027	0.031	0.109	0.075	0.111	0.034	0.051	0.06	0.043	0.043	0.134	0.024	0.061	0.361	0.048	0.053	0.144	0.038	0.063	0.048	0.048	0.123	0.178	0.12	0.161	0.03	0.162	0.07	0.104	0.104	0.252	0.128	0.174	0.165	0.075	0.035	0.034	0.093	0.035	0.035	0.039	0.172	0.123	0.122	0.039	0.056	0.04	0.034	0.083	0.388	0.135	0.048	0.042	0.072	0.064	0.148	0.06	0.161	0.104	0.045	0.034	0.078	0.058	1	0.112	0	0.162	0.042	0.165	0.108	0.034	0.081	0.048	0.033	0.033	0.189	0.028	0.653	0.031	0.046	0.109	0.217	0.037	0.262	0.06	0.109	0.219	0.036	0.082	0.221	0.031	0.039	0.105	0.069	0.079	0.116	0.061	0.039	0.042	0.057	0.621	0.224	0.111	0.104	0.071	0.026	0.104	0.07	0.083	0.124	0.2	0.109	0	0.078	0.104	0.046	0.221	0.041	0.109	0.131	0.079	0.15	0.055	0.065	0.034	0.075	0.045	0.129	0.042	0.116	0.053	0.06	0.105	0.034	0.069	0.055	0.496	0.125	0.023	0.267	0.043	0.038	0.108	0.117	0.125	0.069	0.205	0.045	0.128	0.075	0.032	0	0.026	0.051	0.117	0.026	0.218	0.109	0.053
GO:0051048	0.058	0.089	0.14	0.142	0.043	0.082	0.097	0.033	0.128	0.073	0.043	0.048	0.085	0.063	0.038	0.046	0.063	0.054	0.073	0.05	0.049	0.08	0.085	0.063	0.065	0.044	0.03	0.056	0.158	0.088	0.063	0.133	0.046	0.177	0.159	0.128	0.148	0.053	0.14	0.024	0.119	0.042	0.055	0.055	0.039	0.028	0.051	0.032	0.062	0.347	0.064	0.097	0.097	0.055	0.051	0.063	0.264	0.073	0.04	0.158	0.058	0.034	0.04	0.114	0.282	0.073	0.034	0.033	0.056	0.041	0.077	0.03	0.205	0.028	0.055	0.08	0.068	0.173	0.043	0.063	0.045	0.097	0.097	0.077	0.07	0.06	0.112	1	0	0.043	0.266	0.127	0.174	0.077	0.036	0.055	0.073	0.092	0.057	0.173	0.168	0.082	0.127	0.097	0.067	0.043	0.114	0.063	0.097	0.158	0.042	0.034	0.208	0.2	0.046	0.029	0.191	0.071	0.06	0.084	0.317	0.266	0.17	0.136	0.109	0.043	0.032	0.2	0.208	0.097	0.064	0.077	0.023	0.039	0.097	0	0.053	0.097	0.051	0.339	0.115	0.037	0.054	0.071	0.031	0.018	0.07	0.077	0.103	0.048	0.035	0.036	0.077	0.14	0.063	0.057	0.077	0.155	0.12	0.171	0.104	0.048	0.235	0.046	0.038	0.04	0.055	0.159	0.238	0.212	0.048	0.068	0.03	0.068	0	0.059	0.111	0.05	0.113	0.085	0.031	0.14
GO:0170036	0	0	0	0	0	0	0	0	0	0	0	0	0	0	0	0	0	0	0	0	0	0	0	0	0	0	0	0	0	0	0	0	0	0	0	0	0	0	0	0	0	0	0	0	0	0	0	0	0	0	0	0	0	0	0	0	0	0	0	0	0	0	0	0	0	0	0	0	0	0	0	0	0	0	0	0	0	0	0	0	0	0	0	0	0	0	0	0	1	0	0	0	0	0	0	0	0	0	0	0	0	0	0	0	0	0	0	0	0	0	0	0	0	0	0	0	0	0	0	0	0	0	0	0	0	0	0	0	0	0	0	0	0	0	0	0	0	0	0	0	0	0	0	0	0	0	0	0	0	0	0	0	0	0	0	0	0	0	0	0	0	0	0	0	0	0	0	0	0	0	0	0	0	0	0	0	0	0	0	0	0	0
GO:0006259	0.045	0.073	0.098	0.134	0.4	0.067	0.079	0.731	0.081	0.14	0.031	0.204	0.08	0.049	0.058	0.035	0.049	0.042	0.14	0.347	0.086	0.269	0.07	0.049	0.052	0.481	0.356	0.181	0.061	0.142	0.118	0.083	0.084	0.027	0.041	0.107	0.049	0.096	0.098	0.442	0.078	0.172	0.099	0.099	0.666	0.375	0.673	0.494	0.05	0.049	0.124	0.191	0.191	0.265	0.282	0.389	0.124	0.14	0.071	0.061	0.43	0.063	0.071	0.072	0.132	0.34	0.375	0.063	0.105	0.076	0.061	0.395	0.079	0.406	0.099	0.114	0.131	0.11	0.4	0.118	0.161	0.191	0.079	0.061	0.204	0.113	0.162	0.043	0	1	0.07	0.049	0.075	0.061	0.33	0.099	0.058	0.058	0.484	0.045	0.059	0.052	0.081	0.191	0.231	0.073	0.064	0.118	0.191	0.061	0.074	0.271	0.093	0.052	0.082	0.589	0.122	0.137	0.273	0.104	0.063	0.07	0.066	0.054	0.102	0.295	0.683	0.127	0.041	0.191	0.124	0.147	0.445	0.646	0.191	0	0.234	0.191	0.092	0.164	0.078	0.387	0.369	0.137	0.498	0.246	0.121	0.061	0.096	0.088	0.795	0.07	0.495	0.098	0.118	0.27	0.061	0.112	0.088	0.067	0.179	0.038	0.092	0.084	0.071	0.544	0.442	0.179	0.112	0.032	0.088	0.208	0.364	0.054	0	0.045	0.145	0.282	0.041	0.08	0.348	0.098
GO:0050793	0.254	0.156	0.285	0.123	0.075	0.285	0.176	0.057	0.236	0.13	0.079	0.092	0.085	0.119	0.062	0.082	0.119	0.093	0.13	0.086	0.094	0.133	0.352	0.119	0.11	0.071	0.047	0.099	0.307	0.18	0.119	0.273	0.081	0.08	0.316	0.234	0.044	0.1	0.285	0.037	0.269	0.071	0.104	0.104	0.072	0.044	0.081	0.054	0.255	0.119	0.108	0.176	0.176	0.104	0.087	0.107	0.108	0.13	0.071	0.307	0.105	0.054	0.072	0.222	0.119	0.13	0.055	0.105	0.099	0.07	0.342	0.047	0.084	0.046	0.104	0.155	0.285	0.63	0.075	0.119	0.074	0.176	0.176	0.141	0.125	0.11	0.042	0.266	0	0.07	1	0.119	0.077	0.342	0.056	0.104	0.316	0.341	0.093	0.63	0.06	0.149	0.234	0.176	0.116	0.18	0.05	0.119	0.176	0.141	0.076	0.058	0.082	0.384	0.088	0.048	0.36	0.126	0.11	0.15	0.385	0.497	0.187	0.045	0.095	0.069	0.056	0.384	0.501	0.176	0.108	0.141	0.039	0.07	0.176	0	0.1	0.176	0.094	0.138	0.239	0.071	0.095	0.126	0.056	0.027	0.123	0.141	0.1	0.088	0.057	0.137	0.134	0.285	0.119	0.092	0.141	0.294	0.211	0.06	0.192	0.081	0.081	0.199	0.155	0.063	0.089	0.192	0.294	0.088	0.088	0.117	0.048	0.285	0	0.231	0.22	0.091	0.216	0.085	0.052	0.285
GO:1902414	0.075	0.129	0.063	0.213	0.05	0.112	0.147	0.035	0.048	0.101	0.051	0.06	0.401	0.087	0.041	0.055	0.087	0.066	0.101	0.061	0.061	0.108	0.119	0.087	0.083	0.049	0.03	0.071	0.11	0.034	0.087	0.053	0.055	0.113	0.066	0.21	0.182	0.069	0.063	0.023	0.052	0.047	0.071	0.071	0.044	0.028	0.06	0.034	0.08	0.21	0.082	0.147	0.147	0.071	0.061	0.081	0.165	0.101	0.045	0.11	0.075	0.035	0.046	0.043	0.183	0.101	0.036	0.034	0.071	0.046	0.11	0.03	0.131	0.028	0.071	0.028	0.09	0.068	0.05	0.087	0.052	0.147	0.147	0.11	0.046	0.08	0.165	0.127	0	0.049	0.119	1	0.108	0.11	0.039	0.071	0.101	0.032	0.07	0.068	0.167	0.028	0.048	0.147	0.089	0.049	0.212	0.087	0.147	0.491	0.049	0.036	0.129	0.085	0.057	0.03	0.08	0.097	0.08	0.063	0.101	0.119	0.09	0.206	0.501	0.048	0.034	0.085	0.059	0.147	0.082	0.11	0.022	0.044	0.147	0	0.069	0.147	0.064	0.218	0.049	0.042	0.068	0.097	0.033	0.017	0.095	0.11	0.158	0.059	0.038	0.039	0.029	0.063	0.087	0.069	0.11	0.071	0.05	0.266	0.042	0.057	0.139	0.055	0.042	0.044	0.067	0.042	0.071	0.132	0.059	0.09	0.03	0.09	0	0.076	0.043	0.061	0.058	0.401	0.032	0.063
GO:1902600	0.044	0.082	0.093	0.203	0.07	0.074	0.091	0.048	0.074	0.149	0.027	0.074	0.099	0.049	0.046	0.031	0.049	0.04	0.149	0.037	0.076	0.072	0.077	0.049	0.053	0.056	0.035	0.042	0.065	0.047	0.119	0.074	0.075	0.154	0.04	0.132	0.149	0.09	0.093	0.033	0.067	0.06	0.093	0.093	0.05	0.043	0.076	0.046	0.051	0.311	0.127	0.221	0.221	0.038	0.08	0.125	0.397	0.149	0.059	0.065	0.107	0.052	0.06	0.062	0.316	0.149	0.048	0.055	0.102	0.066	0.065	0.046	0.181	0.04	0.093	0.036	0.136	0.109	0.07	0.119	0.033	0.221	0.091	0.065	0.029	0.112	0.108	0.174	0	0.075	0.077	0.108	1	0.065	0.045	0.093	0.061	0.048	0.096	0.045	0.17	0.043	0.074	0.091	0.056	0.062	0.122	0.119	0.091	0.147	0.063	0.049	0.207	0.054	0.071	0.042	0.124	0.06	0.046	0.101	0.068	0.077	0.08	0.137	0.147	0.074	0.043	0.131	0.039	0.221	0.127	0.065	0.028	0.05	0.091	0	0.09	0.221	0.085	0.411	0.069	0.048	0.099	0.06	0.035	0.024	0.124	0.065	0.129	0.08	0.055	0.062	0.041	0.093	0.119	0.11	0.065	0.046	0.083	0.185	0.027	0.035	0.238	0.076	0.061	0.06	0.076	0.027	0.046	0.219	0.08	0.056	0.042	0.056	0	0.045	0.051	0.083	0.039	0.099	0.044	0.093
GO:0061061	0.425	0.154	0.08	0.117	0.064	0.457	0.176	0.047	0.06	0.123	0.067	0.08	0.073	0.11	0.053	0.071	0.11	0.083	0.123	0.076	0.082	0.128	0.543	0.11	0.102	0.061	0.038	0.09	0.135	0.045	0.11	0.069	0.071	0.066	0.082	0.246	0.036	0.089	0.08	0.03	0.07	0.061	0.093	0.093	0.06	0.036	0.072	0.045	0.403	0.11	0.1	0.176	0.176	0.093	0.077	0.099	0.1	0.123	0.06	0.135	0.095	0.045	0.06	0.055	0.112	0.123	0.046	0.148	0.089	0.06	0.605	0.039	0.072	0.037	0.093	0.037	0.266	0.201	0.064	0.11	0.065	0.176	0.176	0.135	0.057	0.101	0.034	0.077	0	0.061	0.342	0.11	0.065	1	0.048	0.093	0.514	0.183	0.084	0.345	0.051	0.036	0.059	0.176	0.109	0.272	0.043	0.11	0.176	0.135	0.065	0.048	0.073	0.104	0.076	0.039	0.097	0.119	0.101	0.076	0.12	0.141	0.05	0.038	0.085	0.06	0.045	0.104	0.172	0.176	0.1	0.135	0.03	0.059	0.176	0	0.089	0.176	0.083	0.133	0.063	0.058	0.085	0.119	0.045	0.022	0.116	0.135	0.09	0.077	0.048	0.203	0.035	0.08	0.11	0.084	0.135	0.085	0.06	0.05	0.052	0.071	0.071	0.303	0.242	0.054	0.081	0.052	0.085	0.075	0.077	0.11	0.039	0.457	0	0.36	0.056	0.08	0.07	0.073	0.042	0.08
GO:0006783	0.036	0.058	0.065	0.094	0.271	0.054	0.061	0.224	0.056	0.094	0.026	0.121	0.048	0.039	0.036	0.029	0.039	0.034	0.094	0.197	0.051	0.134	0.056	0.039	0.042	0.259	0.386	0.251	0.048	0.09	0.076	0.053	0.053	0.022	0.034	0.083	0.033	0.06	0.065	0.306	0.047	0.108	0.061	0.061	0.248	0.338	0.374	0.193	0.041	0.039	0.085	0.13	0.13	0.119	0.292	0.267	0.085	0.094	0.043	0.048	0.292	0.042	0.044	0.047	0.09	0.228	0.169	0.045	0.069	0.049	0.048	0.675	0.047	0.159	0.061	0.071	0.089	0.077	0.15	0.076	0.079	0.13	0.061	0.048	0.244	0.073	0.081	0.036	0	0.33	0.056	0.039	0.045	0.048	1	0.061	0.046	0.039	0.199	0.038	0.037	0.036	0.055	0.149	0.112	0.046	0.045	0.076	0.149	0.048	0.045	0.403	0.062	0.042	0.049	0.22	0.084	0.177	0.141	0.073	0.052	0.056	0.045	0.037	0.067	0.304	0.201	0.087	0.035	0.13	0.085	0.116	0.311	0.246	0.275	0	0.145	0.13	0.057	0.115	0.05	0.147	0.2	0.11	0.182	0.34	0.08	0.048	0.062	0.055	0.255	0.049	0.228	0.065	0.076	0.189	0.048	0.15	0.064	0.044	0.166	0.031	0.061	0.053	0.046	0.304	0.649	0.166	0.15	0.025	0.055	0.155	0.847	0.043	0	0.036	0.088	0.175	0.034	0.048	0.15	0.065
GO:0045197	0.062	0.113	0.128	0.185	0.098	0.099	0.128	0.067	0.097	0.208	0.039	0.112	0.103	0.071	0.065	0.044	0.071	0.055	0.208	0.051	0.116	0.095	0.104	0.071	0.071	0.077	0.048	0.059	0.093	0.065	0.173	0.104	0.107	0.034	0.055	0.187	0.052	0.133	0.128	0.044	0.099	0.085	0.139	0.139	0.077	0.056	0.1	0.065	0.068	0.071	0.171	0.311	0.311	0.057	0.111	0.169	0.171	0.208	0.085	0.093	0.151	0.07	0.086	0.084	0.19	0.208	0.065	0.069	0.143	0.091	0.093	0.06	0.102	0.054	0.139	0.05	0.186	0.143	0.098	0.173	0.043	0.573	0.128	0.093	0.038	0.16	0.048	0.055	0	0.099	0.104	0.071	0.093	0.093	0.061	1	0.086	0.063	0.128	0.059	0.066	0.055	0.097	0.128	0.076	0.088	0.071	0.173	0.128	0.093	0.092	0.069	0.118	0.073	0.107	0.057	0.166	0.083	0.066	0.131	0.089	0.104	0.074	0.057	0.137	0.098	0.062	0.177	0.051	0.311	0.171	0.093	0.04	0.074	0.128	0	0.133	0.311	0.124	0.24	0.096	0.075	0.137	0.083	0.055	0.031	0.173	0.093	0.129	0.115	0.074	0.079	0.052	0.128	0.173	0.145	0.093	0.061	0.104	0.077	0.035	0.048	0.116	0.107	0.083	0.08	0.103	0.035	0.061	0.041	0.115	0.077	0.057	0.077	0	0.063	0.072	0.12	0.05	0.103	0.061	0.128
GO:0000902	0.361	0.141	0.075	0.11	0.06	0.392	0.16	0.044	0.057	0.113	0.063	0.074	0.067	0.101	0.05	0.067	0.101	0.078	0.113	0.071	0.076	0.119	0.688	0.101	0.095	0.058	0.037	0.083	0.123	0.043	0.101	0.065	0.066	0.061	0.077	0.221	0.035	0.082	0.075	0.029	0.065	0.058	0.086	0.086	0.056	0.035	0.069	0.043	0.534	0.101	0.094	0.16	0.16	0.086	0.072	0.092	0.094	0.113	0.056	0.123	0.088	0.043	0.057	0.052	0.103	0.113	0.044	0.275	0.083	0.057	0.514	0.037	0.067	0.036	0.086	0.036	0.247	0.19	0.06	0.101	0.062	0.16	0.16	0.123	0.054	0.093	0.033	0.073	0	0.058	0.316	0.101	0.061	0.514	0.046	0.086	1	0.16	0.08	0.302	0.048	0.034	0.056	0.16	0.101	0.529	0.041	0.101	0.16	0.123	0.06	0.045	0.069	0.097	0.07	0.038	0.091	0.11	0.093	0.072	0.112	0.13	0.048	0.037	0.08	0.057	0.043	0.097	0.163	0.16	0.094	0.123	0.029	0.055	0.16	0	0.082	0.16	0.077	0.123	0.06	0.054	0.08	0.11	0.043	0.021	0.107	0.123	0.084	0.071	0.046	0.179	0.034	0.075	0.101	0.079	0.123	0.081	0.057	0.048	0.049	0.067	0.067	0.256	0.464	0.052	0.076	0.049	0.081	0.069	0.071	0.102	0.038	0.6	0	0.301	0.053	0.074	0.067	0.067	0.04	0.075
GO:0050767	0.316	0.051	0.169	0.096	0.053	0.297	0.054	0.04	0.155	0.096	0.02	0.053	0.05	0.032	0.038	0.023	0.032	0.028	0.096	0.027	0.053	0.047	0.182	0.032	0.036	0.045	0.032	0.029	0.094	0.103	0.078	0.156	0.056	0.016	0.097	0.075	0.035	0.062	0.169	0.03	0.13	0.047	0.063	0.063	0.04	0.038	0.059	0.039	0.241	0.032	0.087	0.132	0.132	0.026	0.059	0.086	0.087	0.096	0.046	0.094	0.073	0.044	0.046	0.133	0.092	0.096	0.04	0.332	0.071	0.051	0.183	0.04	0.05	0.035	0.063	0.089	0.308	0.561	0.053	0.078	0.025	0.132	0.054	0.041	0.042	0.075	0.033	0.092	0	0.058	0.341	0.032	0.048	0.183	0.039	0.063	0.16	1	0.07	0.552	0.04	0.107	0.163	0.054	0.037	0.155	0.047	0.078	0.054	0.041	0.048	0.041	0.064	0.125	0.051	0.036	0.243	0.039	0.031	0.131	0.132	0.169	0.12	0.039	0.07	0.058	0.036	0.252	0.179	0.132	0.087	0.041	0.027	0.04	0.054	0	0.062	0.132	0.06	0.117	0.135	0.038	0.07	0.039	0.031	0.024	0.082	0.099	0.064	0.058	0.045	0.276	0.096	0.169	0.078	0.08	0.041	0.097	0.162	0.046	0.065	0.026	0.064	0.637	0.493	0.049	0.058	0.065	0.097	0.019	0.058	0.037	0.036	0.152	0	0.198	0.119	0.059	0.07	0.05	0.038	0.169
GO:0043414	0.063	0.098	0.122	0.164	0.477	0.089	0.107	0.358	0.099	0.176	0.047	0.267	0.103	0.07	0.073	0.05	0.07	0.058	0.176	0.287	0.112	0.338	0.093	0.07	0.07	0.268	0.181	0.235	0.084	0.177	0.152	0.104	0.106	0.043	0.057	0.143	0.06	0.125	0.122	0.261	0.101	0.217	0.128	0.128	0.326	0.321	0.3	0.253	0.068	0.07	0.153	0.241	0.241	0.34	0.345	0.472	0.153	0.176	0.09	0.084	0.335	0.076	0.091	0.088	0.165	0.428	0.35	0.075	0.132	0.094	0.084	0.206	0.103	0.208	0.128	0.142	0.163	0.134	0.477	0.152	0.202	0.241	0.107	0.084	0.15	0.143	0.189	0.057	0	0.484	0.093	0.07	0.096	0.084	0.199	0.128	0.08	0.07	1	0.06	0.074	0.063	0.098	0.478	0.294	0.092	0.076	0.152	0.26	0.084	0.095	0.231	0.115	0.071	0.106	0.314	0.15	0.189	0.254	0.125	0.083	0.093	0.08	0.064	0.128	0.295	0.338	0.157	0.054	0.241	0.153	0.205	0.246	0.328	0.26	0	0.303	0.241	0.118	0.201	0.098	0.479	0.381	0.189	0.254	0.118	0.153	0.084	0.122	0.112	0.385	0.084	0.23	0.122	0.152	0.329	0.084	0.15	0.104	0.083	0.215	0.052	0.113	0.107	0.088	0.266	0.301	0.215	0.15	0.049	0.112	0.268	0.199	0.074	0	0.064	0.183	0.353	0.053	0.103	0.332	0.122
GO:2000026	0.473	0.096	0.173	0.081	0.046	0.553	0.105	0.035	0.154	0.078	0.046	0.051	0.048	0.068	0.04	0.049	0.068	0.057	0.078	0.054	0.052	0.086	0.329	0.068	0.069	0.046	0.031	0.06	0.183	0.111	0.068	0.165	0.049	0.043	0.194	0.14	0.03	0.057	0.173	0.025	0.152	0.044	0.059	0.059	0.041	0.029	0.054	0.034	0.453	0.068	0.068	0.105	0.105	0.059	0.054	0.067	0.068	0.078	0.042	0.183	0.062	0.035	0.043	0.14	0.073	0.078	0.036	0.182	0.06	0.043	0.345	0.031	0.048	0.03	0.059	0.099	0.176	0.412	0.046	0.068	0.048	0.105	0.105	0.083	0.081	0.065	0.028	0.173	0	0.045	0.63	0.068	0.045	0.345	0.038	0.059	0.302	0.552	0.06	1	0.039	0.1	0.153	0.105	0.072	0.175	0.035	0.068	0.105	0.083	0.045	0.036	0.052	0.24	0.05	0.031	0.228	0.076	0.065	0.165	0.246	0.313	0.123	0.032	0.058	0.045	0.034	0.24	0.331	0.105	0.068	0.083	0.024	0.042	0.105	0	0.057	0.105	0.054	0.088	0.144	0.04	0.058	0.076	0.033	0.019	0.075	0.201	0.06	0.052	0.037	0.195	0.092	0.173	0.068	0.06	0.083	0.187	0.143	0.038	0.126	0.051	0.051	0.343	0.269	0.042	0.058	0.126	0.187	0.048	0.052	0.072	0.031	0.279	0	0.415	0.137	0.053	0.138	0.048	0.033	0.173
GO:0006405	0.037	0.063	0.071	0.165	0.054	0.059	0.068	0.038	0.059	0.106	0.024	0.053	0.165	0.04	0.037	0.028	0.04	0.034	0.106	0.032	0.054	0.057	0.06	0.04	0.044	0.044	0.029	0.036	0.051	0.038	0.084	0.056	0.057	0.232	0.034	0.094	0.29	0.065	0.071	0.028	0.049	0.046	0.066	0.066	0.037	0.036	0.06	0.037	0.042	0.262	0.095	0.152	0.152	0.032	0.061	0.094	0.249	0.106	0.045	0.051	0.078	0.043	0.045	0.049	0.265	0.106	0.039	0.046	0.075	0.051	0.051	0.038	0.616	0.033	0.066	0.03	0.1	0.084	0.054	0.084	0.029	0.152	0.068	0.051	0.027	0.081	0.653	0.168	0	0.059	0.06	0.167	0.17	0.051	0.037	0.066	0.048	0.04	0.074	0.039	1	0.036	0.059	0.068	0.045	0.048	0.231	0.084	0.068	0.351	0.047	0.039	0.323	0.044	0.052	0.034	0.093	0.048	0.038	0.08	0.055	0.06	0.075	0.586	0.24	0.059	0.034	0.097	0.035	0.152	0.095	0.051	0.023	0.038	0.068	0	0.065	0.152	0.062	0.334	0.053	0.036	0.074	0.048	0.028	0.022	0.089	0.051	0.109	0.06	0.044	0.051	0.036	0.071	0.084	0.085	0.051	0.039	0.068	0.393	0.025	0.031	0.384	0.057	0.048	0.049	0.059	0.025	0.039	0.336	0.06	0.045	0.034	0.045	0	0.037	0.04	0.061	0.035	0.165	0.036	0.071
GO:0051492	0.027	0.045	0.15	0.085	0.047	0.042	0.047	0.036	0.14	0.084	0.018	0.046	0.044	0.028	0.133	0.02	0.028	0.025	0.084	0.024	0.163	0.042	0.043	0.028	0.032	0.041	0.029	0.026	0.082	0.093	0.068	0.139	0.049	0.014	0.086	0.064	0.106	0.055	0.15	0.028	0.114	0.042	0.152	0.203	0.035	0.035	0.053	0.095	0.031	0.028	0.384	0.114	0.203	0.023	0.053	0.077	0.077	0.084	0.217	0.082	0.064	0.248	0.233	0.119	0.081	0.084	0.037	0.072	0.197	0.197	0.036	0.036	0.044	0.135	0.145	0.081	0.08	0.201	0.047	0.268	0.022	0.114	0.047	0.036	0.038	0.066	0.031	0.082	0	0.052	0.149	0.028	0.043	0.036	0.036	0.055	0.034	0.107	0.063	0.1	0.036	1	0.607	0.047	0.033	0.105	0.112	0.183	0.047	0.036	0.2	0.037	0.057	0.11	0.115	0.033	0.216	0.034	0.027	0.086	0.117	0.149	0.11	0.084	0.062	0.052	0.033	0.366	0.079	0.114	0.242	0.036	0.102	0.036	0.047	0	0.055	0.114	0.138	0.103	0.121	0.034	0.062	0.034	0.028	0.023	0.072	0.036	0.056	0.188	0.041	0.046	0.089	0.15	0.19	0.071	0.036	0.087	0.148	0.042	0.06	0.023	0.057	0.05	0.044	0.044	0.052	0.06	0.087	0.017	0.252	0.033	0.033	0.033	0	0.027	0.107	0.052	0.063	0.044	0.034	0.15
GO:0032956	0.044	0.072	0.247	0.131	0.078	0.066	0.077	0.059	0.217	0.137	0.031	0.082	0.078	0.048	0.105	0.034	0.048	0.041	0.137	0.039	0.259	0.065	0.068	0.048	0.051	0.066	0.046	0.043	0.133	0.154	0.116	0.231	0.082	0.027	0.139	0.104	0.146	0.094	0.247	0.043	0.203	0.07	0.146	0.319	0.063	0.052	0.082	0.084	0.049	0.048	0.63	0.186	0.343	0.04	0.086	0.121	0.122	0.137	0.216	0.133	0.107	0.233	0.217	0.193	0.13	0.137	0.058	0.095	0.322	0.156	0.059	0.055	0.078	0.103	0.218	0.132	0.128	0.308	0.078	0.274	0.035	0.186	0.077	0.059	0.059	0.11	0.046	0.127	0	0.081	0.234	0.048	0.074	0.059	0.055	0.097	0.056	0.163	0.098	0.153	0.059	0.607	1	0.077	0.053	0.149	0.155	0.274	0.077	0.059	0.156	0.06	0.091	0.176	0.171	0.053	0.339	0.055	0.045	0.132	0.183	0.234	0.17	0.073	0.1	0.081	0.055	0.607	0.121	0.186	0.381	0.059	0.079	0.062	0.077	0	0.094	0.186	0.204	0.161	0.201	0.062	0.1	0.055	0.05	0.032	0.119	0.059	0.094	0.286	0.064	0.069	0.131	0.247	0.181	0.109	0.059	0.136	0.219	0.066	0.092	0.037	0.09	0.083	0.07	0.069	0.082	0.092	0.136	0.031	0.195	0.053	0.053	0.053	0	0.044	0.177	0.089	0.099	0.078	0.055	0.247
GO:0032259	0.126	0.193	0.105	0.145	0.21	0.166	0.224	0.155	0.077	0.16	0.094	0.272	0.101	0.147	0.07	0.097	0.147	0.11	0.16	0.242	0.116	0.312	0.176	0.147	0.13	0.194	0.123	0.288	0.176	0.149	0.147	0.093	0.095	0.098	0.108	0.306	0.048	0.123	0.105	0.098	0.097	0.199	0.128	0.128	0.207	0.116	0.221	0.143	0.123	0.147	0.128	0.224	0.224	0.311	0.245	0.306	0.128	0.16	0.083	0.176	0.306	0.06	0.084	0.073	0.144	0.388	0.149	0.054	0.118	0.08	0.176	0.124	0.1	0.116	0.128	0.118	0.141	0.105	0.21	0.147	0.179	0.224	0.224	0.176	0.179	0.134	0.109	0.097	0	0.191	0.176	0.147	0.091	0.176	0.149	0.128	0.16	0.054	0.478	0.105	0.068	0.047	0.077	1	0.285	0.086	0.055	0.147	0.543	0.176	0.09	0.158	0.095	0.133	0.106	0.129	0.123	0.373	0.325	0.095	0.148	0.176	0.065	0.049	0.112	0.19	0.154	0.133	0.089	0.224	0.128	0.428	0.103	0.197	0.543	0	0.298	0.224	0.113	0.166	0.085	0.203	0.274	0.373	0.156	0.068	0.15	0.176	0.119	0.104	0.156	0.062	0.11	0.105	0.147	0.259	0.176	0.263	0.075	0.067	0.162	0.093	0.093	0.096	0.072	0.171	0.248	0.162	0.263	0.107	0.104	0.342	0.13	0.141	0	0.128	0.167	0.264	0.088	0.101	0.139	0.105
GO:0002377	0.079	0.304	0.068	0.1	0.227	0.111	0.339	0.161	0.053	0.101	0.139	0.114	0.061	0.089	0.113	0.148	0.089	0.071	0.101	0.415	0.067	0.871	0.116	0.089	0.086	0.17	0.103	0.236	0.109	0.069	0.089	0.059	0.06	0.055	0.07	0.191	0.033	0.073	0.068	0.177	0.059	0.095	0.076	0.076	0.205	0.229	0.18	0.222	0.082	0.089	0.085	0.14	0.14	0.525	0.207	0.279	0.085	0.101	0.051	0.109	0.148	0.041	0.052	0.048	0.093	0.198	0.169	0.039	0.075	0.052	0.109	0.104	0.06	0.17	0.076	0.055	0.092	0.072	0.227	0.089	0.627	0.14	0.339	0.109	0.137	0.083	0.217	0.067	0	0.231	0.116	0.089	0.056	0.109	0.112	0.076	0.101	0.037	0.294	0.072	0.045	0.033	0.053	0.285	1	0.055	0.039	0.089	0.285	0.109	0.055	0.117	0.063	0.087	0.063	0.138	0.082	0.192	0.259	0.066	0.102	0.116	0.045	0.035	0.072	0.153	0.149	0.087	0.063	0.14	0.085	0.213	0.156	0.325	0.285	0	0.132	0.14	0.069	0.111	0.055	0.176	0.208	0.192	0.223	0.06	0.096	0.109	0.076	0.065	0.176	0.044	0.141	0.068	0.089	0.143	0.109	0.145	0.054	0.045	0.2	0.062	0.062	0.061	0.048	0.153	0.187	0.2	0.145	0.062	0.065	0.277	0.099	0.092	0	0.08	0.076	0.197	0.151	0.061	0.147	0.068
GO:0120039	0.189	0.078	0.089	0.131	0.068	0.214	0.086	0.048	0.072	0.137	0.029	0.071	0.067	0.049	0.115	0.033	0.049	0.041	0.137	0.038	0.209	0.07	0.38	0.049	0.053	0.056	0.036	0.043	0.064	0.047	0.111	0.072	0.073	0.024	0.041	0.121	0.108	0.086	0.089	0.034	0.065	0.059	0.157	0.256	0.05	0.044	0.074	0.083	0.3	0.049	0.238	0.199	0.199	0.04	0.078	0.118	0.119	0.137	0.168	0.064	0.101	0.203	0.169	0.061	0.128	0.137	0.048	0.485	0.201	0.175	0.272	0.046	0.066	0.11	0.256	0.037	0.308	0.234	0.068	0.326	0.034	0.199	0.086	0.064	0.031	0.105	0.037	0.043	0	0.073	0.18	0.049	0.062	0.272	0.046	0.088	0.529	0.155	0.092	0.175	0.048	0.105	0.149	0.086	0.055	1	0.126	0.326	0.086	0.064	0.177	0.049	0.084	0.053	0.198	0.042	0.116	0.059	0.047	0.097	0.066	0.074	0.056	0.071	0.094	0.073	0.043	0.122	0.098	0.199	0.238	0.064	0.083	0.05	0.086	0	0.086	0.199	0.236	0.166	0.067	0.048	0.094	0.059	0.037	0.025	0.115	0.064	0.087	0.326	0.055	0.177	0.042	0.089	0.199	0.105	0.064	0.046	0.081	0.057	0.029	0.037	0.083	0.225	0.327	0.06	0.074	0.029	0.046	0.029	0.224	0.055	0.042	0.327	0	0.144	0.051	0.079	0.04	0.067	0.045	0.089
GO:0090151	0.033	0.052	0.073	0.153	0.06	0.049	0.055	0.047	0.064	0.1	0.023	0.061	0.485	0.035	0.093	0.026	0.035	0.031	0.1	0.03	0.203	0.049	0.05	0.035	0.038	0.052	0.038	0.032	0.043	0.046	0.084	0.062	0.063	0.088	0.031	0.074	0.631	0.07	0.073	0.036	0.057	0.054	0.112	0.352	0.048	0.044	0.065	0.071	0.037	0.155	0.222	0.134	0.134	0.029	0.066	0.091	0.184	0.1	0.25	0.043	0.079	0.156	0.177	0.056	0.193	0.1	0.047	0.087	0.188	0.132	0.043	0.046	0.248	0.092	0.172	0.039	0.096	0.084	0.06	0.212	0.027	0.134	0.055	0.043	0.026	0.081	0.262	0.114	0	0.064	0.05	0.212	0.122	0.043	0.045	0.071	0.041	0.047	0.076	0.035	0.231	0.112	0.155	0.055	0.039	0.126	1	0.212	0.055	0.173	0.13	0.048	0.263	0.038	0.206	0.043	0.091	0.041	0.033	0.08	0.047	0.05	0.082	0.326	0.299	0.064	0.044	0.093	0.032	0.134	0.222	0.043	0.073	0.048	0.055	0	0.07	0.134	0.164	0.232	0.06	0.047	0.076	0.041	0.039	0.028	0.088	0.043	0.11	0.227	0.052	0.057	0.042	0.073	0.137	0.085	0.043	0.035	0.071	0.406	0.024	0.029	0.291	0.063	0.055	0.055	0.064	0.024	0.035	0.101	0.158	0.039	0.043	0.039	0	0.033	0.049	0.066	0.032	0.385	0.045	0.073
GO:0034330	0.075	0.129	0.154	0.213	0.121	0.112	0.147	0.086	0.116	0.244	0.051	0.145	0.132	0.087	0.232	0.055	0.087	0.066	0.244	0.061	0.453	0.108	0.119	0.087	0.083	0.097	0.062	0.071	0.11	0.083	0.21	0.129	0.132	0.047	0.066	0.21	0.189	0.166	0.154	0.056	0.127	0.106	0.319	0.527	0.102	0.069	0.12	0.151	0.08	0.087	0.451	0.357	0.357	0.071	0.136	0.197	0.2	0.244	0.332	0.11	0.183	0.262	0.336	0.104	0.222	0.244	0.081	0.181	0.407	0.327	0.11	0.074	0.131	0.202	0.527	0.065	0.218	0.166	0.121	0.639	0.052	0.357	0.147	0.11	0.046	0.193	0.06	0.063	0	0.118	0.119	0.087	0.119	0.11	0.076	0.173	0.101	0.078	0.152	0.068	0.084	0.183	0.274	0.147	0.089	0.326	0.212	1	0.147	0.11	0.561	0.088	0.141	0.085	0.418	0.073	0.193	0.097	0.08	0.152	0.101	0.119	0.09	0.116	0.165	0.117	0.081	0.207	0.059	0.357	0.451	0.11	0.164	0.097	0.147	0	0.166	0.357	0.47	0.273	0.119	0.101	0.165	0.097	0.075	0.038	0.207	0.11	0.158	0.437	0.091	0.095	0.063	0.154	0.387	0.169	0.11	0.071	0.121	0.095	0.042	0.057	0.139	0.133	0.102	0.097	0.125	0.042	0.071	0.055	0.683	0.09	0.073	0.09	0	0.076	0.092	0.149	0.058	0.132	0.078	0.154
GO:0046034	0.126	0.193	0.105	0.145	0.21	0.166	0.224	0.155	0.077	0.16	0.094	0.272	0.101	0.147	0.07	0.097	0.147	0.11	0.16	0.242	0.116	0.312	0.176	0.147	0.13	0.194	0.123	0.288	0.176	0.149	0.147	0.093	0.095	0.098	0.108	0.306	0.048	0.123	0.105	0.098	0.097	0.365	0.128	0.128	0.207	0.116	0.221	0.143	0.123	0.147	0.128	0.224	0.224	0.311	0.245	0.306	0.128	0.16	0.083	0.176	0.306	0.06	0.084	0.073	0.144	0.388	0.149	0.054	0.118	0.08	0.176	0.124	0.1	0.116	0.128	0.118	0.141	0.105	0.21	0.147	0.179	0.224	0.224	0.176	0.179	0.134	0.109	0.097	0	0.191	0.176	0.147	0.091	0.176	0.149	0.128	0.16	0.054	0.26	0.105	0.068	0.047	0.077	0.543	0.285	0.086	0.055	0.147	1	0.176	0.09	0.158	0.095	0.133	0.106	0.129	0.123	0.373	0.325	0.095	0.148	0.176	0.065	0.049	0.112	0.19	0.154	0.133	0.089	0.224	0.128	0.428	0.103	0.197	0.543	0	0.298	0.224	0.113	0.166	0.085	0.203	0.274	0.373	0.156	0.068	0.15	0.176	0.119	0.104	0.156	0.062	0.11	0.105	0.147	0.259	0.176	0.263	0.075	0.067	0.162	0.093	0.093	0.096	0.072	0.171	0.248	0.162	0.263	0.107	0.104	0.342	0.13	0.141	0	0.128	0.167	0.264	0.088	0.101	0.139	0.105
GO:0006403	0.095	0.154	0.08	0.255	0.064	0.133	0.176	0.047	0.06	0.123	0.067	0.08	0.325	0.11	0.053	0.071	0.11	0.083	0.123	0.076	0.082	0.128	0.141	0.11	0.102	0.061	0.038	0.09	0.135	0.045	0.11	0.069	0.071	0.161	0.082	0.246	0.15	0.089	0.08	0.03	0.07	0.061	0.093	0.093	0.06	0.036	0.072	0.045	0.097	0.267	0.1	0.176	0.176	0.093	0.077	0.099	0.207	0.123	0.06	0.135	0.095	0.045	0.06	0.055	0.231	0.123	0.046	0.042	0.089	0.06	0.135	0.039	0.175	0.037	0.093	0.037	0.11	0.083	0.064	0.11	0.065	0.176	0.176	0.135	0.057	0.101	0.219	0.158	0	0.061	0.141	0.491	0.147	0.135	0.048	0.093	0.123	0.041	0.084	0.083	0.351	0.036	0.059	0.176	0.109	0.064	0.173	0.11	0.176	1	0.065	0.048	0.164	0.104	0.076	0.039	0.097	0.119	0.101	0.076	0.12	0.141	0.113	0.234	0.381	0.06	0.045	0.104	0.071	0.176	0.1	0.135	0.03	0.059	0.176	0	0.089	0.176	0.083	0.266	0.063	0.058	0.085	0.119	0.045	0.022	0.116	0.135	0.203	0.077	0.048	0.048	0.035	0.08	0.11	0.084	0.135	0.085	0.06	0.215	0.052	0.071	0.173	0.071	0.054	0.054	0.081	0.052	0.085	0.182	0.077	0.11	0.039	0.11	0	0.096	0.056	0.08	0.07	0.325	0.042	0.08
GO:0007044	0.044	0.081	0.093	0.138	0.069	0.073	0.09	0.048	0.073	0.147	0.026	0.073	0.068	0.049	0.225	0.031	0.049	0.04	0.147	0.037	0.227	0.071	0.076	0.049	0.052	0.056	0.035	0.042	0.065	0.046	0.118	0.073	0.075	0.02	0.039	0.13	0.111	0.089	0.093	0.033	0.066	0.059	0.28	0.28	0.049	0.043	0.075	0.14	0.05	0.049	0.257	0.218	0.218	0.038	0.08	0.124	0.126	0.147	0.323	0.065	0.106	0.31	0.352	0.061	0.136	0.147	0.047	0.104	0.216	0.342	0.065	0.046	0.067	0.212	0.28	0.036	0.135	0.108	0.069	0.359	0.032	0.218	0.09	0.065	0.029	0.111	0.036	0.042	0	0.074	0.076	0.049	0.063	0.065	0.045	0.092	0.06	0.048	0.095	0.045	0.047	0.2	0.156	0.09	0.055	0.177	0.13	0.561	0.09	0.065	1	0.049	0.086	0.053	0.213	0.041	0.122	0.059	0.046	0.1	0.067	0.076	0.056	0.112	0.098	0.074	0.042	0.129	0.039	0.218	0.257	0.065	0.158	0.049	0.09	0	0.089	0.218	0.256	0.177	0.068	0.047	0.098	0.059	0.035	0.024	0.122	0.065	0.09	0.242	0.055	0.061	0.041	0.093	0.359	0.109	0.065	0.046	0.083	0.057	0.027	0.035	0.085	0.075	0.06	0.06	0.075	0.027	0.046	0.026	0.805	0.055	0.042	0.055	0	0.044	0.051	0.082	0.039	0.068	0.044	0.093
GO:0042401	0.033	0.061	0.073	0.108	0.339	0.056	0.065	0.184	0.06	0.11	0.021	0.134	0.052	0.036	0.037	0.024	0.036	0.031	0.11	0.233	0.056	0.144	0.058	0.036	0.041	0.224	0.302	0.304	0.048	0.093	0.088	0.058	0.059	0.015	0.031	0.092	0.033	0.067	0.073	0.334	0.051	0.116	0.069	0.069	0.203	0.423	0.291	0.159	0.039	0.036	0.098	0.158	0.158	0.127	0.358	0.316	0.098	0.11	0.046	0.048	0.361	0.044	0.047	0.05	0.104	0.267	0.201	0.047	0.078	0.053	0.048	0.514	0.052	0.13	0.069	0.071	0.103	0.087	0.172	0.088	0.077	0.158	0.065	0.048	0.186	0.083	0.082	0.034	0	0.271	0.058	0.036	0.049	0.048	0.403	0.069	0.045	0.041	0.231	0.036	0.039	0.037	0.06	0.158	0.117	0.049	0.048	0.088	0.158	0.048	0.049	1	0.069	0.041	0.053	0.17	0.096	0.198	0.154	0.082	0.053	0.058	0.047	0.039	0.076	0.37	0.166	0.1	0.032	0.158	0.098	0.116	0.237	0.203	0.158	0	0.163	0.158	0.064	0.136	0.055	0.186	0.235	0.108	0.15	0.273	0.092	0.048	0.069	0.062	0.207	0.052	0.176	0.073	0.088	0.213	0.048	0.163	0.069	0.047	0.19	0.028	0.068	0.059	0.049	0.245	0.273	0.19	0.163	0.019	0.062	0.17	0.462	0.042	0	0.034	0.092	0.206	0.032	0.052	0.179	0.073
GO:0032509	0.053	0.087	0.114	0.228	0.091	0.079	0.095	0.068	0.092	0.167	0.037	0.1	0.2	0.058	0.066	0.04	0.058	0.048	0.167	0.045	0.102	0.077	0.082	0.058	0.06	0.076	0.051	0.051	0.073	0.066	0.141	0.096	0.097	0.156	0.048	0.131	0.284	0.115	0.114	0.047	0.091	0.081	0.118	0.118	0.075	0.058	0.094	0.065	0.058	0.344	0.145	0.231	0.231	0.049	0.101	0.143	0.339	0.167	0.082	0.073	0.128	0.07	0.082	0.081	0.496	0.167	0.066	0.069	0.123	0.086	0.073	0.061	0.457	0.057	0.118	0.053	0.154	0.126	0.091	0.141	0.04	0.231	0.095	0.073	0.036	0.134	0.221	0.208	0	0.093	0.082	0.129	0.207	0.073	0.062	0.118	0.069	0.064	0.115	0.052	0.323	0.057	0.091	0.095	0.063	0.084	0.263	0.141	0.095	0.164	0.086	0.069	1	0.061	0.096	0.059	0.141	0.067	0.055	0.118	0.074	0.082	0.106	0.255	0.264	0.092	0.064	0.148	0.046	0.231	0.145	0.073	0.045	0.073	0.095	0	0.115	0.231	0.109	0.449	0.09	0.073	0.119	0.067	0.058	0.034	0.144	0.073	0.164	0.103	0.073	0.078	0.055	0.114	0.141	0.128	0.073	0.053	0.098	0.381	0.034	0.043	0.631	0.098	0.08	0.078	0.096	0.034	0.053	0.194	0.103	0.063	0.059	0.063	0	0.053	0.072	0.106	0.046	0.2	0.063	0.114
GO:0032101	0.076	0.291	0.288	0.096	0.054	0.107	0.133	0.098	0.356	0.097	0.134	0.063	0.058	0.207	0.045	0.059	0.207	0.166	0.097	0.063	0.065	0.104	0.112	0.207	0.345	0.053	0.034	0.073	0.23	0.127	0.085	0.196	0.141	0.052	0.467	0.181	0.033	0.071	0.288	0.027	0.259	0.051	0.073	0.073	0.049	0.033	0.062	0.039	0.08	0.085	0.082	0.133	0.133	0.073	0.064	0.081	0.082	0.097	0.05	0.23	0.076	0.04	0.05	0.325	0.089	0.097	0.041	0.146	0.072	0.051	0.104	0.035	0.058	0.033	0.073	0.111	0.088	0.24	0.054	0.085	0.113	0.133	0.133	0.252	0.093	0.08	0.031	0.2	0	0.052	0.384	0.085	0.054	0.104	0.042	0.073	0.097	0.125	0.071	0.24	0.044	0.11	0.176	0.133	0.087	0.053	0.038	0.085	0.133	0.104	0.053	0.041	0.061	1	0.06	0.035	0.273	0.094	0.08	0.175	0.294	0.384	0.139	0.035	0.07	0.052	0.095	0.289	0.187	0.133	0.082	0.104	0.027	0.049	0.133	0	0.071	0.133	0.066	0.107	0.238	0.047	0.07	0.094	0.039	0.02	0.092	0.104	0.073	0.062	0.102	0.043	0.101	0.288	0.085	0.146	0.252	0.22	0.305	0.044	0.142	0.268	0.06	0.059	0.047	0.048	0.068	0.142	0.22	0.059	0.062	0.088	0.035	0.088	0	0.077	0.159	0.064	0.315	0.058	0.037	0.288
GO:0097320	0.05	0.094	0.104	0.156	0.077	0.084	0.106	0.052	0.081	0.17	0.03	0.084	0.078	0.057	0.131	0.035	0.057	0.045	0.17	0.041	0.263	0.081	0.088	0.057	0.059	0.061	0.037	0.048	0.076	0.051	0.137	0.082	0.084	0.023	0.044	0.156	0.119	0.103	0.104	0.035	0.075	0.066	0.197	0.325	0.056	0.046	0.083	0.093	0.057	0.057	0.291	0.257	0.257	0.044	0.089	0.14	0.142	0.17	0.199	0.076	0.121	0.172	0.201	0.067	0.156	0.17	0.051	0.111	0.246	0.205	0.076	0.049	0.077	0.122	0.325	0.039	0.154	0.12	0.077	0.418	0.036	0.257	0.106	0.076	0.032	0.128	0.039	0.046	0	0.082	0.088	0.057	0.071	0.076	0.049	0.107	0.07	0.051	0.106	0.05	0.052	0.115	0.171	0.106	0.063	0.198	0.206	0.418	0.106	0.076	0.213	0.053	0.096	0.06	1	0.045	0.138	0.068	0.053	0.111	0.076	0.088	0.061	0.077	0.111	0.081	0.047	0.147	0.043	0.257	0.291	0.076	0.091	0.055	0.106	0	0.103	0.257	0.293	0.203	0.076	0.054	0.111	0.068	0.039	0.025	0.141	0.076	0.102	0.275	0.06	0.066	0.044	0.104	0.253	0.122	0.076	0.051	0.089	0.062	0.029	0.039	0.095	0.085	0.066	0.065	0.084	0.029	0.051	0.03	0.275	0.063	0.045	0.063	0	0.051	0.056	0.094	0.042	0.078	0.048	0.104
GO:0071025	0.028	0.05	0.062	0.092	0.24	0.047	0.053	0.392	0.053	0.091	0.017	0.112	0.044	0.03	0.033	0.021	0.03	0.026	0.091	0.234	0.047	0.171	0.048	0.03	0.034	0.317	0.236	0.116	0.039	0.082	0.073	0.049	0.05	0.013	0.026	0.075	0.03	0.056	0.062	0.315	0.043	0.1	0.057	0.057	0.472	0.251	0.484	0.35	0.033	0.03	0.083	0.129	0.129	0.159	0.177	0.263	0.083	0.091	0.04	0.039	0.289	0.039	0.04	0.043	0.087	0.222	0.422	0.042	0.066	0.046	0.039	0.283	0.044	0.281	0.057	0.064	0.087	0.075	0.515	0.073	0.093	0.129	0.053	0.039	0.138	0.07	0.105	0.029	0	0.589	0.048	0.03	0.042	0.039	0.22	0.057	0.038	0.036	0.314	0.031	0.034	0.033	0.053	0.129	0.138	0.042	0.043	0.073	0.129	0.039	0.041	0.17	0.059	0.035	0.045	1	0.081	0.09	0.181	0.071	0.045	0.048	0.042	0.035	0.064	0.196	0.348	0.084	0.028	0.129	0.083	0.095	0.304	0.465	0.129	0	0.136	0.129	0.054	0.114	0.047	0.203	0.237	0.165	0.333	0.175	0.077	0.039	0.058	0.052	0.449	0.046	0.404	0.062	0.073	0.183	0.039	0.076	0.062	0.041	0.117	0.024	0.059	0.05	0.043	0.384	0.296	0.117	0.076	0.016	0.052	0.137	0.247	0.036	0	0.028	0.08	0.168	0.028	0.044	0.399	0.062
GO:0030155	0.071	0.112	0.396	0.199	0.124	0.101	0.123	0.094	0.328	0.534	0.052	0.144	0.134	0.08	0.092	0.056	0.08	0.065	0.534	0.06	0.147	0.098	0.105	0.08	0.078	0.103	0.071	0.068	0.214	0.246	0.193	0.374	0.134	0.049	0.22	0.167	0.073	0.39	0.396	0.064	0.351	0.112	0.166	0.166	0.11	0.077	0.123	0.09	0.075	0.08	0.188	0.3	0.3	0.068	0.137	0.186	0.188	0.534	0.115	0.214	0.173	0.093	0.116	0.302	0.204	0.22	0.089	0.089	0.165	0.117	0.097	0.082	0.133	0.078	0.166	0.206	0.201	0.459	0.124	0.193	0.053	0.3	0.123	0.097	0.089	0.181	0.069	0.191	0	0.122	0.36	0.08	0.124	0.097	0.084	0.166	0.091	0.243	0.15	0.228	0.093	0.216	0.339	0.123	0.082	0.116	0.091	0.193	0.123	0.097	0.122	0.096	0.141	0.273	0.138	0.081	1	0.088	0.075	0.196	0.278	0.36	0.256	0.076	0.16	0.121	0.091	0.549	0.179	0.3	0.188	0.097	0.064	0.105	0.123	0	0.16	0.3	0.151	0.244	0.327	0.109	0.16	0.088	0.086	0.045	0.192	0.097	0.155	0.143	0.098	0.1	0.188	0.396	0.193	0.164	0.097	0.209	0.316	0.102	0.137	0.057	0.139	0.135	0.108	0.103	0.128	0.137	0.209	0.055	0.143	0.083	0.082	0.083	0	0.072	0.284	0.147	0.152	0.134	0.086	0.396
GO:0044283	0.085	0.136	0.073	0.107	0.264	0.12	0.154	0.106	0.056	0.11	0.061	0.173	0.065	0.097	0.049	0.065	0.097	0.076	0.11	0.169	0.073	0.217	0.126	0.097	0.092	0.231	0.225	0.362	0.119	0.102	0.097	0.063	0.064	0.059	0.075	0.211	0.035	0.08	0.073	0.177	0.063	0.137	0.083	0.083	0.133	0.154	0.301	0.097	0.088	0.097	0.091	0.154	0.154	0.201	0.315	0.4	0.091	0.11	0.055	0.119	0.207	0.043	0.055	0.051	0.1	0.266	0.105	0.04	0.08	0.055	0.119	0.165	0.065	0.079	0.083	0.082	0.099	0.076	0.143	0.097	0.123	0.154	0.154	0.119	0.239	0.09	0.079	0.071	0	0.137	0.126	0.097	0.06	0.119	0.177	0.083	0.11	0.039	0.189	0.076	0.048	0.034	0.055	0.373	0.192	0.059	0.041	0.097	0.373	0.119	0.059	0.198	0.067	0.094	0.068	0.09	0.088	1	0.218	0.07	0.109	0.126	0.047	0.037	0.077	0.251	0.102	0.094	0.066	0.154	0.091	0.532	0.129	0.131	0.373	0	0.194	0.154	0.074	0.12	0.058	0.128	0.188	0.474	0.102	0.127	0.104	0.119	0.081	0.069	0.11	0.046	0.082	0.073	0.097	0.188	0.119	0.351	0.056	0.047	0.217	0.066	0.066	0.065	0.05	0.228	0.181	0.217	0.351	0.067	0.069	0.441	0.166	0.099	0	0.086	0.113	0.322	0.065	0.065	0.096	0.073
GO:0009311	0.07	0.119	0.06	0.093	0.198	0.105	0.134	0.206	0.046	0.093	0.047	0.134	0.051	0.08	0.039	0.052	0.08	0.062	0.093	0.355	0.057	0.297	0.11	0.08	0.078	0.274	0.177	0.297	0.101	0.079	0.08	0.05	0.051	0.043	0.061	0.189	0.028	0.063	0.06	0.144	0.049	0.109	0.066	0.066	0.269	0.179	0.316	0.188	0.075	0.08	0.077	0.134	0.134	0.294	0.259	0.339	0.077	0.093	0.042	0.101	0.17	0.034	0.043	0.041	0.085	0.225	0.216	0.033	0.066	0.044	0.101	0.131	0.05	0.15	0.066	0.062	0.083	0.065	0.198	0.08	0.165	0.134	0.134	0.101	0.24	0.074	0.116	0.06	0	0.273	0.11	0.08	0.046	0.101	0.141	0.066	0.093	0.031	0.254	0.065	0.038	0.027	0.045	0.325	0.259	0.047	0.033	0.08	0.325	0.101	0.046	0.154	0.055	0.08	0.053	0.181	0.075	0.218	1	0.059	0.095	0.11	0.039	0.03	0.063	0.272	0.198	0.08	0.056	0.134	0.077	0.244	0.139	0.264	0.325	0	0.154	0.134	0.059	0.105	0.046	0.249	0.375	0.218	0.199	0.099	0.088	0.101	0.067	0.055	0.216	0.037	0.164	0.06	0.08	0.159	0.101	0.162	0.048	0.037	0.166	0.054	0.054	0.051	0.04	0.26	0.232	0.166	0.162	0.05	0.055	0.343	0.129	0.083	0	0.071	0.088	0.256	0.055	0.051	0.194	0.06
GO:0030168	0.125	0.18	0.19	0.163	0.104	0.183	0.095	0.139	0.169	0.174	0.073	0.114	0.108	0.196	0.079	0.046	0.117	0.099	0.174	0.05	0.116	0.079	0.084	0.467	0.125	0.088	0.063	0.055	0.148	0.096	0.152	0.138	0.146	0.039	0.201	0.126	0.065	0.128	0.19	0.058	0.156	0.094	0.131	0.131	0.09	0.068	0.105	0.078	0.124	0.063	0.153	0.232	0.232	0.054	0.113	0.152	0.153	0.174	0.095	0.148	0.139	0.081	0.096	0.149	0.164	0.174	0.077	0.123	0.134	0.099	0.076	0.072	0.107	0.068	0.131	0.086	0.162	0.177	0.104	0.152	0.067	0.232	0.095	0.399	0.098	0.144	0.061	0.084	0	0.104	0.15	0.063	0.101	0.076	0.073	0.131	0.072	0.131	0.125	0.165	0.08	0.086	0.132	0.095	0.066	0.097	0.08	0.152	0.095	0.076	0.1	0.082	0.118	0.175	0.111	0.071	0.196	0.07	0.059	1	0.123	0.15	0.106	0.068	0.13	0.103	0.129	0.205	0.08	0.232	0.153	0.076	0.057	0.087	0.095	0	0.128	0.232	0.122	0.197	0.154	0.089	0.131	0.07	0.072	0.042	0.153	0.167	0.125	0.116	0.153	0.124	0.08	0.19	0.152	0.17	0.148	0.091	0.167	0.088	0.06	0.09	0.116	0.156	0.122	0.089	0.107	0.06	0.091	0.044	0.116	0.067	0.071	0.067	0	0.126	0.116	0.119	0.107	0.108	0.075	0.19
GO:0045926	0.091	0.134	0.214	0.109	0.067	0.12	0.148	0.052	0.184	0.112	0.07	0.079	0.074	0.101	0.057	0.073	0.101	0.082	0.112	0.076	0.081	0.117	0.126	0.101	0.096	0.064	0.043	0.087	0.24	0.135	0.101	0.204	0.072	0.069	0.239	0.194	0.041	0.087	0.214	0.035	0.194	0.064	0.089	0.089	0.064	0.041	0.073	0.05	0.093	0.101	0.095	0.148	0.148	0.089	0.077	0.094	0.095	0.112	0.063	0.24	0.091	0.05	0.064	0.17	0.104	0.112	0.051	0.046	0.087	0.063	0.12	0.044	0.073	0.043	0.089	0.118	0.102	0.246	0.067	0.101	0.067	0.148	0.148	0.12	0.102	0.095	0.039	0.317	0	0.063	0.385	0.101	0.068	0.12	0.052	0.089	0.112	0.132	0.083	0.246	0.055	0.117	0.183	0.148	0.102	0.066	0.047	0.101	0.148	0.12	0.067	0.053	0.074	0.294	0.076	0.045	0.278	0.109	0.095	0.123	1	0.385	0.146	0.043	0.084	0.063	0.051	0.294	0.648	0.148	0.095	0.12	0.036	0.063	0.148	0	0.087	0.148	0.082	0.12	0.178	0.062	0.084	0.109	0.051	0.026	0.107	0.12	0.087	0.077	0.053	0.052	0.107	0.214	0.101	0.083	0.12	0.227	0.168	0.055	0.15	0.073	0.073	0.072	0.058	0.058	0.08	0.229	0.347	0.076	0.077	0.102	0.045	0.102	0	0.092	0.167	0.079	0.167	0.074	0.047	0.214
GO:0040012	0.105	0.156	0.285	0.299	0.075	0.138	0.176	0.057	0.236	0.13	0.079	0.092	0.085	0.119	0.062	0.082	0.119	0.093	0.13	0.086	0.094	0.133	0.145	0.119	0.266	0.071	0.047	0.099	0.307	0.18	0.119	0.273	0.081	0.08	0.316	0.569	0.044	0.1	0.285	0.037	0.269	0.071	0.104	0.104	0.072	0.044	0.081	0.054	0.105	0.119	0.108	0.176	0.176	0.104	0.087	0.107	0.108	0.13	0.071	0.307	0.105	0.054	0.072	0.222	0.119	0.13	0.055	0.113	0.099	0.07	0.141	0.047	0.084	0.046	0.104	0.155	0.117	0.313	0.075	0.119	0.074	0.176	0.176	0.141	0.125	0.11	0.042	0.266	0	0.07	0.497	0.119	0.077	0.141	0.056	0.104	0.13	0.169	0.093	0.313	0.06	0.149	0.234	0.176	0.116	0.074	0.05	0.119	0.176	0.141	0.076	0.058	0.082	0.384	0.088	0.048	0.36	0.126	0.11	0.15	0.385	1	0.379	0.045	0.095	0.069	0.056	0.384	0.247	0.176	0.108	0.141	0.039	0.07	0.176	0	0.1	0.176	0.094	0.138	0.239	0.071	0.095	0.126	0.056	0.027	0.123	0.141	0.242	0.088	0.057	0.056	0.134	0.285	0.119	0.092	0.141	0.294	0.211	0.06	0.192	0.081	0.081	0.082	0.064	0.063	0.089	0.192	0.294	0.088	0.088	0.117	0.048	0.117	0	0.106	0.22	0.091	0.216	0.085	0.052	0.285
GO:0030335	0.038	0.061	0.178	0.499	0.061	0.057	0.065	0.047	0.162	0.109	0.027	0.062	0.091	0.041	0.045	0.03	0.041	0.036	0.109	0.034	0.063	0.056	0.059	0.041	0.107	0.052	0.037	0.037	0.107	0.171	0.09	0.164	0.064	0.047	0.108	0.212	0.063	0.073	0.178	0.035	0.136	0.055	0.074	0.074	0.047	0.043	0.066	0.045	0.043	0.09	0.098	0.148	0.148	0.034	0.068	0.097	0.134	0.109	0.054	0.107	0.084	0.05	0.054	0.138	0.141	0.109	0.046	0.121	0.081	0.059	0.05	0.045	0.091	0.041	0.074	0.143	0.103	0.236	0.061	0.09	0.031	0.148	0.065	0.05	0.049	0.154	0.057	0.17	0	0.066	0.187	0.09	0.08	0.05	0.045	0.074	0.048	0.12	0.08	0.123	0.075	0.11	0.17	0.065	0.045	0.056	0.082	0.09	0.065	0.113	0.056	0.047	0.106	0.139	0.061	0.042	0.256	0.047	0.039	0.106	0.146	0.379	1	0.071	0.123	0.066	0.043	0.266	0.097	0.148	0.098	0.05	0.031	0.047	0.065	0	0.073	0.148	0.07	0.176	0.141	0.046	0.08	0.047	0.038	0.027	0.094	0.05	0.344	0.067	0.052	0.057	0.157	0.178	0.09	0.089	0.05	0.165	0.168	0.082	0.111	0.033	0.112	0.065	0.056	0.056	0.066	0.073	0.108	0.056	0.067	0.046	0.042	0.046	0	0.038	0.123	0.069	0.114	0.091	0.044	0.178
GO:0000054	0.029	0.047	0.061	0.133	0.049	0.044	0.049	0.038	0.053	0.083	0.021	0.048	0.266	0.031	0.08	0.024	0.031	0.028	0.083	0.027	0.079	0.044	0.045	0.031	0.034	0.043	0.031	0.029	0.038	0.037	0.069	0.05	0.051	0.152	0.028	0.065	0.41	0.056	0.061	0.03	0.046	0.044	0.331	0.094	0.037	0.037	0.054	0.21	0.034	0.191	0.105	0.112	0.112	0.026	0.054	0.077	0.196	0.083	0.102	0.038	0.065	0.107	0.242	0.046	0.204	0.083	0.038	0.058	0.088	0.187	0.038	0.038	0.389	0.129	0.094	0.032	0.08	0.071	0.049	0.116	0.025	0.112	0.049	0.038	0.024	0.066	0.621	0.136	0	0.054	0.045	0.206	0.137	0.038	0.037	0.057	0.037	0.039	0.064	0.032	0.586	0.084	0.073	0.049	0.035	0.071	0.326	0.116	0.049	0.234	0.112	0.039	0.255	0.035	0.077	0.035	0.076	0.037	0.03	0.068	0.043	0.045	0.071	1	0.44	0.053	0.035	0.078	0.029	0.112	0.105	0.038	0.062	0.038	0.049	0	0.056	0.112	0.09	0.252	0.049	0.036	0.062	0.037	0.03	0.024	0.072	0.038	0.093	0.087	0.043	0.048	0.036	0.061	0.279	0.072	0.038	0.032	0.061	0.53	0.022	0.026	0.3	0.051	0.045	0.046	0.053	0.022	0.032	0.221	0.137	0.035	0.035	0.035	0	0.03	0.04	0.054	0.029	0.266	0.036	0.061
GO:0033750	0.061	0.101	0.128	0.27	0.102	0.091	0.112	0.074	0.101	0.193	0.042	0.115	0.478	0.068	0.073	0.046	0.068	0.055	0.193	0.051	0.118	0.088	0.095	0.068	0.068	0.084	0.055	0.058	0.085	0.072	0.165	0.108	0.11	0.09	0.054	0.157	0.243	0.132	0.128	0.051	0.104	0.09	0.137	0.137	0.085	0.062	0.104	0.072	0.066	0.165	0.164	0.273	0.273	0.056	0.114	0.162	0.232	0.193	0.092	0.085	0.147	0.076	0.093	0.09	0.253	0.193	0.072	0.074	0.14	0.096	0.085	0.066	0.258	0.062	0.137	0.058	0.176	0.141	0.102	0.165	0.045	0.273	0.112	0.085	0.04	0.154	0.224	0.109	0	0.102	0.095	0.501	0.147	0.085	0.067	0.137	0.08	0.07	0.128	0.058	0.24	0.062	0.1	0.112	0.072	0.094	0.299	0.165	0.112	0.381	0.098	0.076	0.264	0.07	0.111	0.064	0.16	0.077	0.063	0.13	0.084	0.095	0.123	0.44	1	0.102	0.07	0.169	0.051	0.273	0.164	0.085	0.048	0.082	0.112	0	0.132	0.273	0.125	0.306	0.101	0.083	0.136	0.077	0.064	0.036	0.165	0.085	0.2	0.117	0.08	0.084	0.058	0.128	0.165	0.143	0.085	0.059	0.107	0.35	0.037	0.048	0.285	0.111	0.088	0.085	0.106	0.037	0.059	0.105	0.117	0.073	0.065	0.073	0	0.061	0.079	0.121	0.05	0.478	0.068	0.128
GO:0008299	0.045	0.073	0.098	0.133	0.464	0.067	0.078	0.216	0.081	0.139	0.031	0.203	0.079	0.048	0.058	0.035	0.048	0.041	0.139	0.218	0.085	0.18	0.069	0.048	0.051	0.257	0.329	0.375	0.06	0.142	0.117	0.082	0.083	0.027	0.041	0.106	0.049	0.096	0.098	0.289	0.077	0.171	0.098	0.098	0.243	0.354	0.308	0.192	0.05	0.048	0.123	0.19	0.19	0.166	0.458	0.387	0.123	0.139	0.07	0.06	0.263	0.062	0.071	0.071	0.132	0.338	0.223	0.063	0.104	0.075	0.06	0.342	0.079	0.161	0.098	0.114	0.13	0.11	0.237	0.117	0.107	0.19	0.078	0.06	0.415	0.112	0.111	0.043	0	0.295	0.069	0.048	0.074	0.06	0.304	0.098	0.057	0.058	0.295	0.045	0.059	0.052	0.081	0.19	0.153	0.073	0.064	0.117	0.19	0.06	0.074	0.37	0.092	0.052	0.081	0.196	0.121	0.251	0.272	0.103	0.063	0.069	0.066	0.053	0.102	1	0.201	0.126	0.041	0.19	0.123	0.146	0.27	0.241	0.19	0	0.233	0.19	0.092	0.163	0.078	0.229	0.556	0.136	0.188	0.22	0.121	0.06	0.096	0.088	0.234	0.07	0.187	0.098	0.117	0.269	0.06	0.206	0.088	0.067	0.239	0.038	0.091	0.084	0.07	0.267	0.247	0.239	0.206	0.031	0.088	0.207	0.325	0.054	0	0.045	0.144	0.28	0.04	0.079	0.206	0.098
GO:0000724	0.031	0.143	0.142	0.103	0.25	0.054	0.063	0.88	0.125	0.105	0.044	0.117	0.046	0.15	0.032	0.022	0.081	0.069	0.105	0.245	0.049	0.189	0.056	0.15	0.093	0.29	0.204	0.129	0.045	0.081	0.081	0.052	0.128	0.012	0.126	0.092	0.029	0.061	0.142	0.244	0.097	0.102	0.062	0.062	0.369	0.242	0.485	0.261	0.037	0.034	0.093	0.154	0.154	0.176	0.19	0.295	0.093	0.105	0.04	0.045	0.315	0.039	0.041	0.101	0.099	0.254	0.23	0.063	0.072	0.047	0.045	0.274	0.045	0.199	0.062	0.06	0.098	0.082	0.25	0.081	0.112	0.154	0.063	0.203	0.135	0.077	0.104	0.032	0	0.683	0.056	0.034	0.043	0.045	0.201	0.062	0.043	0.036	0.338	0.034	0.034	0.033	0.055	0.154	0.149	0.043	0.044	0.081	0.154	0.045	0.042	0.166	0.064	0.095	0.047	0.348	0.091	0.102	0.198	0.129	0.051	0.056	0.043	0.035	0.07	0.201	1	0.095	0.03	0.154	0.093	0.11	0.222	0.367	0.154	0	0.147	0.154	0.058	0.131	0.105	0.189	0.253	0.102	0.238	0.149	0.087	0.045	0.063	0.055	0.806	0.048	0.33	0.142	0.081	0.271	0.11	0.084	0.136	0.042	0.122	0.063	0.063	0.053	0.044	0.369	0.295	0.122	0.084	0.016	0.055	0.155	0.231	0.04	0	0.031	0.078	0.181	0.063	0.046	0.201	0.142
GO:0032970	0.076	0.12	0.418	0.21	0.131	0.107	0.133	0.098	0.343	0.235	0.055	0.153	0.142	0.085	0.096	0.059	0.085	0.068	0.235	0.063	0.157	0.104	0.112	0.085	0.083	0.108	0.073	0.073	0.23	0.256	0.207	0.394	0.141	0.052	0.232	0.181	0.075	0.171	0.418	0.066	0.372	0.118	0.177	0.177	0.116	0.079	0.129	0.094	0.08	0.085	0.366	0.323	0.595	0.073	0.144	0.196	0.199	0.235	0.121	0.23	0.185	0.097	0.122	0.316	0.217	0.235	0.093	0.092	0.175	0.123	0.104	0.084	0.141	0.081	0.177	0.213	0.214	0.482	0.131	0.207	0.055	0.323	0.133	0.104	0.093	0.193	0.071	0.2	0	0.127	0.384	0.085	0.131	0.104	0.087	0.177	0.097	0.252	0.157	0.24	0.097	0.366	0.607	0.133	0.087	0.122	0.093	0.207	0.133	0.104	0.129	0.1	0.148	0.289	0.147	0.084	0.549	0.094	0.08	0.205	0.294	0.384	0.266	0.078	0.169	0.126	0.095	1	0.187	0.323	0.199	0.104	0.066	0.11	0.133	0	0.171	0.323	0.161	0.26	0.343	0.115	0.169	0.094	0.09	0.046	0.204	0.104	0.164	0.151	0.102	0.104	0.193	0.418	0.207	0.172	0.104	0.22	0.328	0.106	0.142	0.06	0.146	0.142	0.113	0.107	0.134	0.142	0.22	0.059	0.151	0.088	0.085	0.088	0	0.077	0.297	0.156	0.159	0.142	0.09	0.418
GO:0048640	0.131	0.083	0.132	0.071	0.041	0.153	0.089	0.032	0.121	0.067	0.04	0.044	0.042	0.059	0.036	0.043	0.059	0.05	0.067	0.047	0.045	0.075	0.192	0.059	0.06	0.041	0.028	0.052	0.146	0.084	0.059	0.125	0.043	0.037	0.149	0.118	0.027	0.049	0.132	0.023	0.111	0.039	0.051	0.051	0.036	0.027	0.049	0.031	0.142	0.059	0.06	0.089	0.089	0.051	0.048	0.059	0.06	0.067	0.037	0.146	0.054	0.032	0.038	0.108	0.064	0.067	0.033	0.064	0.052	0.039	0.172	0.029	0.042	0.027	0.051	0.076	0.153	0.331	0.041	0.059	0.043	0.089	0.089	0.071	0.067	0.056	0.026	0.208	0	0.041	0.501	0.059	0.039	0.172	0.035	0.051	0.163	0.179	0.054	0.331	0.035	0.079	0.121	0.089	0.063	0.098	0.032	0.059	0.089	0.071	0.039	0.032	0.046	0.187	0.043	0.028	0.179	0.066	0.056	0.08	0.648	0.247	0.097	0.029	0.051	0.041	0.03	0.187	1	0.089	0.06	0.071	0.022	0.037	0.089	0	0.049	0.089	0.047	0.076	0.108	0.035	0.051	0.066	0.03	0.018	0.065	0.071	0.052	0.045	0.033	0.085	0.074	0.132	0.059	0.054	0.071	0.146	0.115	0.035	0.099	0.045	0.046	0.105	0.088	0.038	0.052	0.151	0.223	0.041	0.045	0.063	0.028	0.153	0	0.116	0.105	0.046	0.107	0.042	0.03	0.132
GO:0045103	0.126	0.193	0.254	0.321	0.21	0.166	0.224	0.155	0.188	0.388	0.094	0.272	0.246	0.147	0.154	0.097	0.147	0.11	0.388	0.1	0.281	0.159	0.176	0.147	0.13	0.169	0.111	0.119	0.176	0.149	0.357	0.226	0.231	0.098	0.108	0.306	0.112	0.298	0.254	0.098	0.237	0.19	0.311	0.311	0.201	0.116	0.194	0.148	0.123	0.147	0.311	0.543	0.543	0.128	0.231	0.306	0.311	0.388	0.2	0.176	0.306	0.146	0.203	0.178	0.349	0.388	0.142	0.131	0.286	0.195	0.176	0.124	0.243	0.123	0.311	0.118	0.342	0.255	0.21	0.357	0.084	0.543	0.224	0.176	0.074	0.325	0.104	0.097	0	0.191	0.176	0.147	0.221	0.176	0.13	0.311	0.16	0.132	0.241	0.105	0.152	0.114	0.186	0.224	0.14	0.199	0.134	0.357	0.224	0.176	0.218	0.158	0.231	0.133	0.257	0.129	0.3	0.154	0.134	0.232	0.148	0.176	0.148	0.112	0.273	0.19	0.154	0.323	0.089	1	0.573	0.176	0.103	0.186	0.224	0	0.298	0.543	0.274	0.403	0.207	0.203	0.274	0.154	0.151	0.065	0.338	0.176	0.272	0.253	0.156	0.151	0.103	0.254	0.357	0.259	0.176	0.108	0.181	0.163	0.067	0.093	0.227	0.233	0.176	0.161	0.208	0.067	0.108	0.107	0.253	0.141	0.13	0.141	0	0.128	0.167	0.264	0.088	0.246	0.139	0.254
GO:0045104	0.074	0.116	0.156	0.204	0.127	0.104	0.128	0.096	0.123	0.227	0.054	0.149	0.138	0.082	0.17	0.057	0.082	0.067	0.227	0.062	0.443	0.101	0.108	0.082	0.081	0.106	0.072	0.071	0.1	0.093	0.2	0.135	0.138	0.051	0.066	0.174	0.21	0.166	0.156	0.065	0.134	0.115	0.252	0.531	0.113	0.078	0.126	0.132	0.077	0.082	0.605	0.311	0.311	0.071	0.141	0.191	0.193	0.227	0.344	0.1	0.179	0.347	0.348	0.112	0.211	0.227	0.091	0.14	0.532	0.243	0.1	0.083	0.137	0.155	0.367	0.075	0.207	0.166	0.127	0.451	0.054	0.311	0.128	0.1	0.049	0.187	0.07	0.064	0	0.124	0.108	0.082	0.127	0.1	0.085	0.171	0.094	0.087	0.153	0.068	0.095	0.242	0.381	0.128	0.085	0.238	0.222	0.451	0.128	0.1	0.257	0.098	0.145	0.082	0.291	0.083	0.188	0.091	0.077	0.153	0.095	0.108	0.098	0.105	0.164	0.123	0.093	0.199	0.06	0.573	1	0.1	0.123	0.108	0.128	0	0.166	0.311	0.334	0.252	0.126	0.112	0.165	0.091	0.088	0.046	0.198	0.1	0.159	0.456	0.1	0.102	0.072	0.156	0.303	0.168	0.1	0.07	0.126	0.104	0.045	0.059	0.143	0.138	0.111	0.105	0.131	0.045	0.07	0.057	0.315	0.085	0.083	0.085	0	0.074	0.102	0.152	0.059	0.138	0.088	0.156
GO:0006766	0.095	0.154	0.08	0.117	0.156	0.133	0.176	0.113	0.06	0.123	0.067	0.194	0.073	0.11	0.053	0.071	0.11	0.083	0.123	0.185	0.082	0.241	0.141	0.11	0.102	0.248	0.159	0.218	0.135	0.109	0.11	0.069	0.071	0.066	0.082	0.246	0.036	0.089	0.08	0.123	0.07	0.148	0.093	0.093	0.146	0.088	0.323	0.103	0.097	0.11	0.1	0.176	0.176	0.227	0.187	0.441	0.1	0.123	0.06	0.135	0.231	0.045	0.06	0.055	0.112	0.3	0.112	0.042	0.089	0.06	0.135	0.094	0.072	0.084	0.093	0.086	0.11	0.083	0.156	0.11	0.133	0.176	0.176	0.135	0.138	0.101	0.083	0.077	0	0.147	0.141	0.11	0.065	0.135	0.116	0.093	0.123	0.041	0.205	0.083	0.051	0.036	0.059	0.428	0.213	0.064	0.043	0.11	0.428	0.135	0.065	0.116	0.073	0.104	0.076	0.095	0.097	0.532	0.244	0.076	0.12	0.141	0.05	0.038	0.085	0.146	0.11	0.104	0.071	0.176	0.1	1	0.074	0.143	0.428	0	0.217	0.176	0.083	0.133	0.063	0.141	0.207	0.532	0.11	0.087	0.116	0.135	0.09	0.077	0.117	0.048	0.086	0.08	0.11	0.204	0.135	0.207	0.06	0.05	0.125	0.071	0.071	0.071	0.054	0.243	0.196	0.125	0.207	0.075	0.077	0.49	0.096	0.11	0	0.096	0.122	0.357	0.07	0.073	0.102	0.08
GO:0051123	0.021	0.04	0.047	0.074	0.383	0.038	0.043	0.266	0.04	0.071	0.012	0.074	0.029	0.022	0.199	0.015	0.022	0.02	0.071	0.241	0.094	0.2	0.039	0.022	0.027	0.219	0.332	0.192	0.03	0.056	0.054	0.035	0.036	0.007	0.02	0.061	0.061	0.04	0.047	0.371	0.029	0.07	0.119	0.123	0.31	0.404	0.372	0.303	0.026	0.022	0.123	0.103	0.103	0.192	0.229	0.211	0.065	0.071	0.285	0.03	0.221	0.162	0.153	0.031	0.068	0.173	0.173	0.055	0.097	0.308	0.03	0.464	0.029	0.376	0.192	0.042	0.068	0.059	0.178	0.164	0.104	0.103	0.043	0.03	0.2	0.052	0.124	0.023	0	0.445	0.039	0.022	0.028	0.03	0.311	0.04	0.029	0.027	0.246	0.024	0.023	0.102	0.079	0.103	0.156	0.083	0.073	0.164	0.103	0.03	0.158	0.237	0.045	0.027	0.091	0.304	0.064	0.129	0.139	0.057	0.036	0.039	0.031	0.062	0.048	0.27	0.222	0.066	0.022	0.103	0.123	0.074	1	0.358	0.103	0	0.096	0.103	0.117	0.092	0.034	0.126	0.179	0.07	0.228	0.262	0.059	0.03	0.042	0.113	0.324	0.036	0.309	0.047	0.16	0.145	0.03	0.111	0.05	0.03	0.208	0.018	0.044	0.036	0.031	0.286	0.219	0.208	0.111	0.01	0.212	0.11	0.382	0.028	0	0.021	0.053	0.123	0.022	0.029	0.149	0.047
GO:0000966	0.04	0.074	0.078	0.12	0.247	0.067	0.081	0.415	0.062	0.124	0.025	0.139	0.053	0.044	0.036	0.029	0.044	0.037	0.124	0.44	0.058	0.391	0.07	0.044	0.048	0.366	0.254	0.173	0.059	0.091	0.097	0.06	0.061	0.019	0.036	0.117	0.032	0.072	0.078	0.369	0.052	0.117	0.074	0.074	0.604	0.317	0.586	0.568	0.047	0.044	0.108	0.186	0.186	0.401	0.231	0.355	0.108	0.124	0.046	0.059	0.38	0.043	0.047	0.05	0.116	0.302	0.241	0.047	0.084	0.054	0.059	0.323	0.053	0.436	0.074	0.066	0.115	0.094	0.247	0.097	0.21	0.186	0.081	0.059	0.175	0.092	0.2	0.039	0	0.646	0.07	0.044	0.05	0.059	0.246	0.074	0.055	0.04	0.328	0.042	0.038	0.036	0.062	0.197	0.325	0.05	0.048	0.097	0.197	0.059	0.049	0.203	0.073	0.049	0.055	0.465	0.105	0.131	0.264	0.087	0.063	0.07	0.047	0.038	0.082	0.241	0.367	0.11	0.037	0.186	0.108	0.143	0.358	1	0.197	0	0.174	0.186	0.068	0.154	0.056	0.217	0.313	0.131	0.551	0.176	0.102	0.059	0.074	0.065	0.478	0.053	0.458	0.078	0.097	0.23	0.059	0.104	0.072	0.047	0.163	0.033	0.072	0.061	0.05	0.447	0.364	0.163	0.104	0.024	0.065	0.205	0.281	0.051	0	0.041	0.089	0.225	0.037	0.053	0.209	0.078
GO:0042440	0.126	0.193	0.105	0.145	0.21	0.166	0.224	0.155	0.077	0.16	0.094	0.272	0.101	0.147	0.07	0.097	0.147	0.11	0.16	0.242	0.116	0.312	0.176	0.147	0.13	0.194	0.123	0.288	0.176	0.149	0.147	0.093	0.095	0.098	0.108	0.306	0.048	0.123	0.105	0.098	0.097	0.199	0.128	0.128	0.207	0.116	0.221	0.143	0.123	0.147	0.128	0.224	0.224	0.311	0.245	0.306	0.128	0.16	0.083	0.176	0.306	0.06	0.084	0.073	0.144	0.388	0.149	0.054	0.118	0.08	0.176	0.124	0.1	0.116	0.128	0.118	0.141	0.105	0.21	0.147	0.179	0.224	0.224	0.176	0.179	0.134	0.109	0.097	0	0.191	0.176	0.147	0.091	0.176	0.275	0.128	0.16	0.054	0.26	0.105	0.068	0.047	0.077	0.543	0.285	0.086	0.055	0.147	0.543	0.176	0.09	0.158	0.095	0.133	0.106	0.129	0.123	0.373	0.325	0.095	0.148	0.176	0.065	0.049	0.112	0.19	0.154	0.133	0.089	0.224	0.128	0.428	0.103	0.197	1	0	0.298	0.224	0.113	0.166	0.085	0.203	0.274	0.373	0.156	0.068	0.15	0.176	0.119	0.104	0.156	0.062	0.11	0.105	0.147	0.259	0.176	0.263	0.075	0.067	0.162	0.093	0.093	0.096	0.072	0.171	0.456	0.162	0.263	0.107	0.104	0.342	0.13	0.141	0	0.128	0.167	0.264	0.088	0.101	0.139	0.105
GO:0170039	0	0	0	0	0	0	0	0	0	0	0	0	0	0	0	0	0	0	0	0	0	0	0	0	0	0	0	0	0	0	0	0	0	0	0	0	0	0	0	0	0	0	0	0	0	0	0	0	0	0	0	0	0	0	0	0	0	0	0	0	0	0	0	0	0	0	0	0	0	0	0	0	0	0	0	0	0	0	0	0	0	0	0	0	0	0	0	0	0	0	0	0	0	0	0	0	0	0	0	0	0	0	0	0	0	0	0	0	0	0	0	0	0	0	0	0	0	0	0	0	0	0	0	0	0	0	0	0	0	0	0	0	0	0	0	1	0	0	0	0	0	0	0	0	0	0	0	0	0	0	0	0	0	0	0	0	0	0	0	0	0	0	0	0	0	0	0	0	0	0	0	0	0	0	0	0	0	0	0	0	0	0
GO:0042554	0.06	0.108	0.124	0.179	0.23	0.095	0.123	0.16	0.095	0.2	0.038	0.263	0.099	0.069	0.064	0.043	0.069	0.053	0.2	0.119	0.111	0.159	0.1	0.069	0.069	0.183	0.115	0.139	0.089	0.155	0.166	0.101	0.103	0.032	0.053	0.178	0.051	0.128	0.124	0.105	0.096	0.2	0.133	0.133	0.18	0.134	0.238	0.134	0.066	0.069	0.166	0.298	0.298	0.133	0.263	0.396	0.166	0.2	0.083	0.089	0.355	0.068	0.084	0.082	0.183	0.486	0.154	0.068	0.138	0.089	0.089	0.143	0.098	0.109	0.133	0.116	0.18	0.139	0.23	0.166	0.08	0.298	0.123	0.089	0.091	0.154	0.078	0.053	0	0.234	0.1	0.069	0.09	0.089	0.145	0.133	0.082	0.062	0.303	0.057	0.065	0.055	0.094	0.298	0.132	0.086	0.07	0.166	0.298	0.089	0.089	0.163	0.115	0.071	0.103	0.136	0.16	0.194	0.154	0.128	0.087	0.1	0.073	0.056	0.132	0.233	0.147	0.171	0.049	0.298	0.166	0.217	0.096	0.174	0.298	0	1	0.298	0.12	0.231	0.094	0.176	0.322	0.194	0.129	0.074	0.167	0.089	0.125	0.112	0.176	0.078	0.126	0.124	0.166	0.342	0.089	0.143	0.102	0.075	0.083	0.046	0.113	0.104	0.081	0.19	0.244	0.083	0.143	0.04	0.112	0.18	0.137	0.074	0	0.061	0.159	0.281	0.049	0.099	0.146	0.124
GO:0007017	0.126	0.193	0.254	0.321	0.21	0.166	0.224	0.155	0.188	0.388	0.094	0.272	0.246	0.147	0.154	0.097	0.147	0.11	0.388	0.1	0.281	0.159	0.176	0.147	0.13	0.169	0.111	0.119	0.176	0.149	0.357	0.226	0.231	0.098	0.108	0.306	0.112	0.298	0.254	0.098	0.237	0.19	0.311	0.311	0.201	0.116	0.194	0.148	0.123	0.147	0.311	0.543	0.543	0.128	0.231	0.306	0.311	0.388	0.2	0.176	0.306	0.269	0.203	0.178	0.349	0.388	0.142	0.131	0.526	0.195	0.176	0.124	0.243	0.123	0.311	0.118	0.342	0.255	0.21	0.357	0.084	0.543	0.224	0.176	0.074	0.598	0.104	0.097	0	0.191	0.176	0.147	0.221	0.176	0.13	0.311	0.16	0.132	0.241	0.105	0.152	0.114	0.186	0.224	0.14	0.199	0.134	0.357	0.224	0.176	0.218	0.158	0.231	0.133	0.257	0.129	0.3	0.154	0.134	0.232	0.148	0.176	0.148	0.112	0.273	0.19	0.154	0.323	0.089	0.543	0.311	0.176	0.103	0.186	0.224	0	0.298	1	0.274	0.403	0.207	0.203	0.274	0.154	0.151	0.065	0.338	0.176	0.272	0.253	0.156	0.151	0.103	0.254	0.357	0.259	0.176	0.108	0.181	0.163	0.067	0.093	0.227	0.233	0.176	0.161	0.208	0.067	0.108	0.107	0.253	0.141	0.13	0.141	0	0.128	0.167	0.264	0.088	0.246	0.139	0.254
GO:0030198	0.056	0.101	0.118	0.169	0.09	0.089	0.113	0.063	0.091	0.186	0.036	0.101	0.093	0.064	0.164	0.041	0.064	0.05	0.186	0.046	0.315	0.087	0.094	0.064	0.065	0.072	0.046	0.054	0.083	0.061	0.155	0.096	0.098	0.03	0.05	0.163	0.143	0.12	0.118	0.042	0.09	0.078	0.228	0.377	0.07	0.054	0.094	0.111	0.062	0.064	0.334	0.274	0.274	0.051	0.102	0.154	0.156	0.186	0.239	0.083	0.137	0.2	0.242	0.078	0.171	0.186	0.061	0.135	0.292	0.242	0.083	0.057	0.092	0.149	0.377	0.048	0.169	0.132	0.09	0.47	0.04	0.274	0.113	0.083	0.036	0.144	0.046	0.051	0	0.092	0.094	0.064	0.085	0.083	0.057	0.124	0.077	0.06	0.118	0.054	0.062	0.138	0.204	0.113	0.069	0.236	0.164	0.47	0.113	0.083	0.256	0.064	0.109	0.066	0.293	0.054	0.151	0.074	0.059	0.122	0.082	0.094	0.07	0.09	0.125	0.092	0.058	0.161	0.047	0.274	0.334	0.083	0.117	0.068	0.113	0	0.12	0.274	1	0.217	0.089	0.068	0.125	0.074	0.051	0.03	0.156	0.083	0.117	0.319	0.07	0.075	0.05	0.118	0.284	0.134	0.083	0.056	0.098	0.072	0.033	0.044	0.107	0.098	0.077	0.075	0.096	0.033	0.056	0.037	0.319	0.069	0.054	0.069	0	0.057	0.067	0.109	0.047	0.093	0.058	0.118
GO:0007034	0.1	0.148	0.208	0.362	0.175	0.132	0.166	0.133	0.162	0.3	0.076	0.212	0.264	0.112	0.132	0.079	0.112	0.089	0.3	0.082	0.218	0.128	0.138	0.112	0.105	0.145	0.099	0.095	0.133	0.129	0.273	0.186	0.189	0.333	0.088	0.219	0.272	0.231	0.208	0.089	0.19	0.159	0.24	0.24	0.164	0.104	0.166	0.128	0.101	0.584	0.252	0.403	0.403	0.099	0.191	0.248	0.577	0.3	0.166	0.133	0.242	0.128	0.168	0.152	0.632	0.3	0.124	0.118	0.229	0.164	0.133	0.111	0.472	0.109	0.24	0.105	0.272	0.214	0.175	0.273	0.072	0.403	0.166	0.133	0.064	0.254	0.221	0.339	0	0.164	0.138	0.218	0.411	0.133	0.115	0.24	0.123	0.117	0.201	0.088	0.334	0.103	0.161	0.166	0.111	0.166	0.232	0.273	0.166	0.266	0.177	0.136	0.449	0.107	0.203	0.114	0.244	0.12	0.105	0.197	0.12	0.138	0.176	0.252	0.306	0.163	0.131	0.26	0.076	0.403	0.252	0.133	0.092	0.154	0.166	0	0.231	0.403	0.217	1	0.172	0.164	0.221	0.12	0.128	0.061	0.265	0.133	0.294	0.203	0.135	0.134	0.094	0.208	0.273	0.216	0.133	0.09	0.159	0.348	0.058	0.078	0.479	0.191	0.15	0.14	0.175	0.058	0.09	0.383	0.203	0.112	0.115	0.112	0	0.101	0.142	0.211	0.076	0.264	0.122	0.208
GO:0071880	0.045	0.181	0.509	0.137	0.074	0.071	0.085	0.117	0.433	0.145	0.063	0.079	0.074	0.111	0.052	0.033	0.111	0.092	0.145	0.038	0.081	0.069	0.074	0.111	0.12	0.061	0.04	0.043	0.138	0.12	0.119	0.201	0.176	0.024	0.177	0.12	0.044	0.094	0.788	0.038	0.384	0.065	0.096	0.096	0.057	0.048	0.079	0.052	0.051	0.049	0.126	0.207	0.207	0.04	0.084	0.125	0.126	0.145	0.065	0.138	0.108	0.057	0.065	0.367	0.136	0.145	0.053	0.083	0.104	0.071	0.063	0.05	0.074	0.045	0.096	0.1	0.134	0.292	0.074	0.119	0.058	0.207	0.085	0.145	0.052	0.113	0.041	0.115	0	0.078	0.239	0.049	0.069	0.063	0.05	0.096	0.06	0.135	0.098	0.144	0.053	0.121	0.201	0.085	0.055	0.067	0.06	0.119	0.085	0.063	0.068	0.055	0.09	0.238	0.076	0.047	0.327	0.058	0.046	0.154	0.178	0.239	0.141	0.049	0.101	0.078	0.105	0.343	0.108	0.207	0.126	0.063	0.034	0.056	0.085	0	0.094	0.207	0.089	0.172	1	0.055	0.101	0.058	0.043	0.028	0.287	0.063	0.094	0.084	0.133	0.066	0.106	0.509	0.119	0.2	0.145	0.125	0.454	0.062	0.077	0.082	0.089	0.08	0.066	0.065	0.08	0.077	0.125	0.029	0.084	0.055	0.047	0.055	0	0.045	0.143	0.087	0.124	0.074	0.05	0.509
GO:0045116	0.037	0.075	0.079	0.125	0.283	0.068	0.083	0.225	0.062	0.132	0.02	0.136	0.052	0.042	0.034	0.025	0.042	0.034	0.132	0.448	0.057	0.228	0.071	0.042	0.047	0.2	0.123	0.155	0.058	0.085	0.101	0.059	0.06	0.013	0.033	0.125	0.03	0.073	0.079	0.263	0.051	0.113	0.075	0.075	0.206	0.367	0.284	0.15	0.045	0.042	0.112	0.203	0.203	0.216	0.221	0.358	0.112	0.132	0.045	0.058	0.292	0.042	0.045	0.049	0.122	0.319	0.394	0.046	0.086	0.053	0.058	0.186	0.052	0.112	0.075	0.061	0.12	0.096	0.283	0.101	0.102	0.203	0.083	0.058	0.116	0.095	0.109	0.037	0	0.387	0.071	0.042	0.048	0.058	0.147	0.075	0.054	0.038	0.479	0.04	0.036	0.034	0.062	0.203	0.176	0.048	0.047	0.101	0.203	0.058	0.047	0.186	0.073	0.047	0.054	0.203	0.109	0.128	0.249	0.089	0.062	0.071	0.046	0.036	0.083	0.229	0.189	0.115	0.035	0.203	0.112	0.141	0.126	0.217	0.203	0	0.176	0.203	0.068	0.164	0.055	1	0.305	0.128	0.131	0.098	0.107	0.058	0.075	0.064	0.271	0.052	0.186	0.079	0.101	0.236	0.058	0.099	0.073	0.046	0.134	0.03	0.072	0.061	0.049	0.228	0.259	0.134	0.099	0.019	0.064	0.191	0.158	0.049	0	0.038	0.083	0.213	0.034	0.052	0.33	0.079
GO:0030258	0.061	0.102	0.128	0.176	0.308	0.091	0.113	0.269	0.101	0.194	0.042	0.281	0.107	0.068	0.073	0.046	0.068	0.055	0.194	0.285	0.118	0.242	0.095	0.068	0.069	0.323	0.214	0.242	0.085	0.176	0.165	0.108	0.11	0.037	0.054	0.157	0.058	0.133	0.128	0.191	0.104	0.22	0.137	0.137	0.321	0.238	0.387	0.237	0.066	0.068	0.165	0.274	0.274	0.232	0.366	0.514	0.165	0.194	0.092	0.085	0.359	0.076	0.093	0.09	0.179	0.47	0.273	0.075	0.14	0.096	0.085	0.207	0.106	0.193	0.137	0.137	0.177	0.141	0.308	0.165	0.135	0.274	0.113	0.085	0.264	0.154	0.131	0.054	0	0.369	0.095	0.068	0.099	0.085	0.2	0.137	0.08	0.07	0.381	0.058	0.074	0.062	0.1	0.274	0.208	0.094	0.076	0.165	0.274	0.085	0.098	0.235	0.119	0.07	0.111	0.237	0.16	0.188	0.375	0.131	0.084	0.095	0.08	0.062	0.136	0.556	0.253	0.169	0.051	0.274	0.165	0.207	0.179	0.313	0.274	0	0.322	0.274	0.125	0.221	0.101	0.305	1	0.188	0.239	0.132	0.166	0.085	0.129	0.118	0.289	0.084	0.216	0.128	0.165	0.347	0.085	0.145	0.107	0.083	0.142	0.048	0.118	0.111	0.089	0.329	0.315	0.142	0.145	0.043	0.118	0.281	0.2	0.073	0	0.061	0.182	0.379	0.05	0.107	0.252	0.128
GO:0044282	0.085	0.136	0.073	0.107	0.143	0.12	0.154	0.106	0.056	0.11	0.061	0.173	0.065	0.097	0.049	0.065	0.097	0.076	0.11	0.169	0.073	0.217	0.126	0.097	0.092	0.231	0.151	0.197	0.119	0.102	0.097	0.063	0.064	0.059	0.075	0.211	0.035	0.08	0.073	0.118	0.063	0.137	0.083	0.083	0.133	0.084	0.301	0.097	0.088	0.097	0.091	0.154	0.154	0.201	0.171	0.4	0.091	0.11	0.055	0.119	0.207	0.043	0.055	0.051	0.1	0.266	0.185	0.04	0.08	0.055	0.119	0.089	0.065	0.079	0.083	0.082	0.099	0.076	0.264	0.097	0.123	0.154	0.154	0.119	0.13	0.09	0.079	0.071	0	0.137	0.126	0.097	0.06	0.119	0.11	0.083	0.11	0.039	0.189	0.076	0.048	0.034	0.055	0.373	0.192	0.059	0.041	0.097	0.373	0.119	0.059	0.108	0.067	0.094	0.068	0.165	0.088	0.474	0.218	0.07	0.109	0.126	0.047	0.037	0.077	0.136	0.102	0.094	0.066	0.154	0.091	0.532	0.07	0.131	0.373	0	0.194	0.154	0.074	0.12	0.058	0.128	0.188	1	0.102	0.084	0.104	0.119	0.081	0.069	0.11	0.046	0.082	0.073	0.097	0.188	0.119	0.191	0.056	0.047	0.118	0.066	0.066	0.065	0.05	0.228	0.181	0.118	0.191	0.067	0.069	0.441	0.09	0.099	0	0.086	0.113	0.322	0.065	0.065	0.177	0.073
GO:0034472	0.03	0.059	0.061	0.099	0.179	0.055	0.064	0.287	0.05	0.1	0.017	0.098	0.038	0.033	0.026	0.021	0.033	0.028	0.1	0.328	0.041	0.285	0.056	0.033	0.038	0.264	0.181	0.129	0.045	0.066	0.075	0.045	0.046	0.01	0.027	0.095	0.024	0.053	0.061	0.29	0.037	0.087	0.055	0.055	0.498	0.242	0.467	0.515	0.037	0.033	0.088	0.151	0.151	0.282	0.177	0.287	0.088	0.1	0.033	0.045	0.301	0.034	0.034	0.039	0.094	0.242	0.178	0.039	0.066	0.041	0.045	0.258	0.038	0.272	0.055	0.047	0.093	0.077	0.179	0.075	0.139	0.151	0.064	0.045	0.131	0.071	0.15	0.031	0	0.498	0.056	0.033	0.035	0.045	0.182	0.055	0.043	0.031	0.254	0.033	0.028	0.028	0.05	0.156	0.223	0.037	0.039	0.075	0.156	0.045	0.035	0.15	0.058	0.039	0.039	0.333	0.086	0.102	0.199	0.072	0.051	0.056	0.038	0.03	0.064	0.188	0.238	0.09	0.03	0.151	0.088	0.11	0.228	0.551	0.156	0	0.129	0.151	0.051	0.128	0.043	0.131	0.239	0.102	1	0.134	0.081	0.045	0.056	0.048	0.351	0.043	0.357	0.061	0.075	0.189	0.045	0.082	0.061	0.036	0.122	0.025	0.057	0.046	0.038	0.348	0.277	0.122	0.082	0.015	0.048	0.157	0.213	0.04	0	0.03	0.062	0.166	0.029	0.038	0.148	0.061
GO:0071616	0.016	0.027	0.035	0.051	0.178	0.026	0.028	0.168	0.032	0.048	0.011	0.062	0.025	0.017	0.021	0.013	0.017	0.016	0.048	0.137	0.026	0.072	0.027	0.017	0.02	0.358	0.541	0.236	0.022	0.091	0.038	0.029	0.029	0.009	0.016	0.038	0.021	0.031	0.035	0.308	0.025	0.086	0.031	0.031	0.175	0.324	0.354	0.146	0.02	0.017	0.046	0.065	0.065	0.062	0.288	0.183	0.046	0.048	0.024	0.022	0.221	0.025	0.024	0.027	0.047	0.173	0.126	0.028	0.036	0.027	0.022	0.54	0.025	0.125	0.031	0.071	0.047	0.043	0.09	0.038	0.046	0.065	0.028	0.022	0.173	0.038	0.055	0.018	0	0.246	0.027	0.017	0.024	0.022	0.34	0.031	0.021	0.024	0.118	0.019	0.022	0.023	0.032	0.068	0.06	0.025	0.028	0.038	0.068	0.022	0.024	0.273	0.034	0.02	0.025	0.175	0.045	0.127	0.099	0.042	0.026	0.027	0.027	0.024	0.036	0.22	0.149	0.046	0.018	0.065	0.046	0.087	0.262	0.176	0.068	0	0.074	0.065	0.03	0.061	0.028	0.098	0.132	0.084	0.134	1	0.042	0.022	0.032	0.029	0.194	0.03	0.193	0.035	0.038	0.106	0.022	0.086	0.039	0.026	0.116	0.015	0.034	0.029	0.026	0.405	0.2	0.116	0.086	0.01	0.029	0.116	0.395	0.02	0	0.016	0.081	0.118	0.018	0.025	0.11	0.035
GO:0099536	0.084	0.133	0.36	0.21	0.124	0.118	0.15	0.091	0.277	0.238	0.06	0.147	0.135	0.095	0.089	0.064	0.095	0.075	0.238	0.069	0.151	0.114	0.123	0.095	0.091	0.101	0.066	0.08	0.116	0.088	0.207	0.133	0.135	0.058	0.074	0.206	0.069	0.167	0.36	0.06	0.309	0.111	0.173	0.173	0.108	0.073	0.123	0.087	0.087	0.095	0.198	0.338	0.338	0.081	0.139	0.195	0.198	0.238	0.114	0.116	0.182	0.09	0.115	0.252	0.218	0.238	0.086	0.086	0.172	0.117	0.116	0.078	0.134	0.074	0.173	0.07	0.214	0.167	0.124	0.207	0.059	0.338	0.15	0.116	0.053	0.191	0.065	0.07	0	0.121	0.123	0.095	0.124	0.116	0.08	0.173	0.107	0.082	0.153	0.075	0.089	0.072	0.119	0.15	0.096	0.115	0.088	0.207	0.15	0.116	0.122	0.092	0.144	0.092	0.141	0.077	0.192	0.104	0.088	0.153	0.107	0.123	0.094	0.072	0.165	0.121	0.087	0.204	0.065	0.338	0.198	0.116	0.059	0.102	0.15	0	0.167	0.338	0.156	0.265	0.287	0.107	0.166	0.104	0.081	0.042	1	0.116	0.16	0.146	0.096	0.098	0.067	0.36	0.207	0.169	0.116	0.077	0.282	0.099	0.048	0.065	0.141	0.136	0.107	0.101	0.128	0.048	0.077	0.065	0.146	0.097	0.078	0.097	0	0.085	0.097	0.151	0.064	0.135	0.083	0.36
GO:0050877	0.231	0.154	0.08	0.117	0.064	0.323	0.176	0.047	0.06	0.123	0.067	0.08	0.073	0.11	0.053	0.071	0.11	0.083	0.123	0.076	0.082	0.128	0.141	0.11	0.102	0.061	0.038	0.09	0.135	0.045	0.11	0.069	0.071	0.066	0.082	0.246	0.036	0.089	0.08	0.03	0.07	0.061	0.093	0.093	0.06	0.036	0.072	0.045	0.214	0.11	0.1	0.176	0.176	0.093	0.077	0.099	0.1	0.123	0.06	0.135	0.095	0.045	0.06	0.055	0.112	0.123	0.046	0.079	0.089	0.06	0.135	0.039	0.072	0.037	0.093	0.037	0.11	0.083	0.064	0.11	0.065	0.176	0.176	0.135	0.057	0.101	0.034	0.077	0	0.061	0.141	0.11	0.065	0.135	0.048	0.093	0.123	0.099	0.084	0.201	0.051	0.036	0.059	0.176	0.109	0.064	0.043	0.11	0.176	0.135	0.065	0.048	0.073	0.104	0.076	0.039	0.097	0.119	0.101	0.167	0.12	0.141	0.05	0.038	0.085	0.06	0.045	0.104	0.071	0.176	0.1	0.135	0.03	0.059	0.176	0	0.089	0.176	0.083	0.133	0.063	0.058	0.085	0.119	0.045	0.022	0.116	1	0.09	0.077	0.048	0.109	0.035	0.08	0.11	0.084	0.135	0.085	0.06	0.05	0.052	0.071	0.071	0.162	0.112	0.054	0.081	0.052	0.085	0.075	0.077	0.11	0.039	0.11	0	0.234	0.056	0.08	0.07	0.073	0.042	0.08
GO:0060285	0.064	0.107	0.122	0.8	0.095	0.095	0.119	0.068	0.095	0.189	0.043	0.107	0.152	0.072	0.066	0.048	0.072	0.057	0.189	0.053	0.109	0.092	0.1	0.072	0.174	0.077	0.05	0.061	0.09	0.066	0.158	0.101	0.103	0.081	0.057	0.405	0.084	0.125	0.122	0.046	0.096	0.083	0.129	0.129	0.076	0.057	0.098	0.065	0.069	0.158	0.159	0.272	0.272	0.059	0.107	0.157	0.218	0.189	0.084	0.09	0.141	0.07	0.085	0.083	0.238	0.189	0.065	0.162	0.134	0.089	0.09	0.061	0.15	0.056	0.129	0.052	0.171	0.136	0.095	0.158	0.046	0.272	0.119	0.09	0.041	0.263	0.075	0.103	0	0.096	0.1	0.158	0.129	0.09	0.062	0.129	0.084	0.064	0.122	0.06	0.109	0.056	0.094	0.119	0.076	0.087	0.11	0.158	0.119	0.203	0.09	0.069	0.164	0.073	0.102	0.058	0.155	0.081	0.067	0.125	0.087	0.242	0.344	0.093	0.2	0.096	0.063	0.164	0.052	0.272	0.159	0.09	0.042	0.074	0.119	0	0.125	0.272	0.117	0.294	0.094	0.075	0.129	0.081	0.056	0.032	0.16	0.09	1	0.11	0.074	0.079	0.054	0.122	0.158	0.137	0.09	0.062	0.102	0.118	0.038	0.05	0.172	0.103	0.082	0.079	0.1	0.038	0.062	0.096	0.11	0.076	0.058	0.076	0	0.064	0.072	0.114	0.052	0.152	0.062	0.122
GO:0044782	0.053	0.094	0.111	0.16	0.085	0.084	0.104	0.06	0.087	0.173	0.034	0.094	0.087	0.059	0.157	0.038	0.059	0.048	0.173	0.044	0.459	0.081	0.088	0.059	0.061	0.069	0.044	0.05	0.077	0.059	0.144	0.091	0.092	0.028	0.047	0.149	0.214	0.112	0.111	0.041	0.085	0.074	0.212	0.549	0.066	0.052	0.089	0.107	0.059	0.059	0.456	0.253	0.253	0.048	0.097	0.145	0.147	0.173	0.355	0.077	0.128	0.527	0.358	0.075	0.16	0.173	0.059	0.234	0.402	0.23	0.077	0.055	0.087	0.144	0.351	0.046	0.158	0.126	0.085	0.437	0.039	0.253	0.104	0.077	0.035	0.134	0.045	0.048	0	0.088	0.088	0.059	0.08	0.077	0.055	0.115	0.071	0.058	0.112	0.052	0.06	0.188	0.286	0.104	0.065	0.326	0.227	0.437	0.104	0.077	0.242	0.062	0.103	0.062	0.275	0.052	0.143	0.069	0.055	0.116	0.077	0.088	0.067	0.087	0.117	0.088	0.055	0.151	0.045	0.253	0.456	0.077	0.113	0.065	0.104	0	0.112	0.253	0.319	0.203	0.084	0.064	0.118	0.069	0.048	0.029	0.146	0.077	0.11	1	0.067	0.072	0.049	0.111	0.264	0.127	0.077	0.053	0.095	0.069	0.032	0.042	0.102	0.093	0.074	0.072	0.091	0.032	0.053	0.034	0.3	0.065	0.052	0.065	0	0.053	0.064	0.102	0.045	0.087	0.055	0.111
GO:0006281	0.035	0.146	0.168	0.11	0.306	0.056	0.064	0.89	0.148	0.112	0.056	0.149	0.058	0.168	0.043	0.026	0.091	0.079	0.112	0.276	0.062	0.212	0.057	0.168	0.101	0.366	0.27	0.143	0.048	0.107	0.091	0.063	0.155	0.018	0.144	0.089	0.038	0.072	0.168	0.334	0.129	0.13	0.074	0.074	0.485	0.297	0.545	0.362	0.04	0.038	0.1	0.156	0.156	0.203	0.22	0.316	0.1	0.112	0.052	0.048	0.343	0.049	0.053	0.127	0.106	0.271	0.289	0.076	0.082	0.058	0.048	0.32	0.058	0.293	0.074	0.084	0.105	0.09	0.306	0.091	0.146	0.156	0.064	0.215	0.161	0.087	0.129	0.035	0	0.795	0.057	0.038	0.055	0.048	0.255	0.074	0.046	0.045	0.385	0.037	0.044	0.041	0.064	0.156	0.176	0.055	0.052	0.091	0.156	0.048	0.055	0.207	0.073	0.102	0.06	0.449	0.098	0.11	0.216	0.153	0.053	0.057	0.052	0.043	0.08	0.234	0.806	0.102	0.033	0.156	0.1	0.117	0.324	0.478	0.156	0	0.176	0.156	0.07	0.135	0.133	0.271	0.289	0.11	0.351	0.194	0.096	0.048	0.074	0.067	1	0.056	0.399	0.168	0.091	0.305	0.117	0.091	0.156	0.052	0.143	0.072	0.072	0.064	0.054	0.433	0.346	0.143	0.091	0.022	0.067	0.167	0.285	0.043	0	0.035	0.106	0.215	0.071	0.058	0.262	0.168
GO:0007286	0.196	0.059	0.081	0.111	0.066	0.24	0.062	0.051	0.069	0.113	0.026	0.068	0.065	0.039	0.05	0.029	0.039	0.034	0.113	0.033	0.069	0.054	0.201	0.039	0.042	0.057	0.041	0.036	0.048	0.05	0.095	0.069	0.069	0.022	0.034	0.084	0.044	0.078	0.081	0.039	0.064	0.06	0.079	0.079	0.053	0.047	0.071	0.05	0.201	0.039	0.102	0.151	0.151	0.033	0.073	0.101	0.102	0.113	0.059	0.048	0.089	0.054	0.059	0.061	0.108	0.113	0.051	0.206	0.086	0.064	0.203	0.049	0.065	0.045	0.079	0.042	0.338	0.279	0.066	0.095	0.03	0.151	0.062	0.048	0.028	0.091	0.042	0.036	0	0.07	0.137	0.039	0.062	0.203	0.049	0.079	0.179	0.276	0.084	0.195	0.051	0.046	0.069	0.062	0.044	0.177	0.057	0.095	0.062	0.048	0.061	0.052	0.078	0.043	0.066	0.046	0.1	0.046	0.037	0.124	0.052	0.056	0.057	0.048	0.084	0.07	0.048	0.104	0.085	0.151	0.102	0.048	0.036	0.053	0.062	0	0.078	0.151	0.075	0.134	0.066	0.052	0.084	0.046	0.043	0.03	0.098	0.109	0.079	0.072	0.056	1	0.045	0.081	0.095	0.093	0.048	0.039	0.076	0.058	0.026	0.032	0.077	0.298	0.307	0.06	0.07	0.026	0.039	0.025	0.072	0.044	0.046	0.169	0	0.165	0.054	0.074	0.035	0.065	0.048	0.081
GO:0051254	0.027	0.043	0.131	0.079	0.184	0.041	0.045	0.36	0.124	0.077	0.02	0.108	0.043	0.029	0.035	0.022	0.029	0.026	0.077	0.227	0.045	0.166	0.042	0.029	0.032	0.316	0.251	0.111	0.075	0.305	0.063	0.121	0.047	0.016	0.079	0.06	0.032	0.052	0.131	0.311	0.099	0.1	0.052	0.052	0.463	0.222	0.444	0.369	0.031	0.029	0.072	0.103	0.103	0.157	0.166	0.23	0.072	0.077	0.04	0.075	0.253	0.039	0.04	0.105	0.075	0.187	0.207	0.042	0.059	0.044	0.035	0.278	0.043	0.313	0.052	0.253	0.074	0.177	0.184	0.063	0.107	0.103	0.045	0.035	0.155	0.062	0.116	0.077	0	0.495	0.134	0.029	0.041	0.035	0.228	0.052	0.034	0.096	0.23	0.092	0.036	0.089	0.131	0.11	0.141	0.042	0.042	0.063	0.11	0.035	0.041	0.176	0.055	0.101	0.044	0.404	0.188	0.082	0.164	0.08	0.107	0.134	0.157	0.036	0.058	0.187	0.33	0.193	0.074	0.103	0.072	0.086	0.309	0.458	0.11	0	0.126	0.103	0.05	0.094	0.106	0.186	0.216	0.082	0.357	0.193	0.067	0.035	0.054	0.049	0.399	0.045	1	0.131	0.063	0.163	0.035	0.27	0.132	0.041	0.368	0.024	0.054	0.048	0.043	0.368	0.282	0.234	0.166	0.019	0.049	0.127	0.249	0.033	0	0.027	0.194	0.159	0.087	0.043	0.187	0.131
GO:0007219	0.057	0.217	0.791	0.167	0.097	0.086	0.105	0.153	0.537	0.181	0.084	0.108	0.101	0.141	0.07	0.043	0.141	0.115	0.181	0.048	0.111	0.083	0.089	0.141	0.146	0.08	0.054	0.055	0.169	0.159	0.154	0.258	0.227	0.035	0.22	0.145	0.056	0.124	0.645	0.049	0.521	0.086	0.128	0.128	0.08	0.06	0.099	0.069	0.062	0.063	0.156	0.254	0.254	0.053	0.108	0.154	0.156	0.181	0.087	0.169	0.139	0.073	0.088	0.472	0.169	0.181	0.069	0.102	0.132	0.092	0.08	0.064	0.1	0.059	0.128	0.132	0.166	0.351	0.097	0.154	0.075	0.254	0.105	0.179	0.065	0.145	0.053	0.14	0	0.098	0.285	0.063	0.093	0.08	0.065	0.128	0.075	0.169	0.122	0.173	0.071	0.15	0.247	0.105	0.068	0.089	0.073	0.154	0.105	0.08	0.093	0.073	0.114	0.288	0.104	0.062	0.396	0.073	0.06	0.19	0.214	0.285	0.178	0.061	0.128	0.098	0.142	0.418	0.132	0.254	0.156	0.08	0.047	0.078	0.105	0	0.124	0.254	0.118	0.208	0.509	0.079	0.128	0.073	0.061	0.035	0.36	0.08	0.122	0.111	0.168	0.081	0.131	1	0.154	0.248	0.179	0.153	0.546	0.08	0.096	0.102	0.112	0.105	0.085	0.082	0.102	0.096	0.153	0.041	0.111	0.068	0.062	0.068	0	0.058	0.188	0.114	0.154	0.101	0.066	0.645
GO:0022613	0.075	0.129	0.154	0.213	0.121	0.112	0.147	0.086	0.116	0.244	0.051	0.145	0.132	0.087	0.232	0.055	0.087	0.066	0.244	0.061	0.274	0.108	0.119	0.087	0.083	0.097	0.062	0.071	0.11	0.083	0.21	0.129	0.132	0.047	0.066	0.21	0.116	0.166	0.154	0.056	0.127	0.106	0.825	0.319	0.102	0.069	0.12	0.39	0.08	0.087	0.303	0.357	0.357	0.071	0.136	0.197	0.2	0.244	0.319	0.11	0.183	0.262	0.526	0.104	0.222	0.244	0.081	0.123	0.269	0.537	0.11	0.074	0.131	0.328	0.319	0.065	0.218	0.166	0.121	0.387	0.052	0.357	0.147	0.11	0.046	0.193	0.06	0.063	0	0.118	0.119	0.087	0.119	0.11	0.076	0.173	0.101	0.078	0.152	0.068	0.084	0.19	0.181	0.147	0.089	0.199	0.137	0.387	0.147	0.11	0.359	0.088	0.141	0.085	0.253	0.073	0.193	0.097	0.08	0.152	0.101	0.119	0.09	0.279	0.165	0.117	0.081	0.207	0.059	0.357	0.303	0.11	0.16	0.097	0.147	0	0.166	0.357	0.284	0.273	0.119	0.101	0.165	0.097	0.075	0.038	0.207	0.11	0.158	0.264	0.091	0.095	0.063	0.154	1	0.169	0.11	0.071	0.121	0.095	0.042	0.057	0.139	0.133	0.102	0.097	0.125	0.042	0.071	0.055	0.437	0.09	0.073	0.09	0	0.076	0.092	0.149	0.058	0.132	0.078	0.154
GO:0006805	0.063	0.208	0.248	0.178	0.273	0.089	0.107	0.286	0.209	0.193	0.088	0.307	0.119	0.139	0.085	0.05	0.238	0.198	0.193	0.132	0.129	0.163	0.092	0.139	0.25	0.23	0.16	0.148	0.084	0.204	0.169	0.118	0.394	0.043	0.115	0.142	0.068	0.141	0.248	0.147	0.205	0.247	0.145	0.145	0.238	0.175	0.273	0.187	0.067	0.069	0.168	0.259	0.259	0.145	0.299	0.403	0.168	0.193	0.104	0.084	0.372	0.086	0.104	0.186	0.18	0.468	0.2	0.152	0.147	0.107	0.084	0.185	0.118	0.159	0.145	0.164	0.178	0.146	0.273	0.169	0.128	0.259	0.107	0.173	0.106	0.159	0.105	0.057	0	0.27	0.092	0.069	0.11	0.084	0.189	0.145	0.079	0.08	0.329	0.06	0.085	0.071	0.109	0.259	0.143	0.105	0.085	0.169	0.259	0.084	0.109	0.213	0.128	0.146	0.122	0.183	0.164	0.188	0.159	0.17	0.083	0.092	0.089	0.072	0.143	0.269	0.271	0.172	0.054	0.259	0.168	0.204	0.145	0.23	0.259	0	0.342	0.259	0.134	0.216	0.2	0.236	0.347	0.188	0.189	0.106	0.169	0.084	0.137	0.127	0.305	0.093	0.163	0.248	0.169	1	0.484	0.15	0.211	0.094	0.098	0.103	0.126	0.121	0.099	0.231	0.281	0.098	0.15	0.048	0.127	0.178	0.184	0.073	0	0.064	0.211	0.317	0.098	0.119	0.194	0.248
GO:0009410	0.095	0.373	0.179	0.117	0.064	0.133	0.176	0.113	0.145	0.123	0.164	0.08	0.073	0.267	0.053	0.071	0.491	0.373	0.123	0.076	0.082	0.128	0.141	0.267	0.454	0.061	0.038	0.09	0.135	0.045	0.11	0.069	0.315	0.066	0.2	0.246	0.036	0.089	0.179	0.03	0.162	0.061	0.093	0.093	0.06	0.036	0.072	0.045	0.097	0.11	0.1	0.176	0.176	0.093	0.077	0.099	0.1	0.123	0.06	0.135	0.095	0.045	0.06	0.133	0.112	0.123	0.046	0.17	0.089	0.06	0.135	0.039	0.072	0.037	0.093	0.037	0.11	0.083	0.064	0.11	0.133	0.176	0.176	0.329	0.057	0.101	0.034	0.077	0	0.061	0.141	0.11	0.065	0.135	0.048	0.093	0.123	0.041	0.084	0.083	0.051	0.036	0.059	0.176	0.109	0.064	0.043	0.11	0.176	0.135	0.065	0.048	0.073	0.252	0.076	0.039	0.097	0.119	0.101	0.148	0.12	0.141	0.05	0.038	0.085	0.06	0.11	0.104	0.071	0.176	0.1	0.135	0.03	0.059	0.176	0	0.089	0.176	0.083	0.133	0.145	0.058	0.085	0.119	0.045	0.022	0.116	0.135	0.09	0.077	0.117	0.048	0.035	0.179	0.11	0.484	1	0.085	0.132	0.05	0.052	0.173	0.071	0.071	0.054	0.054	0.081	0.052	0.085	0.075	0.077	0.11	0.039	0.11	0	0.096	0.056	0.08	0.155	0.073	0.042	0.179
GO:0009891	0.064	0.099	0.153	0.083	0.209	0.09	0.108	0.087	0.137	0.081	0.047	0.128	0.049	0.071	0.04	0.051	0.071	0.059	0.081	0.133	0.054	0.165	0.094	0.071	0.071	0.114	0.14	0.276	0.176	0.315	0.071	0.145	0.05	0.044	0.174	0.145	0.03	0.059	0.153	0.112	0.13	0.109	0.061	0.061	0.103	0.134	0.134	0.08	0.068	0.071	0.07	0.108	0.108	0.147	0.247	0.168	0.07	0.081	0.043	0.176	0.156	0.036	0.044	0.122	0.075	0.196	0.088	0.035	0.061	0.044	0.085	0.141	0.049	0.067	0.061	0.26	0.074	0.187	0.114	0.071	0.1	0.108	0.108	0.085	0.229	0.067	0.069	0.155	0	0.112	0.294	0.071	0.046	0.085	0.15	0.061	0.081	0.097	0.15	0.187	0.039	0.087	0.136	0.263	0.145	0.046	0.035	0.071	0.263	0.085	0.046	0.163	0.053	0.22	0.051	0.076	0.209	0.351	0.162	0.091	0.227	0.294	0.165	0.032	0.059	0.206	0.084	0.22	0.146	0.108	0.07	0.207	0.111	0.104	0.263	0	0.143	0.108	0.056	0.09	0.125	0.099	0.145	0.191	0.082	0.086	0.077	0.085	0.062	0.053	0.091	0.039	0.27	0.153	0.071	0.15	0.085	1	0.128	0.039	0.655	0.052	0.052	0.05	0.041	0.104	0.145	0.394	0.602	0.049	0.053	0.181	0.141	0.074	0	0.065	0.224	0.133	0.179	0.049	0.081	0.153
GO:0007602	0.046	0.158	0.546	0.134	0.086	0.066	0.075	0.145	0.481	0.139	0.073	0.092	0.088	0.108	0.067	0.038	0.108	0.095	0.139	0.041	0.093	0.064	0.067	0.108	0.179	0.075	0.055	0.045	0.123	0.153	0.121	0.221	0.194	0.031	0.18	0.098	0.057	0.102	0.546	0.051	0.456	0.079	0.104	0.104	0.074	0.06	0.089	0.067	0.051	0.05	0.126	0.181	0.181	0.043	0.094	0.124	0.126	0.139	0.079	0.123	0.113	0.07	0.08	0.431	0.133	0.139	0.067	0.127	0.109	0.083	0.06	0.063	0.087	0.06	0.104	0.133	0.131	0.29	0.086	0.121	0.068	0.181	0.075	0.132	0.06	0.116	0.055	0.12	0	0.088	0.211	0.05	0.083	0.06	0.064	0.104	0.057	0.162	0.104	0.143	0.068	0.148	0.219	0.075	0.054	0.081	0.071	0.121	0.075	0.06	0.083	0.069	0.098	0.305	0.089	0.062	0.316	0.056	0.048	0.167	0.168	0.211	0.168	0.061	0.107	0.088	0.136	0.328	0.115	0.181	0.126	0.06	0.05	0.072	0.075	0	0.102	0.181	0.098	0.159	0.454	0.073	0.107	0.056	0.061	0.039	0.282	0.06	0.102	0.095	0.156	0.076	0.132	0.546	0.121	0.211	0.132	0.128	1	0.075	0.089	0.676	0.097	0.091	0.078	0.077	0.09	0.089	0.128	0.035	0.095	0.054	0.062	0.054	0	0.047	0.174	0.097	0.138	0.088	0.064	0.546
GO:0006605	0.036	0.063	0.08	0.174	0.062	0.058	0.067	0.046	0.067	0.116	0.024	0.064	0.395	0.039	0.044	0.027	0.039	0.034	0.116	0.032	0.065	0.057	0.06	0.039	0.043	0.052	0.036	0.035	0.05	0.045	0.095	0.065	0.066	0.236	0.034	0.093	0.713	0.075	0.08	0.034	0.059	0.055	0.077	0.077	0.047	0.042	0.068	0.045	0.042	0.266	0.104	0.163	0.163	0.032	0.07	0.103	0.263	0.116	0.054	0.05	0.088	0.05	0.055	0.057	0.279	0.116	0.046	0.052	0.085	0.06	0.05	0.045	0.356	0.04	0.077	0.037	0.109	0.093	0.062	0.095	0.029	0.163	0.067	0.05	0.027	0.091	0.496	0.171	0	0.067	0.06	0.266	0.185	0.05	0.044	0.077	0.048	0.046	0.083	0.038	0.393	0.042	0.066	0.067	0.045	0.057	0.406	0.095	0.067	0.215	0.057	0.047	0.381	0.044	0.062	0.041	0.102	0.047	0.037	0.088	0.055	0.06	0.082	0.53	0.35	0.067	0.042	0.106	0.035	0.163	0.104	0.05	0.03	0.047	0.067	0	0.075	0.163	0.072	0.348	0.062	0.046	0.083	0.047	0.036	0.026	0.099	0.05	0.118	0.069	0.052	0.058	0.041	0.08	0.095	0.094	0.05	0.039	0.075	1	0.025	0.031	0.441	0.066	0.056	0.056	0.068	0.025	0.039	0.34	0.069	0.045	0.041	0.045	0	0.037	0.049	0.071	0.034	0.395	0.043	0.08
GO:0010557	0.039	0.063	0.096	0.055	0.371	0.058	0.067	0.131	0.092	0.049	0.027	0.072	0.028	0.042	0.026	0.031	0.042	0.036	0.049	0.204	0.03	0.234	0.06	0.042	0.045	0.127	0.179	0.328	0.11	0.196	0.042	0.09	0.03	0.023	0.111	0.09	0.02	0.034	0.096	0.221	0.075	0.068	0.035	0.035	0.152	0.271	0.134	0.124	0.044	0.042	0.045	0.067	0.067	0.227	0.302	0.187	0.045	0.049	0.026	0.11	0.094	0.023	0.026	0.079	0.047	0.12	0.139	0.024	0.038	0.028	0.052	0.18	0.028	0.102	0.035	0.164	0.047	0.126	0.17	0.042	0.143	0.067	0.067	0.052	0.237	0.04	0.125	0.104	0	0.179	0.192	0.042	0.027	0.052	0.166	0.035	0.049	0.065	0.215	0.126	0.025	0.06	0.092	0.162	0.2	0.029	0.024	0.042	0.162	0.052	0.027	0.19	0.034	0.142	0.029	0.117	0.137	0.217	0.166	0.06	0.15	0.192	0.111	0.022	0.037	0.239	0.122	0.142	0.099	0.067	0.045	0.125	0.208	0.163	0.162	0	0.083	0.067	0.033	0.058	0.077	0.134	0.142	0.118	0.122	0.116	0.048	0.052	0.038	0.032	0.143	0.026	0.368	0.096	0.042	0.098	0.052	0.655	0.089	0.025	1	0.033	0.033	0.03	0.026	0.118	0.136	0.631	0.394	0.027	0.032	0.18	0.168	0.047	0	0.039	0.139	0.133	0.116	0.028	0.123	0.096
GO:0009583	0.052	0.208	0.102	0.071	0.037	0.078	0.093	0.067	0.091	0.067	0.087	0.04	0.038	0.139	0.032	0.04	0.139	0.116	0.067	0.045	0.041	0.076	0.081	0.139	0.243	0.038	0.025	0.05	0.071	0.027	0.057	0.039	0.096	0.032	0.114	0.128	0.024	0.046	0.102	0.019	0.084	0.035	0.048	0.048	0.032	0.024	0.046	0.027	0.057	0.057	0.059	0.093	0.093	0.048	0.045	0.058	0.059	0.067	0.033	0.071	0.052	0.028	0.033	0.08	0.063	0.067	0.029	0.106	0.05	0.035	0.071	0.025	0.038	0.023	0.048	0.023	0.062	0.051	0.037	0.057	0.078	0.093	0.093	0.173	0.036	0.054	0.023	0.048	0	0.038	0.081	0.057	0.035	0.071	0.031	0.048	0.067	0.026	0.052	0.051	0.031	0.023	0.037	0.093	0.062	0.037	0.029	0.057	0.093	0.071	0.035	0.028	0.043	0.268	0.039	0.024	0.057	0.066	0.054	0.09	0.073	0.081	0.033	0.026	0.048	0.038	0.063	0.06	0.045	0.093	0.059	0.071	0.018	0.033	0.093	0	0.046	0.093	0.044	0.078	0.082	0.03	0.048	0.066	0.025	0.015	0.065	0.071	0.05	0.042	0.072	0.032	0.024	0.102	0.057	0.103	0.173	0.052	0.676	0.031	0.033	1	0.043	0.04	0.033	0.035	0.05	0.033	0.052	0.037	0.042	0.062	0.024	0.062	0	0.052	0.033	0.043	0.098	0.038	0.025	0.102
GO:0006888	0.052	0.086	0.112	0.235	0.09	0.078	0.093	0.067	0.091	0.164	0.036	0.098	0.224	0.057	0.065	0.04	0.057	0.048	0.164	0.045	0.1	0.076	0.081	0.057	0.059	0.075	0.051	0.05	0.071	0.065	0.139	0.094	0.096	0.193	0.047	0.128	0.331	0.113	0.112	0.047	0.09	0.08	0.116	0.116	0.074	0.058	0.093	0.065	0.057	0.38	0.143	0.227	0.227	0.048	0.1	0.141	0.369	0.164	0.08	0.071	0.126	0.069	0.081	0.08	0.71	0.164	0.065	0.069	0.121	0.085	0.071	0.061	0.539	0.056	0.116	0.053	0.151	0.124	0.09	0.139	0.04	0.227	0.093	0.071	0.036	0.131	0.267	0.235	0	0.092	0.081	0.139	0.238	0.071	0.061	0.116	0.067	0.064	0.113	0.051	0.384	0.057	0.09	0.093	0.062	0.083	0.291	0.139	0.093	0.173	0.085	0.068	0.631	0.06	0.095	0.059	0.139	0.066	0.054	0.116	0.073	0.081	0.112	0.3	0.285	0.091	0.063	0.146	0.046	0.227	0.143	0.071	0.044	0.072	0.093	0	0.113	0.227	0.107	0.479	0.089	0.072	0.118	0.066	0.057	0.034	0.141	0.071	0.172	0.102	0.072	0.077	0.054	0.112	0.139	0.126	0.071	0.052	0.097	0.441	0.033	0.043	1	0.096	0.079	0.077	0.094	0.033	0.052	0.231	0.102	0.062	0.059	0.062	0	0.052	0.071	0.104	0.045	0.224	0.062	0.112
GO:0048699	0.484	0.087	0.105	0.15	0.081	0.451	0.096	0.058	0.083	0.161	0.032	0.088	0.082	0.055	0.056	0.036	0.055	0.045	0.161	0.042	0.09	0.076	0.289	0.055	0.058	0.066	0.043	0.047	0.071	0.056	0.133	0.086	0.087	0.026	0.044	0.136	0.046	0.104	0.105	0.04	0.08	0.071	0.107	0.107	0.062	0.05	0.085	0.056	0.348	0.055	0.138	0.233	0.233	0.044	0.092	0.137	0.138	0.161	0.071	0.071	0.12	0.061	0.071	0.071	0.15	0.161	0.056	0.397	0.114	0.077	0.303	0.053	0.081	0.048	0.107	0.044	0.501	0.384	0.081	0.133	0.037	0.233	0.096	0.071	0.033	0.125	0.043	0.046	0	0.084	0.199	0.055	0.076	0.303	0.053	0.107	0.256	0.637	0.107	0.343	0.057	0.05	0.083	0.096	0.061	0.225	0.063	0.133	0.096	0.071	0.075	0.059	0.098	0.059	0.085	0.05	0.135	0.065	0.051	0.156	0.072	0.082	0.065	0.051	0.111	0.084	0.053	0.142	0.105	0.233	0.138	0.071	0.036	0.061	0.096	0	0.104	0.233	0.098	0.191	0.08	0.061	0.111	0.065	0.046	0.029	0.136	0.162	0.103	0.093	0.064	0.298	0.048	0.105	0.133	0.121	0.071	0.05	0.091	0.066	0.03	0.04	0.096	1	0.636	0.069	0.086	0.03	0.05	0.032	0.093	0.061	0.05	0.235	0	0.292	0.061	0.096	0.043	0.082	0.053	0.105
GO:0048667	0.344	0.067	0.085	0.121	0.066	0.34	0.072	0.049	0.07	0.125	0.026	0.069	0.065	0.042	0.047	0.029	0.042	0.036	0.125	0.034	0.07	0.061	0.338	0.042	0.046	0.055	0.037	0.038	0.054	0.047	0.102	0.069	0.07	0.021	0.036	0.101	0.04	0.081	0.085	0.035	0.063	0.058	0.083	0.083	0.05	0.044	0.072	0.047	0.357	0.042	0.111	0.176	0.176	0.034	0.074	0.11	0.111	0.125	0.057	0.054	0.094	0.052	0.058	0.06	0.118	0.125	0.048	0.584	0.091	0.063	0.242	0.047	0.064	0.042	0.083	0.038	0.382	0.304	0.066	0.102	0.031	0.176	0.072	0.054	0.028	0.098	0.038	0.038	0	0.071	0.155	0.042	0.061	0.242	0.046	0.083	0.464	0.493	0.088	0.269	0.048	0.044	0.07	0.072	0.048	0.327	0.055	0.102	0.072	0.054	0.06	0.049	0.08	0.047	0.066	0.043	0.108	0.05	0.04	0.122	0.058	0.064	0.056	0.045	0.088	0.07	0.044	0.113	0.088	0.176	0.111	0.054	0.031	0.05	0.072	0	0.081	0.176	0.077	0.15	0.066	0.049	0.089	0.05	0.038	0.026	0.107	0.112	0.082	0.074	0.054	0.307	0.043	0.085	0.102	0.099	0.054	0.041	0.078	0.056	0.026	0.033	0.079	0.636	1	0.059	0.071	0.026	0.041	0.025	0.074	0.048	0.043	0.293	0	0.214	0.051	0.076	0.036	0.065	0.045	0.085
GO:0006753	0.041	0.066	0.082	0.115	0.212	0.061	0.07	0.397	0.069	0.117	0.029	0.163	0.064	0.044	0.048	0.032	0.044	0.038	0.117	0.256	0.068	0.177	0.063	0.044	0.047	0.841	0.619	0.177	0.054	0.244	0.097	0.068	0.069	0.025	0.038	0.095	0.041	0.078	0.082	0.311	0.063	0.255	0.08	0.08	0.461	0.24	0.809	0.35	0.046	0.044	0.105	0.161	0.161	0.164	0.431	0.442	0.105	0.117	0.057	0.054	0.369	0.052	0.058	0.059	0.111	0.285	0.232	0.054	0.087	0.063	0.054	0.367	0.064	0.291	0.08	0.192	0.11	0.094	0.212	0.097	0.109	0.161	0.07	0.054	0.199	0.093	0.108	0.04	0	0.544	0.063	0.044	0.06	0.054	0.304	0.08	0.052	0.049	0.266	0.042	0.049	0.044	0.069	0.171	0.153	0.06	0.055	0.097	0.171	0.054	0.06	0.245	0.078	0.048	0.065	0.384	0.103	0.228	0.26	0.089	0.058	0.063	0.056	0.046	0.085	0.267	0.369	0.107	0.038	0.161	0.105	0.243	0.286	0.447	0.171	0	0.19	0.161	0.075	0.14	0.065	0.228	0.329	0.228	0.348	0.405	0.101	0.054	0.079	0.072	0.433	0.06	0.368	0.082	0.097	0.231	0.054	0.104	0.077	0.056	0.118	0.035	0.077	0.069	0.059	1	0.401	0.118	0.104	0.028	0.072	0.301	0.335	0.049	0	0.041	0.237	0.317	0.038	0.064	0.212	0.082
GO:0042168	0.061	0.094	0.102	0.141	0.238	0.086	0.102	0.317	0.083	0.149	0.045	0.21	0.081	0.067	0.058	0.048	0.067	0.056	0.149	0.307	0.088	0.216	0.089	0.067	0.067	0.366	0.258	0.216	0.081	0.141	0.125	0.085	0.086	0.042	0.055	0.136	0.048	0.1	0.102	0.248	0.079	0.174	0.103	0.103	0.374	0.227	0.489	0.278	0.065	0.067	0.131	0.208	0.208	0.204	0.285	0.404	0.131	0.149	0.071	0.081	0.353	0.062	0.072	0.072	0.14	0.362	0.255	0.063	0.109	0.077	0.081	0.405	0.081	0.228	0.103	0.111	0.138	0.115	0.238	0.125	0.129	0.208	0.102	0.081	0.189	0.118	0.117	0.055	0	0.442	0.089	0.067	0.076	0.081	0.649	0.103	0.076	0.058	0.301	0.058	0.059	0.052	0.082	0.248	0.187	0.074	0.064	0.125	0.248	0.081	0.075	0.273	0.096	0.068	0.084	0.296	0.128	0.181	0.232	0.107	0.08	0.089	0.066	0.053	0.106	0.247	0.295	0.134	0.052	0.208	0.131	0.196	0.219	0.364	0.456	0	0.244	0.208	0.096	0.175	0.08	0.259	0.315	0.181	0.277	0.2	0.128	0.081	0.1	0.091	0.346	0.07	0.282	0.102	0.125	0.281	0.081	0.145	0.09	0.068	0.136	0.05	0.094	0.086	0.071	0.401	1	0.136	0.145	0.047	0.091	0.247	0.53	0.071	0	0.061	0.144	0.286	0.052	0.081	0.232	0.102
GO:0010558	0.039	0.063	0.096	0.055	0.371	0.058	0.067	0.131	0.092	0.049	0.027	0.072	0.028	0.042	0.026	0.031	0.042	0.036	0.049	0.204	0.03	0.234	0.06	0.042	0.045	0.127	0.179	0.328	0.11	0.121	0.042	0.09	0.03	0.023	0.111	0.09	0.02	0.034	0.096	0.221	0.075	0.068	0.035	0.035	0.152	0.271	0.134	0.124	0.044	0.042	0.045	0.067	0.067	0.227	0.302	0.187	0.045	0.049	0.026	0.11	0.094	0.023	0.026	0.079	0.047	0.12	0.139	0.024	0.038	0.028	0.052	0.18	0.028	0.102	0.035	0.104	0.047	0.126	0.17	0.042	0.143	0.067	0.067	0.052	0.237	0.04	0.125	0.159	0	0.179	0.192	0.042	0.027	0.052	0.166	0.035	0.049	0.065	0.215	0.126	0.025	0.06	0.092	0.162	0.2	0.029	0.024	0.042	0.162	0.052	0.027	0.19	0.034	0.142	0.029	0.117	0.137	0.217	0.166	0.06	0.229	0.192	0.073	0.022	0.037	0.239	0.122	0.142	0.151	0.067	0.045	0.125	0.208	0.163	0.162	0	0.083	0.067	0.033	0.058	0.077	0.134	0.142	0.118	0.122	0.116	0.048	0.052	0.038	0.032	0.143	0.026	0.234	0.096	0.042	0.098	0.052	0.394	0.089	0.025	0.631	0.033	0.033	0.03	0.026	0.118	0.136	1	0.655	0.027	0.032	0.18	0.168	0.047	0	0.039	0.139	0.133	0.08	0.028	0.123	0.096
GO:0009890	0.064	0.099	0.153	0.083	0.209	0.09	0.108	0.087	0.137	0.081	0.047	0.128	0.049	0.071	0.04	0.051	0.071	0.059	0.081	0.133	0.054	0.165	0.094	0.071	0.071	0.114	0.14	0.276	0.176	0.194	0.071	0.145	0.05	0.044	0.174	0.145	0.03	0.059	0.153	0.112	0.13	0.109	0.061	0.061	0.103	0.134	0.134	0.08	0.068	0.071	0.07	0.108	0.108	0.147	0.247	0.168	0.07	0.081	0.043	0.176	0.156	0.036	0.044	0.122	0.075	0.196	0.088	0.035	0.061	0.044	0.085	0.141	0.049	0.067	0.061	0.163	0.074	0.187	0.114	0.071	0.1	0.108	0.108	0.085	0.229	0.067	0.069	0.238	0	0.112	0.294	0.071	0.046	0.085	0.15	0.061	0.081	0.097	0.15	0.187	0.039	0.087	0.136	0.263	0.145	0.046	0.035	0.071	0.263	0.085	0.046	0.163	0.053	0.22	0.051	0.076	0.209	0.351	0.162	0.091	0.347	0.294	0.108	0.032	0.059	0.206	0.084	0.22	0.223	0.108	0.07	0.207	0.111	0.104	0.263	0	0.143	0.108	0.056	0.09	0.125	0.099	0.145	0.191	0.082	0.086	0.077	0.085	0.062	0.053	0.091	0.039	0.166	0.153	0.071	0.15	0.085	0.602	0.128	0.039	0.394	0.052	0.052	0.05	0.041	0.104	0.145	0.655	1	0.049	0.053	0.181	0.141	0.074	0	0.065	0.224	0.133	0.122	0.049	0.081	0.153
GO:0015711	0.048	0.095	0.041	0.153	0.029	0.083	0.107	0.019	0.031	0.069	0.027	0.031	0.07	0.055	0.024	0.032	0.055	0.042	0.069	0.039	0.032	0.081	0.088	0.055	0.058	0.032	0.018	0.045	0.075	0.018	0.055	0.031	0.032	0.734	0.042	0.162	0.256	0.04	0.041	0.012	0.028	0.028	0.041	0.041	0.021	0.017	0.042	0.018	0.055	0.403	0.057	0.107	0.107	0.041	0.039	0.056	0.272	0.069	0.024	0.075	0.048	0.021	0.024	0.025	0.3	0.069	0.021	0.022	0.045	0.027	0.075	0.018	0.186	0.015	0.041	0.015	0.062	0.048	0.029	0.055	0.034	0.107	0.107	0.075	0.03	0.05	0.205	0.212	0	0.032	0.088	0.132	0.219	0.075	0.025	0.041	0.069	0.019	0.049	0.048	0.336	0.017	0.031	0.107	0.062	0.029	0.101	0.055	0.107	0.182	0.026	0.019	0.194	0.059	0.03	0.016	0.055	0.067	0.05	0.044	0.076	0.088	0.056	0.221	0.105	0.031	0.016	0.059	0.041	0.107	0.057	0.075	0.01	0.024	0.107	0	0.04	0.107	0.037	0.383	0.029	0.019	0.043	0.067	0.015	0.01	0.065	0.075	0.096	0.034	0.022	0.025	0.019	0.041	0.055	0.048	0.075	0.049	0.035	0.34	0.027	0.037	0.231	0.032	0.025	0.028	0.047	0.027	0.049	1	0.034	0.062	0.016	0.062	0	0.048	0.026	0.036	0.041	0.07	0.017	0.041
GO:0034329	0.053	0.094	0.111	0.16	0.085	0.084	0.104	0.06	0.087	0.173	0.034	0.094	0.087	0.059	0.299	0.038	0.059	0.048	0.173	0.044	0.293	0.081	0.088	0.059	0.061	0.069	0.044	0.05	0.077	0.059	0.144	0.091	0.092	0.028	0.047	0.149	0.138	0.112	0.111	0.041	0.085	0.074	0.351	0.351	0.066	0.052	0.089	0.177	0.059	0.059	0.315	0.253	0.253	0.048	0.097	0.145	0.147	0.173	0.417	0.077	0.128	0.378	0.449	0.075	0.16	0.173	0.059	0.131	0.274	0.43	0.077	0.055	0.087	0.271	0.351	0.046	0.158	0.126	0.085	0.437	0.039	0.253	0.104	0.077	0.035	0.134	0.045	0.048	0	0.088	0.088	0.059	0.08	0.077	0.055	0.115	0.071	0.058	0.112	0.052	0.06	0.252	0.195	0.104	0.065	0.224	0.158	0.683	0.104	0.077	0.805	0.062	0.103	0.062	0.275	0.052	0.143	0.069	0.055	0.116	0.077	0.088	0.067	0.137	0.117	0.088	0.055	0.151	0.045	0.253	0.315	0.077	0.212	0.065	0.104	0	0.112	0.253	0.319	0.203	0.084	0.064	0.118	0.069	0.048	0.029	0.146	0.077	0.11	0.3	0.067	0.072	0.049	0.111	0.437	0.127	0.077	0.053	0.095	0.069	0.032	0.042	0.102	0.093	0.074	0.072	0.091	0.032	0.053	0.034	1	0.065	0.052	0.065	0	0.053	0.064	0.102	0.045	0.087	0.055	0.111
GO:0006066	0.08	0.126	0.068	0.1	0.215	0.112	0.141	0.16	0.053	0.102	0.057	0.161	0.061	0.09	0.047	0.061	0.09	0.071	0.102	0.254	0.068	0.312	0.117	0.09	0.086	0.312	0.203	0.312	0.11	0.098	0.09	0.059	0.061	0.055	0.071	0.192	0.034	0.074	0.068	0.159	0.059	0.13	0.077	0.077	0.205	0.135	0.365	0.15	0.083	0.09	0.085	0.141	0.141	0.311	0.274	0.522	0.085	0.102	0.052	0.11	0.193	0.041	0.052	0.049	0.094	0.247	0.161	0.039	0.075	0.053	0.11	0.144	0.061	0.121	0.077	0.079	0.092	0.072	0.215	0.09	0.182	0.141	0.141	0.11	0.188	0.083	0.128	0.068	0	0.208	0.117	0.09	0.056	0.11	0.155	0.077	0.102	0.037	0.268	0.072	0.045	0.033	0.053	0.342	0.277	0.055	0.039	0.09	0.342	0.11	0.055	0.17	0.063	0.088	0.063	0.137	0.083	0.441	0.343	0.067	0.102	0.117	0.046	0.035	0.073	0.207	0.155	0.088	0.063	0.141	0.085	0.49	0.11	0.205	0.342	0	0.18	0.141	0.069	0.112	0.055	0.191	0.281	0.441	0.157	0.116	0.097	0.11	0.076	0.065	0.167	0.044	0.127	0.068	0.09	0.178	0.11	0.181	0.054	0.045	0.18	0.062	0.062	0.061	0.048	0.301	0.247	0.18	0.181	0.062	0.065	1	0.144	0.092	0	0.08	0.108	0.411	0.062	0.061	0.147	0.068
GO:0006779	0.028	0.05	0.062	0.092	0.293	0.047	0.054	0.254	0.053	0.092	0.017	0.112	0.044	0.03	0.033	0.021	0.03	0.026	0.092	0.201	0.047	0.122	0.048	0.03	0.034	0.291	0.459	0.257	0.039	0.082	0.073	0.049	0.05	0.013	0.026	0.075	0.03	0.056	0.062	0.361	0.043	0.101	0.057	0.057	0.285	0.382	0.41	0.221	0.034	0.03	0.083	0.13	0.13	0.106	0.307	0.269	0.083	0.092	0.04	0.039	0.304	0.039	0.04	0.044	0.088	0.223	0.178	0.042	0.066	0.046	0.039	0.768	0.044	0.183	0.057	0.064	0.087	0.075	0.148	0.073	0.067	0.13	0.054	0.039	0.263	0.07	0.075	0.03	0	0.364	0.048	0.03	0.042	0.039	0.847	0.057	0.038	0.036	0.199	0.031	0.034	0.033	0.053	0.13	0.099	0.042	0.043	0.073	0.13	0.039	0.042	0.462	0.059	0.035	0.045	0.247	0.082	0.166	0.129	0.071	0.045	0.048	0.042	0.035	0.065	0.325	0.231	0.085	0.028	0.13	0.083	0.096	0.382	0.281	0.13	0	0.137	0.13	0.054	0.115	0.047	0.158	0.2	0.09	0.213	0.395	0.078	0.039	0.058	0.052	0.285	0.046	0.249	0.062	0.073	0.184	0.039	0.141	0.062	0.041	0.168	0.024	0.059	0.05	0.043	0.335	0.53	0.168	0.141	0.016	0.052	0.144	1	0.036	0	0.028	0.08	0.174	0.028	0.044	0.159	0.062
GO:0048729	0.327	0.126	0.068	0.1	0.056	0.355	0.141	0.042	0.053	0.102	0.057	0.066	0.061	0.09	0.047	0.061	0.09	0.071	0.102	0.066	0.068	0.108	0.62	0.09	0.086	0.055	0.035	0.076	0.11	0.04	0.09	0.059	0.061	0.055	0.071	0.192	0.034	0.074	0.068	0.028	0.059	0.053	0.077	0.077	0.051	0.033	0.064	0.04	0.489	0.09	0.085	0.141	0.141	0.077	0.067	0.084	0.085	0.102	0.052	0.11	0.08	0.041	0.052	0.049	0.094	0.102	0.042	0.18	0.075	0.053	0.728	0.036	0.061	0.034	0.077	0.034	0.224	0.176	0.056	0.09	0.057	0.141	0.141	0.11	0.051	0.083	0.032	0.068	0	0.054	0.285	0.09	0.056	0.457	0.043	0.077	0.6	0.152	0.074	0.279	0.045	0.033	0.053	0.141	0.092	0.327	0.039	0.09	0.141	0.11	0.055	0.042	0.063	0.088	0.063	0.036	0.083	0.099	0.083	0.067	0.102	0.117	0.046	0.035	0.073	0.054	0.04	0.088	0.153	0.141	0.085	0.11	0.028	0.051	0.141	0	0.074	0.141	0.069	0.112	0.055	0.049	0.073	0.099	0.04	0.02	0.097	0.11	0.076	0.065	0.043	0.169	0.033	0.068	0.09	0.073	0.11	0.074	0.054	0.045	0.047	0.062	0.062	0.235	0.293	0.049	0.071	0.047	0.074	0.062	0.065	0.092	0.036	1	0	0.272	0.049	0.067	0.062	0.061	0.038	0.068
GO:0180046	0	0	0	0	0	0	0	0	0	0	0	0	0	0	0	0	0	0	0	0	0	0	0	0	0	0	0	0	0	0	0	0	0	0	0	0	0	0	0	0	0	0	0	0	0	0	0	0	0	0	0	0	0	0	0	0	0	0	0	0	0	0	0	0	0	0	0	0	0	0	0	0	0	0	0	0	0	0	0	0	0	0	0	0	0	0	0	0	0	0	0	0	0	0	0	0	0	0	0	0	0	0	0	0	0	0	0	0	0	0	0	0	0	0	0	0	0	0	0	0	0	0	0	0	0	0	0	0	0	0	0	0	0	0	0	0	0	0	0	0	0	0	0	0	0	0	0	0	0	0	0	0	0	0	0	0	0	0	0	0	0	0	0	0	0	0	0	0	0	0	0	0	0	0	1	0	0	0	0	0	0	0
GO:0009952	0.454	0.114	0.058	0.09	0.046	0.765	0.128	0.033	0.045	0.089	0.046	0.053	0.049	0.076	0.038	0.05	0.076	0.06	0.089	0.055	0.054	0.098	0.337	0.076	0.075	0.046	0.029	0.064	0.096	0.032	0.076	0.049	0.05	0.041	0.06	0.18	0.027	0.061	0.058	0.022	0.047	0.043	0.063	0.063	0.04	0.027	0.056	0.032	0.432	0.076	0.074	0.128	0.128	0.063	0.056	0.073	0.074	0.089	0.041	0.096	0.067	0.033	0.042	0.04	0.082	0.089	0.034	0.13	0.064	0.043	0.36	0.029	0.048	0.027	0.063	0.027	0.171	0.134	0.046	0.076	0.048	0.128	0.128	0.096	0.043	0.071	0.026	0.059	0	0.045	0.231	0.076	0.045	0.36	0.036	0.063	0.301	0.198	0.064	0.415	0.037	0.027	0.044	0.128	0.08	0.144	0.033	0.076	0.128	0.096	0.044	0.034	0.053	0.077	0.051	0.028	0.072	0.086	0.071	0.126	0.092	0.106	0.038	0.03	0.061	0.045	0.031	0.077	0.116	0.128	0.074	0.096	0.021	0.041	0.128	0	0.061	0.128	0.057	0.101	0.045	0.038	0.061	0.086	0.03	0.016	0.085	0.234	0.064	0.053	0.035	0.165	0.027	0.058	0.076	0.064	0.096	0.065	0.047	0.037	0.039	0.052	0.052	0.292	0.214	0.041	0.061	0.039	0.065	0.048	0.053	0.08	0.028	0.272	0	1	0.04	0.055	0.054	0.049	0.03	0.058
GO:0043549	0.04	0.069	0.188	0.113	0.129	0.063	0.074	0.09	0.167	0.116	0.026	0.128	0.055	0.043	0.039	0.03	0.043	0.037	0.116	0.074	0.059	0.096	0.066	0.043	0.047	0.192	0.125	0.082	0.249	0.602	0.092	0.171	0.061	0.021	0.121	0.104	0.034	0.071	0.188	0.065	0.137	0.257	0.072	0.072	0.087	0.086	0.146	0.073	0.046	0.043	0.102	0.167	0.167	0.072	0.211	0.234	0.102	0.116	0.048	0.411	0.194	0.045	0.049	0.139	0.109	0.268	0.091	0.048	0.082	0.055	0.056	0.09	0.054	0.061	0.072	0.711	0.108	0.256	0.129	0.092	0.049	0.167	0.074	0.056	0.089	0.088	0.051	0.111	0	0.145	0.22	0.043	0.051	0.056	0.088	0.072	0.053	0.119	0.183	0.137	0.04	0.107	0.177	0.167	0.076	0.051	0.049	0.092	0.167	0.056	0.051	0.092	0.072	0.159	0.056	0.08	0.284	0.113	0.088	0.116	0.167	0.22	0.123	0.04	0.079	0.144	0.078	0.297	0.105	0.167	0.102	0.122	0.053	0.089	0.167	0	0.159	0.167	0.067	0.142	0.143	0.083	0.182	0.113	0.062	0.081	0.097	0.056	0.072	0.064	0.106	0.054	0.194	0.188	0.092	0.211	0.056	0.224	0.174	0.049	0.139	0.033	0.071	0.061	0.051	0.237	0.144	0.139	0.224	0.026	0.064	0.108	0.08	0.049	0	0.04	1	0.149	0.083	0.055	0.084	0.188
GO:0019752	0.055	0.097	0.114	0.165	0.276	0.087	0.109	0.196	0.089	0.18	0.035	0.238	0.09	0.061	0.06	0.04	0.061	0.049	0.18	0.186	0.1	0.233	0.091	0.061	0.063	0.303	0.191	0.233	0.08	0.145	0.149	0.093	0.095	0.029	0.049	0.156	0.048	0.116	0.114	0.323	0.088	0.186	0.12	0.12	0.226	0.173	0.382	0.17	0.061	0.061	0.152	0.264	0.264	0.221	0.336	0.795	0.152	0.18	0.077	0.08	0.322	0.065	0.078	0.077	0.166	0.437	0.193	0.065	0.126	0.083	0.08	0.184	0.09	0.137	0.12	0.11	0.164	0.129	0.276	0.149	0.124	0.264	0.109	0.08	0.136	0.139	0.117	0.05	0	0.282	0.091	0.061	0.083	0.08	0.175	0.12	0.074	0.059	0.353	0.053	0.061	0.052	0.089	0.264	0.197	0.079	0.066	0.149	0.264	0.08	0.082	0.206	0.106	0.064	0.094	0.168	0.147	0.322	0.256	0.119	0.079	0.091	0.069	0.054	0.121	0.28	0.181	0.156	0.046	0.264	0.152	0.357	0.123	0.225	0.264	0	0.281	0.264	0.109	0.211	0.087	0.213	0.379	0.322	0.166	0.118	0.151	0.08	0.114	0.102	0.215	0.074	0.159	0.114	0.149	0.317	0.08	0.133	0.097	0.071	0.133	0.043	0.104	0.096	0.076	0.317	0.286	0.133	0.133	0.036	0.102	0.411	0.174	0.067	0	0.055	0.149	1	0.046	0.09	0.179	0.114
GO:0006956	0.054	0.447	0.154	0.07	0.04	0.076	0.393	0.066	0.197	0.067	0.285	0.044	0.041	0.126	0.086	0.104	0.126	0.108	0.067	0.047	0.045	0.18	0.078	0.126	0.132	0.041	0.028	0.052	0.132	0.09	0.058	0.099	0.091	0.036	0.242	0.116	0.027	0.049	0.154	0.023	0.124	0.039	0.05	0.05	0.036	0.027	0.048	0.031	0.058	0.058	0.059	0.088	0.088	0.05	0.047	0.059	0.059	0.067	0.037	0.132	0.054	0.032	0.037	0.169	0.063	0.067	0.032	0.063	0.052	0.038	0.07	0.028	0.041	0.027	0.05	0.079	0.062	0.138	0.04	0.058	0.248	0.088	0.213	0.155	0.058	0.055	0.026	0.113	0	0.041	0.216	0.058	0.039	0.07	0.034	0.05	0.067	0.07	0.053	0.138	0.035	0.063	0.099	0.088	0.151	0.04	0.032	0.058	0.088	0.07	0.039	0.032	0.046	0.315	0.042	0.028	0.152	0.065	0.055	0.107	0.167	0.216	0.114	0.029	0.05	0.04	0.063	0.159	0.107	0.088	0.059	0.07	0.022	0.037	0.088	0	0.049	0.088	0.047	0.076	0.124	0.034	0.05	0.065	0.029	0.018	0.064	0.07	0.052	0.045	0.071	0.035	0.087	0.154	0.058	0.098	0.155	0.179	0.138	0.034	0.116	0.098	0.045	0.043	0.036	0.038	0.052	0.08	0.122	0.041	0.045	0.062	0.028	0.062	0	0.054	0.083	0.046	1	0.041	0.029	0.154
GO:0070972	0.048	0.091	0.101	0.23	0.075	0.081	0.101	0.051	0.079	0.164	0.029	0.081	0.738	0.054	0.049	0.034	0.054	0.043	0.164	0.04	0.083	0.078	0.085	0.054	0.057	0.06	0.037	0.046	0.073	0.05	0.132	0.08	0.081	0.054	0.043	0.148	0.324	0.099	0.101	0.034	0.073	0.064	0.103	0.103	0.054	0.045	0.081	0.049	0.055	0.132	0.138	0.246	0.246	0.042	0.087	0.136	0.188	0.164	0.064	0.073	0.117	0.055	0.064	0.066	0.206	0.164	0.05	0.057	0.111	0.071	0.073	0.048	0.181	0.042	0.103	0.038	0.149	0.117	0.075	0.132	0.035	0.246	0.101	0.073	0.031	0.123	0.218	0.085	0	0.08	0.085	0.401	0.099	0.073	0.048	0.103	0.067	0.05	0.103	0.048	0.165	0.044	0.078	0.101	0.061	0.067	0.385	0.132	0.101	0.325	0.068	0.052	0.2	0.058	0.078	0.044	0.134	0.065	0.051	0.108	0.074	0.085	0.091	0.266	0.478	0.079	0.046	0.142	0.042	0.246	0.138	0.073	0.029	0.053	0.101	0	0.099	0.246	0.093	0.264	0.074	0.052	0.107	0.065	0.038	0.025	0.135	0.073	0.152	0.087	0.058	0.065	0.043	0.101	0.132	0.119	0.073	0.049	0.088	0.395	0.028	0.038	0.224	0.082	0.065	0.064	0.081	0.028	0.049	0.07	0.087	0.061	0.044	0.061	0	0.049	0.055	0.09	0.041	1	0.047	0.101
GO:0019941	0.03	0.054	0.066	0.098	0.254	0.05	0.057	0.227	0.056	0.098	0.019	0.119	0.047	0.032	0.034	0.022	0.032	0.028	0.098	0.379	0.05	0.183	0.052	0.032	0.037	0.19	0.131	0.124	0.042	0.086	0.078	0.052	0.053	0.014	0.028	0.081	0.031	0.06	0.066	0.277	0.046	0.106	0.061	0.061	0.201	0.361	0.252	0.161	0.036	0.032	0.088	0.139	0.139	0.171	0.187	0.28	0.088	0.098	0.042	0.042	0.231	0.04	0.042	0.046	0.093	0.238	0.9	0.044	0.07	0.048	0.042	0.18	0.047	0.13	0.061	0.067	0.092	0.079	0.668	0.078	0.098	0.139	0.057	0.042	0.109	0.075	0.109	0.031	0	0.348	0.052	0.032	0.044	0.042	0.15	0.061	0.04	0.038	0.332	0.033	0.036	0.034	0.055	0.139	0.147	0.045	0.045	0.078	0.139	0.042	0.044	0.179	0.063	0.037	0.048	0.399	0.086	0.096	0.194	0.075	0.047	0.052	0.044	0.036	0.068	0.206	0.201	0.09	0.03	0.139	0.088	0.102	0.149	0.209	0.139	0	0.146	0.139	0.058	0.122	0.05	0.33	0.252	0.177	0.148	0.11	0.083	0.042	0.062	0.055	0.262	0.048	0.187	0.066	0.078	0.194	0.042	0.081	0.064	0.043	0.123	0.025	0.062	0.053	0.045	0.212	0.232	0.123	0.081	0.017	0.055	0.147	0.159	0.038	0	0.03	0.084	0.179	0.029	0.047	1	0.066
GO:0035329	0.057	0.217	0.645	0.167	0.097	0.086	0.105	0.153	0.653	0.181	0.084	0.108	0.101	0.141	0.07	0.043	0.141	0.115	0.181	0.048	0.111	0.083	0.089	0.141	0.146	0.08	0.054	0.055	0.169	0.159	0.154	0.258	0.227	0.035	0.22	0.145	0.056	0.124	0.645	0.049	0.639	0.086	0.128	0.128	0.08	0.06	0.099	0.069	0.062	0.063	0.156	0.254	0.254	0.053	0.108	0.154	0.156	0.181	0.087	0.169	0.139	0.073	0.088	0.575	0.169	0.181	0.069	0.102	0.132	0.092	0.08	0.064	0.1	0.059	0.128	0.132	0.166	0.351	0.097	0.154	0.075	0.254	0.105	0.179	0.065	0.145	0.053	0.14	0	0.098	0.285	0.063	0.093	0.08	0.065	0.128	0.075	0.169	0.122	0.173	0.071	0.15	0.247	0.105	0.068	0.089	0.073	0.154	0.105	0.08	0.093	0.073	0.114	0.288	0.104	0.062	0.396	0.073	0.06	0.19	0.214	0.285	0.178	0.061	0.128	0.098	0.142	0.418	0.132	0.254	0.156	0.08	0.047	0.078	0.105	0	0.124	0.254	0.118	0.208	0.509	0.079	0.128	0.073	0.061	0.035	0.36	0.08	0.122	0.111	0.168	0.081	0.131	0.645	0.154	0.248	0.179	0.153	0.546	0.08	0.096	0.102	0.112	0.105	0.085	0.082	0.102	0.096	0.153	0.041	0.111	0.068	0.062	0.068	0	0.058	0.188	0.114	0.154	0.101	0.066	1
